shell,n_in_shell,r_mpc,phi_tick,theta_tick,omega,trichter_depth,x,y,z,alpha,delta_phi_tick
0,13,0.0,11566.0,37034.24174548665,2.5,0.0,0.0,0.0,-0.0,1.5,0.0
0,13,0.0,100304.0,26375.440849343842,2.5,0.0,0.0,-0.0,0.0,1.5,0.0
0,13,0.0,84832.0,31596.25219390819,2.5,0.0,-0.0,-0.0,0.0,1.5,0.0
0,13,0.0,56878.0,30306.927992567817,2.5,0.0,-0.0,0.0,0.0,1.5,0.0
0,13,0.0,56118.0,39313.59281934735,2.5,0.0,-0.0,0.0,-0.0,1.5,0.0
0,13,0.0,111274.0,34730.61494530676,2.5,0.0,0.0,-0.0,-0.0,1.5,0.0
0,13,0.0,11138.0,37628.73813498745,2.5,0.0,0.0,0.0,-0.0,1.5,0.0
0,13,0.0,90378.0,31483.310021002762,2.5,0.0,-0.0,-0.0,0.0,1.5,0.0
0,13,0.0,26110.0,27981.267292913384,2.5,0.0,0.0,0.0,0.0,1.5,0.0
0,13,0.0,12205.0,33284.27354965652,2.5,0.0,0.0,0.0,-0.0,1.5,0.0
0,13,0.0,68231.0,25333.83954888764,2.5,0.0,-0.0,-0.0,0.0,1.5,0.0
0,13,0.0,126440.0,37707.62498627983,2.5,0.0,0.0,-0.0,-0.0,1.5,0.0
0,13,0.0,95353.0,34532.96326577745,2.5,0.0,-0.0,-0.0,-0.0,1.5,0.0
1,13,500.0,98643.0,31860.880260377955,1.25,0.0009372070922755715,34.9388436607979,-498.60658536422176,13.06285702355937,1.5,0.0
1,13,500.0,21413.0,25009.621005753106,1.25,0.0009372070922755715,237.7906924874448,403.37539104888407,175.28181423791497,1.5,0.0
1,13,500.0,98248.0,26799.489771494274,1.25,0.0009372070922755715,24.463005099703288,-481.0605246208505,134.054234356258,1.5,0.0
1,13,500.0,90787.0,35365.393042527765,1.25,0.0009372070922755715,-151.38499248403494,-471.11664985563095,-71.61229094670195,1.5,0.0
1,13,500.0,45946.0,36365.146925706635,1.25,0.0009372070922755715,-299.6414882168135,388.7024273559504,-95.49563243928301,1.5,0.0
1,13,500.0,8802.0,39973.657665434206,1.25,0.0009372070922755715,424.8216810985131,193.15485008254524,-179.43413927299912,1.5,0.0
1,13,500.0,125802.0,29578.37080183806,1.25,0.0009372070922755715,486.9556869272087,-90.6915193931597,68.16272948345241,1.5,0.0
1,13,500.0,57761.0,30301.447237764878,1.25,0.0009372070922755715,-468.7303416787996,166.47219109163544,50.765980749359976,1.5,0.0
1,13,500.0,115748.0,31906.804142668087,1.25,0.0009372070922755715,391.312881745844,-311.0165978036299,11.950344515384703,1.5,0.0
1,13,500.0,87858.0,27369.436017165426,1.25,0.0009372070922755715,-212.31841265428503,-436.283149985138,120.69938895707124,1.5,0.0
1,13,500.0,100878.0,26404.72838643464,1.25,0.0009372070922755715,84.96561877593759,-471.43218096391695,143.2448055458398,1.5,0.0
1,13,500.0,98482.0,32006.419804860125,1.25,0.0009372070922755715,31.05089903488035,-498.94371291061134,9.536944859917163,1.5,0.0
1,13,500.0,25225.0,27975.931454624322,1.25,0.0009372070922755715,166.53503072021948,459.2825110261099,106.38716880288084,1.5,0.0
2,13,1000.0,98122.8600619454,30577.149740288827,0.7766051864751765,0.003745316403809873,44.55204860689224,-995.100705213837,88.14358970284462,1.5,0.0
2,13,1000.0,111770.8600619454,28970.915283669954,0.7766051864751765,0.003745316403809873,640.1616203680584,-750.205845845104,165.26506510947877,1.5,0.0
2,13,1000.0,17226.860061945394,35356.427164394605,0.7766051864751765,0.003745316403809873,664.1617991714195,733.8156766140883,-142.65412588119534,1.5,0.0
2,13,1000.0,81617.8600619454,26563.990234470817,0.7766051864751765,0.003745316403809873,-658.3512570642434,-699.0231677262813,278.811817627746,1.5,0.0
2,13,1000.0,45788.860061945394,27538.512880096754,0.7766051864751765,0.003745316403809873,-587.7659066988999,774.597808385984,233.20936253339792,1.5,0.0
2,13,1000.0,3278.8600619453937,24419.26876996629,0.7766051864751765,0.003745316403809873,914.4007703849977,146.59331994947237,376.84027034088876,1.5,0.0
2,13,1000.0,106580.8600619454,37048.17491553464,0.7766051864751765,0.003745316403809873,428.173136248673,-875.6363520292202,-223.1545001416968,1.5,0.0
2,13,1000.0,115717.8600619454,35070.58387679092,0.7766051864751765,0.003745316403809873,775.3946817897781,-618.1368344915542,-128.94287882069526,1.5,0.0
2,13,1000.0,37563.860061945394,35723.67913374663,0.7766051864751765,0.003745316403809873,-244.53465224910698,956.2749492570642,-160.22978407932212,1.5,0.0
2,13,1000.0,65445.860061945394,36947.81030255588,0.7766051864751765,0.003745316403809873,-975.3133779334194,-30.5491721296512,-218.4153078012748,1.5,0.0
2,13,1000.0,124475.8600619454,31734.43556372111,0.7766051864751765,0.003745316403809873,968.7962343560839,-245.74992919548805,32.21958447440432,1.5,0.0
2,13,1000.0,3223.8600619453937,33513.60737443688,0.7766051864751765,0.003745316403809873,986.3711436138113,155.43475589026087,-53.892246645492634,1.5,0.0
2,13,1000.0,81367.8600619454,26564.71136966805,0.7766051864751765,0.003745316403809873,-666.7818704488055,-690.9996004007459,278.77828993790547,1.5,0.0
3,13,1500.0,119399.80011239834,33267.98629065953,0.5509711162623713,0.008413813963378591,1319.1263549230964,-711.2831056980039,-62.917288113804105,1.5,0.0
3,13,1500.0,46916.80011239834,33359.1560040757,0.5509711162623713,0.008413813963378591,-969.6233765461569,1142.3522665434477,-69.52132409333262,1.5,0.0
3,13,1500.0,29945.80011239834,29223.991588614317,0.5509711162623713,0.008413813963378591,175.94707249232943,1471.7736445295,229.37679773610967,1.5,0.0
3,13,1500.0,72075.80011239834,24799.248920000617,0.5509711162623713,0.008413813963378591,-1313.1497677431153,-483.41973721708297,538.7263950854457,1.5,0.0
3,13,1500.0,101727.80011239834,31374.82170556427,0.5509711162623713,0.008413813963378591,326.22952825343106,-1462.1972199372915,74.30292243940302,1.5,0.0
3,13,1500.0,99915.80011239834,27776.271699676374,0.5509711162623713,0.008413813963378591,192.00129467590241,-1449.8119152807867,332.4561000428027,1.5,0.0
3,13,1500.0,76156.80011239834,30918.164028339106,0.5509711162623713,0.008413813963378591,-1275.0240531190407,-782.7649373005228,107.3524110540538,1.5,0.0
3,13,1500.0,125920.80011239834,38125.12978694429,0.5509711162623713,0.008413813963378591,1419.7009466243687,-255.95615573553366,-409.80746480926973,1.5,0.0
3,13,1500.0,88356.80011239834,28089.819671018522,0.5509711162623713,0.008413813963378591,-610.0097547094678,-1334.5643308134463,310.25265790197864,1.5,0.0
3,13,1500.0,25365.80011239834,25244.50441536287,0.5509711162623713,0.008413813963378591,471.7974840474004,1329.4057417220306,508.48592299242966,1.5,0.0
3,13,1500.0,114245.80011239834,28858.419050756343,0.5509711162623713,0.008413813963378591,1087.026730281115,-1001.3439209210857,255.53269204890572,1.5,0.0
3,13,1500.0,89570.80011239834,29056.218875820276,0.5509711162623713,0.008413813963378591,-535.1374649506795,-1380.2224651349995,241.3900007898011,1.5,0.0
3,13,1500.0,97361.80011239834,35023.0475385757,0.5509711162623713,0.008413813963378591,11.671301634092934,-1487.8416069415578,-189.67944906820787,1.5,0.0
4,13,2000.0,98858.10494242236,25758.775344565394,0.42197100726224424,0.01492524937624784,152.34832669859827,-1891.0974534454383,629.5765427807069,1.5,0.0
4,13,2000.0,25084.10494242236,36002.22147966249,0.42197100726224424,0.01492524937624784,684.0238657168177,1846.9838132249563,-345.6931538823179,1.5,0.0
4,13,2000.0,18343.10494242236,31782.411130072476,0.42197100726224424,0.01492524937624784,1259.3487613712605,1552.5642602630599,59.561386721935975,1.5,0.0
4,13,2000.0,54486.10494242236,26912.60282034435,0.42197100726224424,0.01492524937624784,-1693.389938800221,925.1729366799517,523.0721424445394,1.5,0.0
4,13,2000.0,81988.10494242236,32416.92535667449,0.42197100726224424,0.01492524937624784,-1344.869171483121,-1480.3122029797833,-1.6325557211789465,1.5,0.0
4,13,2000.0,38988.10494242236,26767.45606395333,0.42197100726224424,0.01492524937624784,-604.72521595693,1828.4889258441217,536.5668638058216,1.5,0.0
4,13,2000.0,5923.10494242236,35580.390076259326,0.42197100726224424,0.01492524937624784,1895.3482985290752,559.7394640404724,-305.554302998601,1.5,0.0
4,13,2000.0,5560.10494242236,31527.731664299296,0.42197100726224424,0.01492524937624784,1926.0520322232398,532.1414048010896,84.11063036589915,1.5,0.0
4,13,2000.0,7060.10494242236,30472.543862763017,0.42197100726224424,0.01492524937624784,1875.7617759213006,668.3493880917512,185.64467713931074,1.5,0.0
4,13,2000.0,58390.10494242236,29184.4958441956,0.42197100726224424,0.01492524937624784,-1881.1111490320386,604.1493650627383,308.90064796456176,1.5,0.0
4,13,2000.0,124122.10494242236,34510.57800852599,0.42197100726224424,0.01492524937624784,1919.7887802600144,-522.1842916579307,-203.22331076660896,1.5,0.0
4,13,2000.0,104132.10494242236,30161.364290964924,0.42197100726224424,0.01492524937624784,655.6931542738722,-1877.0014148345726,215.50666985504975,1.5,0.0
4,13,2000.0,125817.10494242236,25719.928692920836,0.42197100726224424,0.01492524937624784,1864.2311903574198,-345.7854801384181,633.1298747065548,1.5,0.0
5,13,2500.0,97785.8023818573,36915.76464424587,0.3394317645564466,0.02325534449188732,69.2971570357725,-2439.3416444330924,-538.5449257693442,1.5,0.0
5,13,2500.0,9641.802381857298,35913.62106437573,0.3394317645564466,0.02325534449188732,2199.500714154817,1110.2183700287314,-420.35678272866994,1.5,0.0
5,13,2500.0,110135.8023818573,31579.656334729378,0.3394317645564466,0.02325534449188732,1465.9292666130063,-2022.6642277864669,98.59317633256323,1.5,0.0
5,13,2500.0,9169.802381857298,28710.313301891576,0.3394317645564466,0.02325534449188732,2220.981074626907,1058.0060975676306,441.2009294015446,1.5,0.0
5,13,2500.0,89903.8023818573,25861.53358688669,0.3394317645564466,0.02325534449188732,-822.8505693851446,-2228.3719120852434,772.9360334659291,1.5,0.0
5,13,2500.0,12709.802381857298,38922.158824010236,0.3394317645564466,0.02325534449188732,1939.069703988395,1373.1922788213762,-771.0730200961374,1.5,0.0
5,13,2500.0,82994.8023818573,31683.5758953045,0.3394317645564466,0.02325534449188732,-1587.8524985701204,-1929.0379714951935,86.10896943914423,1.5,0.0
5,13,2500.0,29402.8023818573,27578.28650968273,0.3394317645564466,0.02325534449188732,352.147913221036,2406.3737955070615,574.386656220814,1.5,0.0
5,13,2500.0,55924.8023818573,29256.49731124057,0.3394317645564466,0.02325534449188732,-2245.7853917962602,1030.7302583074757,376.44097928909054,1.5,0.0
5,13,2500.0,24523.8023818573,33683.35701685872,0.3394317645564466,0.02325534449188732,929.7893538173902,2315.454169803431,-154.18168032938868,1.5,0.0
5,13,2500.0,129298.8023818573,27163.719083615553,0.3394317645564466,0.02325534449188732,2419.6162784870135,-35.33489195549631,622.7498759968619,1.5,0.0
5,13,2500.0,64286.8023818573,38177.151402296484,0.3394317645564466,0.02325534449188732,-2401.8368029761928,59.77128907464915,-685.4663809328293,1.5,0.0
5,13,2500.0,90847.8023818573,36588.0163833304,0.3394317645564466,0.02325534449188732,-742.2291180214443,-2333.4432826536467,-500.0181662215086,1.5,0.0
6,13,3000.0,50643.92507361993,24974.14961656266,0.2824834056760301,0.03337314420999549,-2171.9948476905465,1779.177577884126,1044.5210704417295,1.5,0.0
6,13,3000.0,80023.92507361993,32302.651271761206,0.2824834056760301,0.03337314420999549,-2219.2674017646077,-2018.5766592765367,13.993363367550094,1.5,0.0
6,13,3000.0,72744.92507361993,29643.751639791124,0.2824834056760301,0.03337314420999549,-2755.406741785088,-1117.1316391903079,395.0195162976721,1.5,0.0
6,13,3000.0,42780.92507361993,26641.29185962996,0.2824834056760301,0.03337314420999549,-1390.882296679054,2526.2544496729915,817.0747313532821,1.5,0.0
6,13,3000.0,26784.925073619932,25975.128077105335,0.2824834056760301,0.03337314420999549,767.8140537867235,2750.4771688867877,908.6826570818831,1.5,0.0
6,13,3000.0,68080.92507361993,33819.84206927894,0.2824834056760301,0.03337314420999549,-2955.1129712632305,-474.05614478263624,-203.93438246265657,1.5,0.0
6,13,3000.0,4954.925073619932,27063.606090297555,0.2824834056760301,0.03337314420999549,2816.880864873365,689.9992762580964,758.5524856329205,1.5,0.0
6,13,3000.0,62480.92507361993,39286.94591770411,0.2824834056760301,0.03337314420999549,-2816.429997752945,317.99770709411575,-971.6740604046271,1.5,0.0
6,13,3000.0,128653.92507361993,33713.1904631464,0.2824834056760301,0.03337314420999549,2990.7734252375567,-137.27410337956226,-188.63737175961745,1.5,0.0
6,13,3000.0,71001.92507361993,29919.29083346436,0.2824834056760301,0.03337314420999549,-2844.7096030623165,-882.08492835282,355.7310851886727,1.5,0.0
6,13,3000.0,68266.92507361993,33872.83096199895,0.2824834056760301,0.03337314420999549,-2950.1857036386273,-500.5940106892892,-211.53256296622808,1.5,0.0
6,13,3000.0,127324.92507361993,24669.4227106811,0.2824834056760301,0.03337314420999549,2774.789921114811,-307.3030549862797,1085.400481205872,1.5,0.0
6,13,3000.0,84951.92507361993,39828.65925451141,0.2824834056760301,0.03337314420999549,-1570.8620754285162,-2326.93328558224,-1044.8989379702355,1.5,0.0
7,13,3500.0,43804.19473964162,33561.99444849242,0.24101827383871152,0.04524120811394666,-1835.1079611245707,2973.8094718637367,-193.94803998170855,1.5,0.0
7,13,3500.0,44108.19473964162,31970.52829712265,0.24101827383871152,0.04524120811394666,-1881.3133594142416,2950.4830235802087,71.71570230966556,1.5,0.0
7,13,3500.0,52422.19473964162,28625.005742088677,0.24101827383871152,0.04524120811394666,-2840.250594450878,1943.5074966015475,626.9027899409164,1.5,0.0
7,13,3500.0,50453.19473964162,29671.417756949344,0.24101827383871152,0.04524120811394666,-2663.4728799971545,2223.2390246326067,454.33975555541554,1.5,0.0
7,13,3500.0,91358.19473964162,32734.89292003891,0.24101827383871152,0.04524120811394666,-977.9375896101127,-3360.1204046384755,-55.92396655391198,1.5,0.0
7,13,3500.0,127934.19473964162,31410.365656941758,0.24101827383871152,0.04524120811394666,3484.5777018021404,-282.0297242683224,165.2034852600321,1.5,0.0
7,13,3500.0,637.1947396416217,24650.11569406135,0.24101827383871152,0.04524120811394666,3254.2929758193077,100.56384736775122,1263.9782764090037,1.5,0.0
7,13,3500.0,25665.19473964162,37685.9291719486,0.24101827383871152,0.04524120811394666,1085.9350331926755,3206.8206527230323,-873.1087498866613,1.5,0.0
7,13,3500.0,52986.19473964162,38817.80450380422,0.24101827383871152,0.04524120811394666,-2800.212678067617,1805.7295607800966,-1054.550619586244,1.5,0.0
7,13,3500.0,76893.19473964162,26572.035241777492,0.24101827383871152,0.04524120811394666,-2799.8835372151098,-1859.6893406897611,960.3599119136535,1.5,0.0
7,13,3500.0,53511.19473964162,33275.385525332604,0.24101827383871152,0.04524120811394666,-2986.0791083052873,1819.692498075447,-146.1436884748454,1.5,0.0
7,13,3500.0,47091.19473964162,26058.927006394188,0.24101827383871152,0.04524120811394666,-2180.1414367573216,2524.9274281570356,1042.344625169355,1.5,0.0
7,13,3500.0,111458.19473964162,35190.28950724495,0.24101827383871152,0.04524120811394666,2210.8860205788633,-2671.923198617585,-464.55265813870153,1.5,0.0
8,13,4000.0,34875.33892915072,24906.08341005411,0.20958521983855138,0.058815841271515235,-447.620406246559,3712.0038544721247,1392.238029690597,1.5,0.0
8,13,4000.0,55916.33892915072,33288.61000414203,0.20958521983855138,0.058815841271515235,-3631.3357166560927,1668.4494835795822,-168.7245264245121,1.5,0.0
8,13,4000.0,51074.33892915072,30308.940998571506,0.20958521983855138,0.058815841271515235,-3130.42823796206,2456.9378434635296,396.482021021194,1.5,0.0
8,13,4000.0,104930.33892915072,37742.593838745095,0.20958521983855138,0.058815841271515235,1415.4173473671856,-3598.187676201366,-1003.4287177512109,1.5,0.0
8,13,4000.0,114115.33892915072,37393.67384744169,0.20958521983855138,0.058815841271515235,2839.501282433398,-2649.0776669329107,-939.2273037123172,1.5,0.0
8,13,4000.0,113687.33892915072,29437.65006372799,0.20958521983855138,0.058815841271515235,2838.030270395025,-2760.0408235878804,560.7169882081887,1.5,0.0
8,13,4000.0,11532.33892915072,39736.97020012987,0.20958521983855138,0.058815841271515235,3178.6544285429686,1988.8886805251307,-1364.334475347309,1.5,0.0
8,13,4000.0,119085.33892915072,29012.868977869923,0.20958521983855138,0.058815841271515235,3444.467474663544,-1925.6310260284074,640.4419265428918,1.5,0.0
8,13,4000.0,61029.33892915072,32643.925493553776,0.20958521983855138,0.058815841271515235,-3933.0742286207,727.1104510171248,-46.328521161075784,1.5,0.0
8,13,4000.0,33432.33892915072,28446.634467195167,0.20958521983855138,0.058815841271515235,-196.44887294011653,3921.8369427602393,746.2873593695197,1.5,0.0
8,13,4000.0,99126.33892915072,39463.90583479321,0.20958521983855138,0.058815841271515235,351.3614722735309,-3751.2962079421663,-1315.598946314776,1.5,0.0
8,13,4000.0,8584.33892915072,26966.646644828696,0.20958521983855138,0.058815841271515235,3532.3607256181554,1561.3002900548377,1020.0821877620194,1.5,0.0
8,13,4000.0,16249.33892915072,25027.552034155728,0.20958521983855138,0.058815841271515235,2643.325878985841,2656.001994992005,1370.6490474265654,1.5,0.0
9,13,4500.0,55757.33786216052,32705.505438260472,0.185000150325499,0.07404736221195235,-4073.995921292091,1910.0039815045016,-64.92120911817041,1.5,0.0
9,13,4500.0,64646.33786216052,29418.050639658846,0.185000150325499,0.07404736221195235,-4452.932846835841,33.17385316123574,631.4950280880253,1.5,0.0
9,13,4500.0,82310.33786216052,36806.60140019801,0.185000150325499,0.07404736221195235,-2905.955630543907,-3300.7821637705647,-929.3485782132876,1.5,0.0
9,13,4500.0,21952.337862160522,35018.91246331773,0.185000150325499,0.07404736221195235,2165.53189096514,3903.302711230405,-555.0562687468525,1.5,0.0
9,13,4500.0,24933.337862160522,30353.255207754104,0.185000150325499,0.07404736221195235,1585.7893659064316,4187.664768412578,434.2444611028571,1.5,0.0
9,13,4500.0,45561.33786216052,25830.36002259655,0.185000150325499,0.07404736221195235,-2545.629236343,3432.7878962713903,1372.6418660575875,1.5,0.0
9,13,4500.0,11883.337862160522,36397.99170385422,0.185000150325499,0.07404736221195235,3702.9563325143836,2405.579989242139,-844.3113919196239,1.5,0.0
9,13,4500.0,37706.33786216052,28551.86035795041,0.185000150325499,0.07404736221195235,-1125.0686509411992,4276.393673585294,813.0403525264603,1.5,0.0
9,13,4500.0,122941.33786216052,39476.37303864722,0.185000150325499,0.07404736221195235,4018.86046364128,-1344.4020553591902,-1474.488095089994,1.5,0.0
9,13,4500.0,5917.3378621605225,28203.723315092095,0.185000150325499,0.07404736221195235,4227.080141352951,1247.0680684741158,885.6206159291662,1.5,0.0
9,13,4500.0,11768.337862160522,26288.678505066073,0.185000150325499,0.07404736221195235,3622.211706032529,2324.5105263516903,1279.8111258487866,1.5,0.0
9,13,4500.0,54876.33786216052,37764.02528842348,0.185000150325499,0.07404736221195235,-3855.029909484304,2012.4257188817173,-1127.114754604245,1.5,0.0
9,13,4500.0,12112.337862160522,26783.205929316806,0.185000150325499,0.07404736221195235,3608.1337724816676,2401.3600201455406,1178.9390598750485,1.5,0.0
10,13,5000.0,75291.70479016518,32412.007216477945,0.16528515334298902,0.09088040577978629,-4367.0076553055405,-2435.002190292354,-2.818049473841641,1.5,0.0
10,13,5000.0,1747.7047901651822,26631.139541330263,0.16528515334298902,0.09088040577978629,4788.4753420957395,406.70663969194817,1336.3480552672595,1.5,0.0
10,13,5000.0,26104.704790165182,24525.767860872864,0.16528515334298902,0.09088040577978629,1394.2847019773055,4425.625745984925,1803.4914216221607,1.5,0.0
10,13,5000.0,56194.70479016518,28020.427685981456,0.16528515334298902,0.09088040577978629,-4468.488611123973,1980.4972929194603,1020.1636905771768,1.5,0.0
10,13,5000.0,71816.70479016518,26435.519928141643,0.16528515334298902,0.09088040577978629,-4517.779936521214,-1599.0175777131115,1380.414538414245,1.5,0.0
10,13,5000.0,91857.70479016518,35278.07051252829,0.16528515334298902,0.09088040577978629,-1268.1329353469503,-4786.256831185636,-673.2828764636162,1.5,0.0
10,13,5000.0,113918.70479016518,26273.686574982203,0.16528515334298902,0.09088040577978629,3464.670449530296,-3294.6543671262493,1416.7764465424207,1.5,0.0
10,13,5000.0,3971.704790165182,32502.544892254256,0.16528515334298902,0.09088040577978629,4907.533092746179,956.8181902754261,-24.066810665542,1.5,0.0
10,13,5000.0,14867.704790165182,35547.05145741476,0.16528515334298902,0.09088040577978629,3712.7310968123666,3261.619818826273,-735.7391539171648,1.5,0.0
10,13,5000.0,18731.704790165182,33714.08906937862,0.16528515334298902,0.09088040577978629,3069.8305498462764,3933.80314833708,-308.203292180871,1.5,0.0
10,13,5000.0,107858.70479016518,27536.36555689293,0.16528515334298902,0.09088040577978629,2401.923738761507,-4226.859750967181,1130.9289075535132,1.5,0.0
10,13,5000.0,79265.70479016518,37326.81732415265,0.16528515334298902,0.09088040577978629,-3711.5107750375428,-3134.528586811887,-1145.342038588688,1.5,0.0
10,13,5000.0,20040.704790165182,35889.59549977598,0.16528515334298902,0.09088040577978629,2779.6324078064736,4069.999337921038,-815.0939622586952,1.5,0.0
11,13,5500.0,112729.16903314926,32215.06153469484,0.14915002372898337,0.10925425828237034,3760.417790923315,-4013.3310719441024,47.427054509669055,1.5,0.0
11,13,5500.0,127317.16903314926,35038.400246770034,0.14915002372898337,0.10925425828237034,5421.691160430292,-602.5064394931485,-674.7772757421149,1.5,0.0
11,13,5500.0,82553.16903314926,39781.09676416092,0.14915002372898337,0.10925425828237034,-3358.367769979595,-3906.442499938904,-1852.7503770021729,1.5,0.0
11,13,5500.0,93824.16903314926,28940.42887548929,0.14915002372898337,0.10925425828237034,-883.5682675177546,-5350.352931881426,883.0572109799664,1.5,0.0
11,13,5500.0,3766.1690331492573,39281.89655485484,0.14915002372898337,0.10925425828237034,5110.318897802152,943.5976601608476,-1732.3086535545576,1.5,0.0
11,13,5500.0,43006.16903314926,24702.723760457353,0.14915002372898337,0.10925425828237034,-2518.9384934339328,4459.1827219575225,1928.4779173465358,1.5,0.0
11,13,5500.0,2819.1690331492573,33294.20828569456,0.14915002372898337,0.10925425828237034,5443.58869411394,748.6820784179804,-229.24895572112663,1.5,0.0
11,13,5500.0,60300.16903314926,34570.39680923358,0.14915002372898337,0.10925425828237034,-5339.938764314981,1183.790011628828,-555.5742996489805,1.5,0.0
11,13,5500.0,106993.16903314926,26015.537940762202,0.14915002372898337,0.10925425828237034,2394.8295639830494,-4659.1848119390415,1611.2836165485949,1.5,0.0
11,13,5500.0,126861.16903314926,26573.501472435382,0.14915002372898337,0.10925425828237034,5235.5286911546855,-699.30005226996,1474.4203313517894,1.5,0.0
11,13,5500.0,38307.16903314926,31089.651972924123,0.14915002372898337,0.10925425828237034,-1550.5545423423846,5265.345539737049,335.8143312185439,1.5,0.0
11,13,5500.0,112897.16903314926,39952.95697671954,0.14915002372898337,0.10925425828237034,3541.6588788842255,-3718.686154658234,-1893.967429587292,1.5,0.0
11,13,5500.0,25783.169033149257,33955.88936239684,0.14915002372898337,0.10925425828237034,1729.3241618510756,5204.579106141472,-398.6314002545198,1.5,0.0
12,13,6000.0,60619.92543904064,37208.43683086762,0.13571900240734572,0.12910322209315772,-5718.2371507256275,1174.9627410923563,-1323.4514012719703,1.5,0.0
12,13,6000.0,28420.925439040642,28068.780019856225,0.13571900240734572,0.12910322209315772,1125.0330265231319,5759.352763343493,1194.14980821341,1.5,0.0
12,13,6000.0,3187.9254390406422,32898.46736770467,0.13571900240734572,0.12910322209315772,5926.749731403462,923.372737712217,-138.43289350949212,1.5,0.0
12,13,6000.0,11746.925439040642,34117.45629534018,0.13571900240734572,0.12910322209315772,5035.495307039519,3224.092945679718,-476.4623499506835,1.5,0.0
12,13,6000.0,93098.92543904064,38357.37105117138,0.13571900240734572,0.12910322209315772,-1136.0228366248916,-5638.172439218365,-1631.7161930132445,1.5,0.0
12,13,6000.0,97673.92543904064,34070.335948887354,0.13571900240734572,0.12910322209315772,137.39545309362146,-5978.758877576567,-463.4190612061145,1.5,0.0
12,13,6000.0,119306.92543904064,30983.65942223362,0.13571900240734572,0.12910322209315772,5255.889906525924,-2864.6372476002675,393.07117381964235,1.5,0.0
12,13,6000.0,9206.925439040642,30361.781503196362,0.13571900240734572,0.12910322209315772,5385.733227943676,2577.498261629493,565.1823171407308,1.5,0.0
12,13,6000.0,17269.925439040642,31199.28979925086,0.13571900240734572,0.12910322209315772,4010.1568912179864,4449.358178844539,333.30185561156594,1.5,0.0
12,13,6000.0,39412.92543904064,34861.28261439558,0.13571900240734572,0.12910322209315772,-1986.6728713226369,5616.312243267362,-681.9855842449366,1.5,0.0
12,13,6000.0,123098.92543904064,38353.34823438767,0.13571900240734572,0.12910322209315772,5468.481707187672,-1782.9966096701585,-1630.6451272731745,1.5,0.0
12,13,6000.0,51246.92543904064,31653.129489636056,0.13571900240734572,0.12910322209315772,-4747.591752307917,3662.4026382422912,207.39354905804674,1.5,0.0
12,13,6000.0,74416.92543904064,28315.000919812002,0.13571900240734572,0.12910322209315772,-5254.819753623811,-2644.4714106148463,1127.1820670318439,1.5,0.0
13,13,6500.0,97815.06085984944,26668.00655592171,0.12437770453059732,0.15035700664851914,186.35980400829624,-6247.849212287234,1689.3188084500412,1.5,0.0
13,13,6500.0,25144.060859849444,37659.55988539273,0.12437770453059732,0.15035700664851914,2167.268833317015,5904.647846364265,-1553.2558773171136,1.5,0.0
13,13,6500.0,20993.060859849444,29327.421717570007,0.12437770453059732,0.15035700664851914,3376.3982296861354,5469.8560410185755,913.9149309697943,1.5,0.0
13,13,6500.0,119219.06085984944,26630.725314132513,0.12437770453059732,0.15035700664851914,5472.744692289462,-3013.139074066307,1700.0191739190998,1.5,0.0
13,13,6500.0,87005.06085984944,39219.72165429669,0.12437770453059732,0.15035700664851914,-2916.490688203712,-5412.148345198024,-1999.10330704943,1.5,0.0
13,13,6500.0,99296.06085984944,26981.613908311505,0.12437770453059732,0.15035700664851914,636.7724331007154,-6244.633535869808,1599.0929943245858,1.5,0.0
13,13,6500.0,96149.06085984944,28912.465333874556,0.12437770453059732,0.15035700664851914,-326.31738690715093,-6398.994597608642,1036.2330512318663,1.5,0.0
13,13,6500.0,114626.06085984944,26788.53700211135,0.12437770453059732,0.15035700664851914,4682.335034733444,-4156.335051081767,1654.6868870320568,1.5,0.0
13,13,6500.0,3966.0608598494437,26170.93903137875,0.12437770453059732,0.15035700664851914,6091.478691273812,1185.9211594536403,1831.5183961222242,1.5,0.0
13,13,6500.0,104581.06085984944,24642.597864650328,0.12437770453059732,0.15035700664851914,2117.5407756981267,-5662.73219282598,2261.72477912227,1.5,0.0
13,13,6500.0,128548.06085984944,25197.405628461012,0.12437770453059732,0.15035700664851914,6099.781164553929,-311.35546265299274,2106.8665826465813,1.5,0.0
13,13,6500.0,51936.060859849444,27129.191829160813,0.12437770453059732,0.15035700664851914,-5105.0127834899495,3672.8063566470037,1556.5051856930186,1.5,0.0
13,13,6500.0,67360.06085984944,25164.78730856024,0.12437770453059732,0.15035700664851914,-6057.241870787852,-755.6804148727144,2116.0142939738,1.5,0.0
14,13,7000.0,24781.29966734536,25004.29600460723,0.1146829539395155,0.17294114258477467,2366.4491865364594,6112.75768060749,2307.7558977456724,1.5,0.0
14,13,7000.0,45761.29966734536,27240.27423546369,0.1146829539395155,0.17294114258477467,-4092.4223597736877,5408.2634912063695,1627.9605766236327,1.5,0.0
14,13,7000.0,36022.29966734536,28135.266911891216,0.1146829539395155,0.17294114258477467,-1196.9411459598557,6745.537412733532,1350.0479874492605,1.5,0.0
14,13,7000.0,57369.29966734536,28340.078728481833,0.1146829539395155,0.17294114258477467,-6424.1752684216335,2419.9154507540275,1286.073601773171,1.5,0.0
14,13,7000.0,73230.29966734536,33553.968958232916,0.1146829539395155,0.17294114258477467,-6413.383107632262,-2777.6445600811066,-367.72541756548367,1.5,0.0
14,13,7000.0,20163.29966734536,31043.451296391715,0.1146829539395155,0.17294114258477467,3904.961517242794,5791.341740712755,432.19363574806187,1.5,0.0
14,13,7000.0,76486.29966734536,25097.916742827023,0.1146829539395155,0.17294114258477467,-5539.981864188457,-3524.186718089837,2279.781565523548,1.5,0.0
14,13,7000.0,10360.29966734536,30352.54904304506,0.1146829539395155,0.17294114258477467,6105.203441242268,3353.3965462093024,651.7126884739757,1.5,0.0
14,13,7000.0,96730.29966734536,32784.79776922573,0.1146829539395155,0.17294114258477467,-159.36049209821186,-6996.967401290649,-122.67708695650751,1.5,0.0
14,13,7000.0,34535.29966734536,25947.0848270402,0.1146829539395155,0.17294114258477467,-688.251165832842,6624.573781872148,2023.9721704532967,1.5,0.0
14,13,7000.0,64536.29966734536,37802.02857137467,0.1146829539395155,0.17294114258477467,-6760.750028806015,86.437875701078,-1702.694903947126,1.5,0.0
14,13,7000.0,82549.29966734536,25141.78223673469,0.1146829539395155,0.17294114258477467,-4284.6669256542145,-4982.019794745452,2266.658149039339,1.5,0.0
14,13,7000.0,71876.29966734536,39282.43827809261,0.1146829539395155,0.17294114258477467,-6228.512806476786,-2224.7831324811877,-2153.8207647456675,1.5,0.0
15,13,7500.0,78798.43949603708,34708.22907112788,0.10630738422685423,0.19677741560573525,-5801.576035797626,-4678.699997387412,-779.8616365827355,1.5,0.0
15,13,7500.0,57836.439496037085,36919.74094416569,0.10630738422685423,0.19677741560573525,-6907.421507572589,2424.796127353457,-1518.021754339916,1.5,0.0
15,13,7500.0,110937.43949603708,26479.745776292984,0.10630738422685423,0.19677741560573525,4444.333797651519,-5655.9518586777585,1976.9987083109377,1.5,0.0
15,13,7500.0,76984.43949603708,32984.30218235173,0.10630738422685423,0.19677741560573525,-6226.557119840326,-4175.5071536313135,-197.79936584422052,1.5,0.0
15,13,7500.0,77819.43949603708,32630.410497084715,0.10630738422685423,0.19677741560573525,-6054.5208212630305,-4425.5800627661265,-78.0079205290685,1.5,0.0
15,13,7500.0,72262.43949603708,38192.66873478543,0.10630738422685423,0.19677741560573525,-6739.687512442819,-2550.6145861344235,-1935.5319418528204,1.5,0.0
15,13,7500.0,85475.43949603708,31797.349722614956,0.10630738422685423,0.19677741560573525,-4035.5529800664626,-6317.935416496518,204.0088660623245,1.5,0.0
15,13,7500.0,129180.43949603708,30538.449836825726,0.10630738422685423,0.19677741560573525,7467.931206833687,-151.92515084949864,629.4054366414941,1.5,0.0
15,13,7500.0,95444.43949603708,34660.92499404118,0.10630738422685423,0.19677741560573525,-633.7430483145826,-7428.003170011717,-763.9441460540685,1.5,0.0
15,13,7500.0,10054.439496037085,28616.705743513707,0.10630738422685423,0.19677741560573525,6515.311441382379,3453.9029388051317,1273.7310085721533,1.5,0.0
15,13,7500.0,72434.43949603708,26564.2482574541,0.10630738422685423,0.19677741560573525,-6714.121934521511,-2605.1498579359195,1949.5427803899054,1.5,0.0
15,13,7500.0,43577.439496037085,32041.611839184683,0.10630738422685423,0.19677741560573525,-3867.635747499996,6424.516619625851,121.33253588547791,1.5,0.0
15,13,7500.0,69512.43949603708,31053.607771237137,0.10630738422685423,0.19677741560573525,-7289.555725167731,-1695.0063580224003,455.52122365137484,1.5,0.0
16,13,8000.0,62813.64246261539,39671.49841278851,0.099004156536948,0.22178431655068298,-7473.223804596905,721.914445272173,-2547.7883579246686,1.5,0.0
16,13,8000.0,14653.64246261539,39144.83791651848,0.099004156536948,0.22178431655068298,5743.296273587698,4940.809865289087,-2370.154297183102,1.5,0.0
16,13,8000.0,28347.64246261539,32090.74893846127,0.099004156536948,0.22178431655068298,1561.4438566531965,7845.221970173529,110.62863040092937,1.5,0.0
16,13,8000.0,32141.64246261539,29619.451521075956,0.099004156536948,0.22178431655068298,99.29252441956808,7926.798827184754,991.7150954812736,1.5,0.0
16,13,8000.0,49966.64246261539,32974.043595246054,0.099004156536948,0.22178431655068298,-6016.641649954159,5267.8711061414115,-205.3342609053586,1.5,0.0
16,13,8000.0,31996.64246261539,38046.679918132715,0.099004156536948,0.22178431655068298,150.60731616851925,7700.619437406403,-1994.9294611679447,1.5,0.0
16,13,8000.0,80020.64246261539,34871.91491707365,0.099004156536948,0.22178431655068298,-5876.5154604167865,-5343.3871388500875,-882.1979963182938,1.5,0.0
16,13,8000.0,26955.64246261539,37331.14761274266,0.099004156536948,0.22178431655068298,2027.804189066983,7503.287248372444,-1747.3333443424624,1.5,0.0
16,13,8000.0,40745.64246261539,32930.10087226499,0.099004156536948,0.22178431655068298,-3148.2287701234827,7351.625228866387,-189.6196398544822,1.5,0.0
16,13,8000.0,33690.64246261539,34553.26559413545,0.099004156536948,0.22178431655068298,-497.5269360703284,7940.8770252546965,-768.9199016210817,1.5,0.0
16,13,8000.0,8217.64246261539,28968.12094975588,0.099004156536948,0.22178431655068298,7271.630584177907,3060.712837696809,1222.0781072191385,1.5,0.0
16,13,8000.0,73384.64246261539,36205.26922942671,0.099004156536948,0.22178431655068298,-7192.906176063829,-3179.384642705944,-1353.6041905805064,1.5,0.0
16,13,8000.0,15025.64246261539,27578.954408636637,0.099004156536948,0.22178431655068298,5807.265663956038,5180.979029459723,1709.0405205468446,1.5,0.0
17,13,8500.0,52737.993002207484,25668.790144941027,0.09258378298625304,0.24787750404919318,-6713.509000244862,4444.514149169693,2488.497327995557,1.5,0.0
17,13,8500.0,91690.99300220748,39462.22512775014,0.09258378298625304,0.24787750404919318,-2113.1102351409,-7722.748742209885,-2606.171320507032,1.5,0.0
17,13,8500.0,104307.99300220748,26526.008466612395,0.09258378298625304,0.24787750404919318,2755.8597967075743,-7678.054265000798,2180.8575371454035,1.5,0.0
17,13,8500.0,79490.99300220748,39833.8599837271,0.09258378298625304,0.24787750404919318,-6020.319009088453,-5198.124618006485,-2737.4840895373013,1.5,0.0
17,13,8500.0,125811.99300220748,37274.32365257856,0.09258378298625304,0.24787750404919318,8124.801676380127,-1509.1055268874816,-1817.3758575390295,1.5,0.0
17,13,8500.0,3756.993002207484,33917.64847235494,0.09258378298625304,0.24787750404919318,8336.771989767696,1535.5129941736832,-570.6362381648868,1.5,0.0
17,13,8500.0,31382.993002207484,36978.510494998656,0.09258378298625304,0.24787750404919318,408.6518696443175,8281.376866935623,-1708.9604537141597,1.5,0.0
17,13,8500.0,8107.993002207484,37180.86039152599,0.09258378298625304,0.24787750404919318,7641.747856083089,3168.7854989480306,-1783.160946815061,1.5,0.0
17,13,8500.0,93885.99300220748,39625.63841764075,0.09258378298625304,0.24787750404919318,-1277.2210732988178,-7880.942227296892,-2664.018208423157,1.5,0.0
17,13,8500.0,96716.99300220748,28404.810332194833,0.09258378298625304,0.24787750404919318,-195.30322872052895,-8338.765129839327,1494.1649121020484,1.5,0.0
17,13,8500.0,26586.993002207484,33859.22950480461,0.09258378298625304,0.24787750404919318,2357.9942015688853,8144.253244418914,-548.7080835298179,1.5,0.0
17,13,8500.0,94856.99300220748,25839.7970005433,0.09258378298625304,0.24787750404919318,-915.1389010013394,-8021.673712318076,2427.4524081572977,1.5,0.0
17,13,8500.0,108314.99300220748,34281.88434039077,0.09258378298625304,0.24787750404919318,4343.773490706704,-7265.114236816537,-707.2457225320768,1.5,0.0
18,13,9000.0,77181.25816891063,32272.882092321954,0.08689848625057295,0.27497027610283375,-7426.5562816740685,-5083.619320491085,50.12734151853604,1.5,0.0
18,13,9000.0,77644.25816891063,34013.41375266632,0.08689848625057295,0.27497027610283375,-7288.368700882022,-5233.077236063323,-635.5847699966242,1.5,0.0
18,13,9000.0,72207.25816891063,39386.02701817965,0.08689848625057295,0.27497027610283375,-7947.203124361409,-2983.3138709618233,-2702.5006437655743,1.5,0.0
18,13,9000.0,128662.25816891063,26239.68413371819,0.08689848625057295,0.27497027610283375,8592.695511606846,-390.91914080712286,2393.304655534717,1.5,0.0
18,13,9000.0,56462.25816891063,26197.077767581788,0.08689848625057295,0.27497027610283375,-7903.3134557691665,3380.8995960750476,2409.357154250255,1.5,0.0
18,13,9000.0,31.258168910630047,25720.88599295445,0.08689848625057295,0.27497027610283375,8532.253095743057,12.930117234899715,2588.0532581359266,1.5,0.0
18,13,9000.0,117125.25816891063,34957.38521765655,0.08689848625057295,0.27497027610283375,7346.748034716949,-5078.040490515679,-1005.897139905111,1.5,0.0
18,13,9000.0,115836.25816891063,31081.454472804147,0.08689848625057295,0.27497027610283375,7055.1030341949,-5558.3247535403325,519.6010170883739,1.5,0.0
18,13,9000.0,13879.25816891063,36844.006941497864,0.08689848625057295,0.27497027610283375,6875.51500347424,5479.520459797542,-1738.9226109043746,1.5,0.0
18,13,9000.0,123178.25816891063,35173.9488955992,0.08689848625057295,0.27497027610283375,8489.971284073321,-2732.07217887933,-1090.5842735189722,1.5,0.0
18,13,9000.0,20161.25816891063,29704.931684917457,0.08689848625057295,0.27497027610283375,4989.386041008903,7398.042368869642,1059.7514845612386,1.5,0.0
18,13,9000.0,24849.25816891063,38853.53806725688,0.08689848625057295,0.27497027610283375,3065.141138105921,7995.690733773574,-2503.569575601505,1.5,0.0
18,13,9000.0,45092.25816891063,36653.02078254457,0.08689848625057295,0.27497027610283375,-5085.066308799852,7193.531349503692,-1665.2769137703187,1.5,0.0
19,13,9500.0,80223.80565999704,31394.045402619802,0.08183139182484549,0.3029740469244528,-6957.203439404234,-6452.3506698016845,414.02094945566495,1.5,0.0
19,13,9500.0,58871.805659997044,30509.78112899404,0.08183139182484549,0.3029740469244528,-9072.102943747068,2681.6322180028233,777.1774184954819,1.5,0.0
19,13,9500.0,11702.805659997044,36120.90848057352,0.08183139182484549,0.3029740469244528,7881.520927176873,5022.589890885435,-1523.7266179125247,1.5,0.0
19,13,9500.0,79701.80565999704,33258.48765709698,0.08183139182484549,0.3029740469244528,-7120.551632736851,-6276.264535315936,-353.36601220449796,1.5,0.0
19,13,9500.0,23840.805659997044,39465.46778678309,0.08183139182484549,0.3029740469244528,3607.4609352517386,8188.675022473597,-2852.5318218981024,1.5,0.0
19,13,9500.0,45613.805659997044,36940.884201332155,0.08183139182484549,0.3029740469244528,-5541.065034977559,7432.551063124174,-1854.5682613986985,1.5,0.0
19,13,9500.0,17392.805659997044,32065.786938817553,0.08183139182484549,0.3029740469244528,6317.2062682204405,7093.603650037409,137.6006636606285,1.5,0.0
19,13,9500.0,17208.805659997044,30397.023470389384,0.08183139182484549,0.3029740469244528,6351.008302385172,7004.73609613022,823.3968654520291,1.5,0.0
19,13,9500.0,126667.80565999704,40283.431027774015,0.08183139182484549,0.3029740469244528,8725.627464360114,-1248.8309297225248,-3167.4228941671768,1.5,0.0
19,13,9500.0,101225.80565999704,35927.71582325902,0.08183139182484549,0.3029740469244528,1815.5470707741194,-9183.656596091114,-1445.4078171121594,1.5,0.0
19,13,9500.0,125393.80565999704,39709.353492062226,0.08183139182484549,0.3029740469244528,8725.117670164824,-1804.324006934319,-2946.9122912737657,1.5,0.0
19,13,9500.0,117420.80565999704,26219.35295091607,0.08183139182484549,0.3029740469244528,7539.846362556163,-5053.415197155391,2506.8678024474693,1.5,0.0
19,13,9500.0,97963.80565999704,38078.645602890676,0.08183139182484549,0.3029740469244528,338.4630355466118,-9135.97566854352,-2308.664063683752,1.5,0.0
20,13,10000.0,19776.99360331823,29084.816210574256,0.07728890133766192,0.3317988253928927,5670.854784356286,8079.62450565804,1414.48923765751,1.5,0.0
20,13,10000.0,118160.99360331823,31728.47892513653,0.07728890133766192,0.3317988253928927,8496.718897605651,-5263.061315192453,287.7043231208431,1.5,0.0
20,13,10000.0,51503.99360331823,31465.48885849987,0.07728890133766192,0.3317988253928927,-7985.147821285375,6002.690054242033,400.312690967979,1.5,0.0
20,13,10000.0,51397.99360331823,29191.22374136836,0.07728890133766192,0.3317988253928927,-7866.211783200218,5976.79663758826,1369.4613347334853,1.5,0.0
20,13,10000.0,97567.99360331823,39178.75870735198,0.07728890133766192,0.3317988253928927,168.85114697937266,-9463.304123230917,-2852.7750181448496,1.5,0.0
20,13,10000.0,111834.99360331823,36956.963373990555,0.07728890133766192,0.3317988253928927,6356.387596725793,-7402.318728216526,-1936.8692930105128,1.5,0.0
20,13,10000.0,39792.99360331823,26091.53225813699,0.07728890133766192,0.3317988253928927,-3345.180609688869,8929.938868667074,2661.309955643898,1.5,0.0
20,13,10000.0,124514.99360331823,40451.96145696868,0.07728890133766192,0.3317988253928927,8968.084256272132,-2256.790429983913,-3363.398304690234,1.5,0.0
20,13,10000.0,106164.99360331823,38543.04039378547,0.07728890133766192,0.3317988253928927,4025.4256386283564,-8670.943440571335,-2593.6270629865667,1.5,0.0
20,13,10000.0,37190.99360331823,28899.31669339743,0.07728890133766192,0.3317988253928927,-2268.8369603878623,9591.637595210173,1492.8953488752088,1.5,0.0
20,13,10000.0,47995.99360331823,37857.7245905072,0.07728890133766192,0.3317988253928927,-6622.224883443882,7021.880224657909,-2311.5088264425563,1.5,0.0
20,13,10000.0,94475.99360331823,26023.996416316404,0.07728890133766192,0.3317988253928927,-1254.3869976310566,-9443.074508542652,2688.8925871353554,1.5,0.0
20,13,10000.0,129243.99360331823,40485.49663368266,0.07728890133766192,0.3317988253928927,9240.107384466315,-159.49710863684987,-3376.682996995638,1.5,0.0
21,13,10500.0,78902.88913412672,26616.954377699487,0.07319520892066145,0.36135369154352853,-7822.012078152161,-6373.726223980331,2538.00195913528,1.5,0.0
21,13,10500.0,104637.88913412672,36883.64063921394,0.07319520892066145,0.36135369154352853,3617.5826121179784,-9593.49803233851,-1978.0868470566722,1.5,0.0
21,13,10500.0,58203.889134126715,27510.908480848946,0.07319520892066145,0.36135369154352853,-9688.971285920803,3208.5481048238776,2153.743388005169,1.5,0.0
21,13,10500.0,119224.88913412672,39052.33927952034,0.07319520892066145,0.36135369154352853,8725.163988383314,-4800.617282753802,-2907.0956243511364,1.5,0.0
21,13,10500.0,56187.889134126715,34931.55843710534,0.07319520892066145,0.36135369154352853,-9525.79406601379,4225.733029758396,-1122.8899175287206,1.5,0.0
21,13,10500.0,52712.889134126715,24885.83591001408,0.07319520892066145,0.36135369154352853,-8174.072733635685,5425.764717394864,3267.9235584618077,1.5,0.0
21,13,10500.0,113252.88913412672,24387.963312884945,0.07319520892066145,0.36135369154352853,6822.32712663729,-6920.343384243273,3473.81286068661,1.5,0.0
21,13,10500.0,60153.889134126715,25136.858255633262,0.07319520892066145,0.36135369154352853,-9606.760743150671,2201.276657173509,3163.3867412293866,1.5,0.0
21,13,10500.0,88186.88913412672,34115.98787789319,0.07319520892066145,0.36135369154352853,-4428.171347709059,-9480.5063516506,-762.1724314347723,1.5,0.0
21,13,10500.0,83833.88913412672,37284.00533592253,0.07319520892066145,0.36135369154352853,-6160.948600910261,-8137.939687730423,-2151.54487498903,1.5,0.0
21,13,10500.0,105289.88913412672,28164.555694163693,0.07319520892066145,0.36135369154352853,3929.1051788315162,-9498.866162497554,1870.1774074624698,1.5,0.0
21,13,10500.0,3801.8891341267154,38060.42325535378,0.07319520892066145,0.36135369154352853,9935.897608789921,1852.418244860447,-2485.559745333472,1.5,0.0
21,13,10500.0,3142.8891341267154,25227.157430482817,0.07319520892066145,0.36135369154352853,9757.120117866196,1498.3212047945576,3125.666775685629,1.5,0.0
22,13,11000.0,1000.9111739224754,26323.763604751417,0.06948829161354954,0.39154726761158365,10513.761588230036,510.5868181121057,2756.084284033409,1.5,0.0
22,13,11000.0,18085.911173922475,32473.40204112638,0.06948829161354954,0.39154726761158365,7035.460833902626,8455.812115601959,-33.78039012893553,1.5,0.0
22,13,11000.0,39759.911173922475,36372.04767892728,0.06948829161354954,0.39154726761158365,-3771.2228322084056,10116.61940055211,-1816.7049002269166,1.5,0.0
22,13,11000.0,34523.911173922475,34506.19188213766,0.06948829161354954,0.39154726761158365,-1124.7813397885225,10884.742473160433,-967.6101278257865,1.5,0.0
22,13,11000.0,59462.911173922475,38088.32381614335,0.06948829161354954,0.39154726761158365,-10232.005650168358,2708.236420515475,-2584.775351609456,1.5,0.0
22,13,11000.0,14346.911173922475,26814.450477545673,0.06948829161354954,0.39154726761158365,8136.923644619736,6792.077796522032,2539.232757346183,1.5,0.0
22,13,11000.0,23939.911173922475,36200.861689349615,0.06948829161354954,0.39154726761158365,4312.023824716016,9916.859070225963,-1739.317701741531,1.5,0.0
22,13,11000.0,4757.911173922475,27427.272152076246,0.06948829161354954,0.39154726761158365,10398.949046344283,2442.195786053891,2266.4020517380845,1.5,0.0
22,13,11000.0,20527.911173922475,28686.291771348362,0.06948829161354954,0.39154726761158365,5890.705918151846,9078.512835272953,1699.8723124124551,1.5,0.0
22,13,11000.0,22883.911173922475,35800.456095957124,0.06948829161354954,0.39154726761158365,4830.368189703554,9716.410881277096,-1557.8498199209732,1.5,0.0
22,13,11000.0,101753.91117392248,40179.31751535865,0.06948829161354954,0.39154726761158365,2239.5928048048518,-9978.65229019856,-3495.8576520329266,1.5,0.0
22,13,11000.0,49084.911173922475,34207.00641682853,0.06948829161354954,0.39154726761158365,-7928.344783389835,7564.064193786851,-830.5417531166548,1.5,0.0
22,13,11000.0,103003.91117392248,25182.90510285899,0.06948829161354954,0.39154726761158365,2869.437895496311,-9927.108881817838,3254.0326217268575,1.5,0.0
23,13,11500.0,17600.53807424195,27273.238307861167,0.06611693274654334,0.4222881802738884,7328.908436652691,8398.43956053486,2410.8823647499626,1.5,0.0
23,13,11500.0,548.5380742420675,40176.44030877792,0.06611693274654334,0.4222881802738884,10688.558443707348,284.31723053494414,-3607.9219124737333,1.5,0.0
23,13,11500.0,71323.53807424195,31728.682407827535,0.06611693274654334,0.4222881802738884,-10923.836300807583,-3574.8792646730585,318.90780644678455,1.5,0.0
23,13,11500.0,121617.53807424207,37002.11136313081,0.06611693274654334,0.4222881802738884,10385.545585559772,-4232.661430119784,-2168.511106118847,1.5,0.0
23,13,11500.0,126538.53807424207,34609.815142145984,0.06611693274654334,0.4222881802738884,11308.352151462946,-1690.8639557305635,-1047.9453325237844,1.5,0.0
23,13,11500.0,19849.53807424195,33573.093029329924,0.06611693274654334,0.4222881802738884,6562.857366512923,9420.806451906523,-557.0729889756301,1.5,0.0
23,13,11500.0,106035.53807424195,26651.110125573803,0.06611693274654334,0.4222881802738884,4592.515281041553,-10057.270984919558,2696.251371034177,1.5,0.0
23,13,11500.0,50927.53807424195,39625.59614764114,0.06611693274654334,0.4222881802738884,-8449.337355798352,6729.245189390008,-3363.322137068102,1.5,0.0
23,13,11500.0,83411.53807424195,29181.75064673843,0.06611693274654334,0.4222881802738884,-7041.079507879541,-8915.142535739167,1522.895101581053,1.5,0.0
23,13,11500.0,44788.53807424195,33663.878896082184,0.06611693274654334,0.4222881802738884,-6487.010972080178,9469.570601274865,-600.1329335304818,1.5,0.0
23,13,11500.0,13887.538074241951,35636.37030234287,0.06611693274654334,0.4222881802738884,8879.988296750947,7082.838954740049,-1531.3997601986546,1.5,0.0
23,13,11500.0,39551.53807424195,34817.577114974,0.06611693274654334,0.4222881802738884,-3881.01965426139,10741.470802974776,-1146.0387909364915,1.5,0.0
23,13,11500.0,3337.5380742420675,39537.6294370674,0.06611693274654334,0.4222881802738884,10676.995509782737,1742.864844268131,-3324.0342790994728,1.5,0.0
24,13,12000.0,93640.46495740651,29236.214580925465,0.06303848154304312,0.45348551089345346,-2036.3981163505964,-11682.96630953265,1542.40870136118,1.5,0.0
24,13,12000.0,92411.46495740651,31232.03206163787,0.06303848154304312,0.45348551089345346,-2756.474742179911,-11659.357836922198,571.3411791389735,1.5,0.0
24,13,12000.0,3404.4649574065115,34197.99826199338,0.06303848154304312,0.45348551089345346,11791.97257495636,1964.1706559413205,-878.8926731069345,1.5,0.0
24,13,12000.0,9456.464957406512,34580.99170217586,0.06303848154304312,0.45348551089345346,10700.709745433016,5281.176282881082,-1065.4698390766785,1.5,0.0
24,13,12000.0,33111.46495740651,30971.336524686238,0.06303848154304312,0.45348551089345346,-412.8391938909663,11964.106166796559,698.6816706189354,1.5,0.0
24,13,12000.0,125536.46495740651,30922.286372744893,0.06303848154304312,0.45348551089345346,11737.69810575121,-2342.781359076251,722.6290641772943,1.5,0.0
24,13,12000.0,61991.46495740651,27825.582132490785,0.06303848154304312,0.45348551089345346,-11597.757231521888,1589.0016096642673,2220.581191455831,1.5,0.0
24,13,12000.0,5026.4649574065115,33830.56122422594,0.06303848154304312,0.45348551089345346,11617.453973608553,2888.460676932874,-699.6082689070852,1.5,0.0
24,13,12000.0,89935.46495740651,29436.062763339254,0.06303848154304312,0.45348551089345346,-4096.838607898971,-11147.328992013336,1445.673104114596,1.5,0.0
24,13,12000.0,88624.46495740651,24884.169315293293,0.06303848154304312,0.45348551089345346,-4528.35698494504,-10257.00990627166,3597.6632612760854,1.5,0.0
24,13,12000.0,69727.46495740651,31078.080715341137,0.06303848154304312,0.45348551089345346,-11635.278101323303,-2833.664992838354,646.553270915608,1.5,0.0
24,13,12000.0,90552.46495740651,31980.94933646076,0.06303848154304312,0.45348551089345346,-3799.9937603310495,-11379.83392604581,205.0847514688129,1.5,0.0
24,13,12000.0,66415.46495740651,27954.604464908218,0.06303848154304312,0.45348551089345346,-11686.452517160253,-917.158446804107,2158.9364390638098,1.5,0.0
25,13,12500.0,65335.04767211876,37056.401996172455,0.06021714555504879,0.4850492307574066,-12178.736281451222,-315.9853850094592,-2322.9515007976443,1.5,0.0
25,13,12500.0,41640.04767211876,33196.13901431481,0.06021714555504879,0.4850492307574066,-5410.178321760214,11258.210562932345,-400.46615407341955,1.5,0.0
25,13,12500.0,103487.04767211876,31288.97476191422,0.06021714555504879,0.4850492307574066,3745.895090544594,-11906.526569000092,558.7257015387194,1.5,0.0
25,13,12500.0,74769.04767211876,34441.40219124513,0.06021714555504879,0.4850492307574066,-11014.089049251004,-5780.515163776334,-1025.4254831768671,1.5,0.0
25,13,12500.0,102621.04767211876,30142.64881809412,0.06021714555504879,0.4850492307574066,3228.128412442417,-11998.551592172853,1133.4871708321514,1.5,0.0
25,13,12500.0,105723.04767211876,32606.375762629483,0.06021714555504879,0.4850492307574066,5019.1277870757585,-11447.389002041655,-103.83318978651593,1.5,0.0
25,13,12500.0,120276.04767211876,36234.63215341197,0.06021714555504879,0.4850492307574066,11050.728693421412,-5365.913982036671,-1918.2442310117879,1.5,0.0
25,13,12500.0,100192.04767211876,38659.72676492407,0.06021714555504879,0.4850492307574066,1724.3094245533093,-11803.495577355736,-3101.366615542189,1.5,0.0
25,13,12500.0,113271.04767211876,39221.126596182105,0.06021714555504879,0.4850492307574066,8307.484618891916,-8412.012687812825,-3369.736941396282,1.5,0.0
25,13,12500.0,105391.04767211876,32458.853387966206,0.06021714555504879,0.4850492307574066,4834.452846897379,-11527.219682110626,-29.611174258956552,1.5,0.0
25,13,12500.0,113852.04767211876,32728.456858797217,0.06021714555504879,0.4850492307574066,9029.262678091074,-8641.92095242086,-165.25124169381078,1.5,0.0
25,13,12500.0,109214.04767211876,37257.90065437415,0.06021714555504879,0.4850492307574066,6686.152897718656,-10150.737041986271,-2421.6478032974615,1.5,0.0
25,13,12500.0,70278.04767211876,29394.101206256062,0.06021714555504879,0.4850492307574066,-11933.892059340324,-3246.124309039466,1507.0262297766108,1.5,0.0
26,13,13000.0,56247.82874822873,29712.906656125044,0.05762267417362583,0.5168906185097393,-11797.674218446004,5192.583290499324,1383.2560114709472,1.5,0.0
26,13,13000.0,97471.82874822873,27102.51001210382,0.05762267417362583,0.5168906185097393,165.69805126801162,-12572.51045847379,2704.793340681162,1.5,0.0
26,13,13000.0,38703.82874822873,29385.072590792224,0.05762267417362583,0.5168906185097393,-3869.7666759940475,12265.392666666468,1550.880151405456,1.5,0.0
26,13,13000.0,52987.82874822873,36331.61958094639,0.05762267417362583,0.5168906185097393,-10728.05949593699,6916.833520802424,-2017.378608485974,1.5,0.0
26,13,13000.0,123946.82874822873,24537.862065673147,0.05762267417362583,0.5168906185097393,11616.619549381805,-3265.9962587841915,3961.1552030416315,1.5,0.0
26,13,13000.0,3962.828748228727,37700.20947723512,0.05762267417362583,0.5168906185097393,12341.83320816713,2400.7659316128106,-2706.1511698714326,1.5,0.0
26,13,13000.0,125797.82874822873,38176.077981907845,0.05762267417362583,0.5168906185097393,12281.944180690916,-2289.981789944285,-2943.004895726153,1.5,0.0
26,13,13000.0,127885.82874822873,30330.637485703082,0.05762267417362583,0.5168906185097393,12889.990158178809,-1073.7003454446308,1066.4898381574767,1.5,0.0
26,13,13000.0,101507.82874822873,26788.528964782283,0.05762267417362583,0.5168906185097393,2596.217497712672,-12249.781645125264,2861.246004983843,1.5,0.0
26,13,13000.0,98069.82874822873,34033.61460871031,0.05762267417362583,0.5168906185097393,546.3358998398792,-12947.727947299092,-842.4505516044657,1.5,0.0
26,13,13000.0,95463.82874822873,26238.695405011287,0.05762267417362583,0.5168906185097393,-1044.5453777856271,-12380.339039716031,3133.6020744505404,1.5,0.0
26,13,13000.0,125748.82874822873,30211.693649467692,0.05762267417362583,0.5168906185097393,12702.241296612206,-2399.584830759511,1127.5661901672793,1.5,0.0
26,13,13000.0,128609.82874822873,39826.55273059575,0.05762267417362583,0.5168906185097393,12152.416419589521,-583.8235479616249,-3751.560722273215,1.5,0.0
27,13,13500.0,117693.58497355797,34682.39588029578,0.05522933288153022,0.5489226572128987,11243.440742112916,-7322.063996949731,-1204.3653783080263,1.5,0.0
27,13,13500.0,91254.58497355797,24473.787848605956,0.05522933288153022,0.5489226572128987,-3557.73245525619,-11999.134892474332,4088.632377747237,1.5,0.0
27,13,13500.0,80738.58497355797,27686.73406935631,0.05522933288153022,0.5489226572128987,-9414.89261047996,-9179.222672573876,2470.528270146873,1.5,0.0
27,13,13500.0,9991.584973557969,32806.43050806963,0.05522933288153022,0.5489226572128987,11944.530894036636,6285.49365963085,-214.88797514647214,1.5,0.0
27,13,13500.0,51790.58497355797,26952.771128984394,0.05522933288153022,0.5489226572128987,-10524.699045866366,7685.232422859592,2846.882751411484,1.5,0.0
27,13,13500.0,6737.584973557969,26987.691259599844,0.05522933288153022,0.5489226572128987,12348.511265782905,4183.46744904848,2829.0546510382464,1.5,0.0
27,13,13500.0,121626.58497355797,37848.12950691386,0.05522933288153022,0.5489226572128987,12070.201419848065,-4913.075857148953,-2847.3424537486144,1.5,0.0
27,13,13500.0,51595.58497355797,40323.95464347441,0.05522933288153022,0.5489226572128987,-10037.783650759186,7476.1929485813425,-4087.5257391822033,1.5,0.0
27,13,13500.0,40847.58497355797,33306.70473406086,0.05522933288153022,0.5489226572128987,-5370.466837529681,12371.586212587217,-479.269646199322,1.5,0.0
27,13,13500.0,99995.58497355797,37892.92964028376,0.05522933288153022,0.5489226572128987,1759.8095195916421,-12904.68467819502,-2870.2024568821184,1.5,0.0
27,13,13500.0,43146.58497355797,40343.21096208561,0.05522933288153022,0.5489226572128987,-6227.5617761216245,10851.252609108087,-4096.96368257929,1.5,0.0
27,13,13500.0,49324.58497355797,26593.85339481415,0.05522933288153022,0.5489226572128987,-9486.654544107281,8842.506813055343,3029.6422920046284,1.5,0.0
27,13,13500.0,1990.5849735579686,31561.578934720488,0.05522933288153022,0.5489226572128987,13426.083681826976,1299.7389604628247,443.1966800268682,1.5,0.0
28,13,14000.0,26535.776503297617,38995.07867893068,0.05301509622577788,0.5810604087233758,3727.850501370246,12756.92440074826,-3505.5300038733753,1.5,0.0
28,13,14000.0,97767.77650329762,25023.315241383316,0.05301509622577788,0.5810604087233758,360.9434703000762,-13109.230427526982,3904.115188527223,1.5,0.0
28,13,14000.0,89475.77650329762,28072.20701608804,0.05301509622577788,0.5810604087233758,-5008.74272780189,-12744.010595630434,2322.919782876531,1.5,0.0
28,13,14000.0,57264.77650329762,29031.36115109536,0.05301509622577788,0.5810604087233758,-12902.145721191098,4934.896201063787,1813.3476459306432,1.5,0.0
28,13,14000.0,25565.776503297617,32241.2001869057,0.05301509622577788,0.5810604087233758,4554.111883161804,13238.143671595593,85.86271825857705,1.5,0.0
28,13,14000.0,15180.776503297617,33800.41180283969,0.05301509622577788,0.5810604087233758,10352.473677517964,9376.790423410179,-756.6255373107053,1.5,0.0
28,13,14000.0,52233.77650329762,32291.2976087808,0.05301509622577788,0.5810604087233758,-11481.10329161908,8011.168684106332,58.775458285715175,1.5,0.0
28,13,14000.0,103107.77650329762,25662.66841982149,0.05301509622577788,0.5810604087233758,3746.115410291183,-12719.60968529041,3578.464343594935,1.5,0.0
28,13,14000.0,109061.77650329762,28247.41275570256,0.05301509622577788,0.5810604087233758,7460.777451186893,-11510.841566507594,2230.180412958802,1.5,0.0
28,13,14000.0,107714.77650329762,37966.131833153166,0.05301509622577788,0.5810604087233758,6584.441102020459,-11777.74709654317,-2973.2307129990436,1.5,0.0
28,13,14000.0,36383.77650329762,34628.93694775103,0.05301509622577788,0.5810604087233758,-2671.491437738972,13659.548406893471,-1202.849117789378,1.5,0.0
28,13,14000.0,66417.77650329762,34816.214612175245,0.05301509622577788,0.5810604087233758,-13861.311007319946,-1089.4053688404385,-1303.4691270840592,1.5,0.0
28,13,14000.0,86592.77650329762,35157.29273669195,0.05301509622577788,0.5810604087233758,-6824.9439114982715,-12080.501088257613,-1486.4407248172383,1.5,0.0
29,13,14500.0,38393.582948402385,32117.674639114164,0.05096100713402793,0.6132213633327356,-4153.935980393914,13890.839728836323,155.86726076651402,1.5,0.0
29,13,14500.0,117904.58294840239,36751.766949241945,0.05096100713402793,0.6132213633327356,11959.701440116994,-7615.434860026473,-2384.8303640724107,1.5,0.0
29,13,14500.0,113817.58294840239,38102.65137347494,0.05096100713402793,0.6132213633327356,10061.337338941245,-9661.984276953752,-3108.483291431712,1.5,0.0
29,13,14500.0,94497.58294840239,32477.622023036667,0.05096100713402793,0.6132213633327356,-1894.300962894649,-14375.626815878732,-42.85509915886351,1.5,0.0
29,13,14500.0,22475.582948402385,39034.74635071587,0.05096100713402793,0.6132213633327356,6366.399650804418,12194.473266837562,-3600.2094280298174,1.5,0.0
29,13,14500.0,108898.58294840239,33811.40783669909,0.05096100713402793,0.6132213633327356,7771.773884600283,-12201.09104622728,-778.6317894655481,1.5,0.0
29,13,14500.0,62457.582948402385,38074.44364110629,0.05096100713402793,0.6132213633327356,-13864.864307278738,1581.3475738520012,-3093.498285323304,1.5,0.0
29,13,14500.0,111324.58294840239,29817.570888582693,0.05096100713402793,0.6132213633327356,9099.492117693124,-11143.193701363216,1422.0399442729881,1.5,0.0
29,13,14500.0,84867.58294840239,32380.83472821006,0.05096100713402793,0.6132213633327356,-8162.072362739369,-11984.58982314906,10.581165128725095,1.5,0.0
29,13,14500.0,129146.58294840239,32908.85886427416,0.05096100713402793,0.6132213633327356,14492.085604852004,-318.62039182358325,-280.9130157514126,1.5,0.0
29,13,14500.0,58808.582948402385,26000.671397516344,0.05096100713402793,0.6132213633327356,-13229.315317796658,3954.5994716840764,3476.6694315033865,1.5,0.0
29,13,14500.0,6053.582948402385,30756.550608564958,0.05096100713402793,0.6132213633327356,13835.963447087346,4181.4103200263135,906.3904041841226,1.5,0.0
29,13,14500.0,124389.58294840239,39160.870295337154,0.05096100713402793,0.6132213633327356,13292.35403465815,-3431.048688101673,-3666.203489105714,1.5,0.0
30,13,15000.0,66750.9269241317,29282.068173216736,0.049050664025471424,0.6453257629036155,-14762.671448478142,-1400.4854731039175,1748.6174508259207,1.5,0.0
30,13,15000.0,66990.9269241317,33995.33050323533,0.049050664025471424,0.6453257629036155,-14870.87035814613,-1585.5384199907214,-897.2241753432183,1.5,0.0
30,13,15000.0,35973.926924131694,24418.494191946855,0.049050664025471424,0.6453257629036155,-2394.842381793089,13682.94405360463,4382.031724749077,1.5,0.0
30,13,15000.0,8239.926924131694,28803.958126933183,0.049050664025471424,0.6453257629036155,13609.452987149796,5745.691313005373,2014.2150592857463,1.5,0.0
30,13,15000.0,115942.9269241317,35689.14214432206,0.049050664025471424,0.6453257629036155,11680.324416767826,-9104.779770741066,-1843.8428705139124,1.5,0.0
30,13,15000.0,29150.926924131694,34567.07032372206,0.049050664025471424,0.6453257629036155,2340.0590299161736,14732.605598342772,-1217.747156680147,1.5,0.0
30,13,15000.0,26249.926924131694,40205.256350189076,0.049050664025471424,0.6453257629036155,4094.7412525985487,13323.785891406433,-4289.986400469162,1.5,0.0
30,13,15000.0,10066.926924131694,34349.79489646031,0.049050664025471424,0.6453257629036155,13189.525611384257,7002.275884706951,-1096.0372918201929,1.5,0.0
30,13,15000.0,18823.926924131694,32035.59515276927,0.049050664025471424,0.6453257629036155,9173.817206966603,11864.689576095363,205.13744102459938,1.5,0.0
30,13,15000.0,118052.9269241317,36635.207523580924,0.049050664025471424,0.6453257629036155,12443.285659150955,-7798.155946980191,-2367.5662677567543,1.5,0.0
30,13,15000.0,64026.926924131694,38933.91152581766,0.049050664025471424,0.6453257629036155,-14243.673773210954,534.0978805644661,-3617.170315479333,1.5,0.0
30,13,15000.0,105433.9269241317,35975.2743368373,0.049050664025471424,0.6453257629036155,5742.747532165312,-13613.530575358018,-2002.699820840158,1.5,0.0
30,13,15000.0,74762.9269241317,39904.02182149995,0.049050664025471424,0.6453257629036155,-12414.52851548584,-6510.808738281409,-4131.946825126067,1.5,0.0
31,13,15500.0,15627.03886680142,34896.45903361418,0.04726980702590029,0.6772968960166312,11177.96431042027,10573.595345337824,-1427.7890042149263,1.5,0.0
31,13,15500.0,38328.03886680142,40011.004890630225,0.04726980702590029,0.6772968960166312,-4097.890603554408,13863.76402138975,-4265.226179939158,1.5,0.0
31,13,15500.0,58887.03886680142,40250.16491919232,0.04726980702590029,0.6772968960166312,-13803.649959479118,4069.152385689463,-4392.823782872674,1.5,0.0
31,13,15500.0,17251.03886680142,28969.297576904064,0.04726980702590029,0.6772968960166312,10244.335512895355,11345.411537148715,1957.8491330225627,1.5,0.0
31,13,15500.0,69877.03886680142,36186.80665849424,0.04726980702590029,0.6772968960166312,-14780.195139751273,-3713.3198042252925,-2158.8931145846122,1.5,0.0
31,13,15500.0,96753.03886680142,36449.733314551355,0.04726980702590029,0.6772968960166312,-329.3952956487665,-15198.641921522154,-2306.9227043858355,1.5,0.0
31,13,15500.0,101927.03886680142,29913.18435327139,0.04726980702590029,0.6772968960166312,3495.6137269268675,-14985.17143164072,1422.3005048401326,1.5,0.0
31,13,15500.0,23262.03886680142,26306.690352800382,0.04726980702590029,0.6772968960166312,6356.574928363033,13397.037049169705,3442.8531563328866,1.5,0.0
31,13,15500.0,52460.03886680142,24963.340756628662,0.04726980702590029,0.6772968960166312,-11984.462476522438,8168.403597949795,4171.846254220126,1.5,0.0
31,13,15500.0,62414.03886680142,36892.95866597269,0.04726980702590029,0.6772968960166312,-15032.595906852639,1746.6879721944567,-2555.6007988208885,1.5,0.0
31,13,15500.0,14575.03886680142,32233.135817433875,0.04726980702590029,0.6772968960166312,11788.327578924635,10063.280284846172,95.66626152539554,1.5,0.0
31,13,15500.0,41737.03886680142,40265.7507458178,0.04726980702590029,0.6772968960166312,-6292.259722149256,12937.577120667973,-4401.118882482847,1.5,0.0
31,13,15500.0,29222.03886680142,31832.56999033718,0.04726980702590029,0.6772968960166312,2377.777454703866,15310.597698304806,325.2804301907663,1.5,0.0
32,13,16000.0,103417.22758507391,37625.84606800239,0.04560598171200321,0.7090613639354272,4598.382596670788,-14790.909564428453,-3015.18593483345,1.5,0.0
32,13,16000.0,58402.22758507391,24898.92578065902,0.04560598171200321,0.7090613639354272,-14240.033100567905,4564.186957326286,4278.799702656477,1.5,0.0
32,13,16000.0,92615.22758507391,30337.777929169093,0.04560598171200321,0.7090613639354272,-3509.5897320003432,-15528.436886899157,1200.67456711309,1.5,0.0
32,13,16000.0,114604.22758507391,25088.91525148439,0.04560598171200321,0.7090613639354272,11211.448831770573,-9973.225298393443,4175.065118128089,1.5,0.0
32,13,16000.0,70858.22758507391,26070.37311605584,0.04560598171200321,0.7090613639354272,-14599.370766424403,-4415.71002247675,3633.7419696674697,1.5,0.0
32,13,16000.0,34525.22758507391,35239.95118441324,0.04560598171200321,0.7090613639354272,-1630.0542570493722,15764.532948830732,-1651.0168092901556,1.5,0.0
32,13,16000.0,15882.22758507391,35854.78278024951,0.04560598171200321,0.7090613639354272,11325.91274641,10982.205755748259,-2005.4040687628508,1.5,0.0
32,13,16000.0,72256.22758507391,36834.27506057634,0.04560598171200321,0.7090613639354272,-14621.439739493533,-5528.406633467575,-2566.172589862208,1.5,0.0
32,13,16000.0,90025.22758507391,38320.39607850174,0.04560598171200321,0.7090613639354272,-5230.804871657174,-14426.393677319684,-3405.529755628882,1.5,0.0
32,13,16000.0,3651.2275850739097,36278.78978931946,0.04560598171200321,0.7090613639354272,15472.316043920659,2767.825735419702,-2248.7814403516945,1.5,0.0
32,13,16000.0,1701.2275850739097,37274.11979212744,0.04560598171200321,0.7090613639354272,15502.479803844613,1281.5182627503666,-2816.1805368135383,1.5,0.0
32,13,16000.0,35610.22758507391,25093.212099137123,0.04560598171200321,0.7090613639354272,-2326.145159964133,14825.166622213615,4172.71490243867,1.5,0.0
32,13,16000.0,95750.22758507391,28099.469437149037,0.04560598171200321,0.7090613639354272,-1099.3307113555707,-15614.844406785018,2489.915564889498,1.5,0.0
33,13,16500.0,27279.601780304336,30801.960032364885,0.04404826400336319,0.7405493164899278,4041.923320536069,15946.221157106016,946.0572180861059,1.5,0.0
33,13,16500.0,50244.601780304336,38809.28507841589,0.04404826400336319,0.7405493164899278,-11958.00193799235,10188.456999257753,-3737.3389675023727,1.5,0.0
33,13,16500.0,117635.60178030434,35180.127503464915,0.04404826400336319,0.7405493164899278,13676.005861194228,-8961.072603912053,-1642.529883816223,1.5,0.0
33,13,16500.0,67319.60178030434,28150.065486441676,0.04404826400336319,0.7405493164899278,-16030.646313187208,-1968.00171195585,2500.7444168388024,1.5,0.0
33,13,16500.0,18651.601780304336,38115.05430003699,0.04404826400336319,0.7405493164899278,9812.39027801,12473.805213953634,-3343.5945555948983,1.5,0.0
33,13,16500.0,94548.60178030434,29938.10905923413,0.04404826400336319,0.7405493164899278,-2100.082205783258,-16247.449438947078,1455.464091957798,1.5,0.0
33,13,16500.0,37621.601780304336,38124.18367253376,0.04404826400336319,0.7405493164899278,-3974.396048923103,15362.927499668223,-3348.7979863792257,1.5,0.0
33,13,16500.0,30780.601780304336,29142.88714812627,0.04404826400336319,0.7405493164899278,1277.9943181967765,16244.516671233621,1922.165354326323,1.5,0.0
33,13,16500.0,103733.60178030434,33863.18806430702,0.04404826400336319,0.7405493164899278,5126.616927254384,-15639.696405862851,-866.3635542425399,1.5,0.0
33,13,16500.0,71119.60178030434,30730.429097514912,0.04404826400336319,0.7405493164899278,-15680.100521885917,-4960.30412099974,988.3137818326419,1.5,0.0
33,13,16500.0,124814.60178030434,28752.165822232084,0.04404826400336319,0.7405493164899278,15807.46495661832,-3734.6210944407935,2150.4689051320975,1.5,0.0
33,13,16500.0,105805.60178030434,38662.23250718428,0.04404826400336319,0.7405493164899278,6380.229417507871,-14394.7879921864,-3654.2740922037888,1.5,0.0
33,13,16500.0,40875.601780304336,27339.017647419758,0.04404826400336319,0.7405493164899278,-6393.402849887962,14673.458133516457,2969.153944255009,1.5,0.0
34,13,17000.0,102353.54734485142,26516.504704079947,0.04258703365128931,0.7716946572688808,4033.571044731899,-15806.567244740781,3491.5754540247326,1.5,0.0
34,13,17000.0,25304.547344851424,33612.92525989314,0.04258703365128931,0.7716946572688808,5723.388527828158,15976.377237349556,-729.2475134734045,1.5,0.0
34,13,17000.0,101794.54734485142,40460.796603659255,0.04258703365128931,0.7716946572688808,3472.365697528772,-15329.94680853518,-4726.698315698314,1.5,0.0
34,13,17000.0,58626.547344851424,35654.27236395467,0.04258703365128931,0.7716946572688808,-16042.490101591482,4950.176936466421,-1949.5837962651558,1.5,0.0
34,13,17000.0,72613.54734485142,33942.44801469662,0.04258703365128931,0.7716946572688808,-15750.640130013564,-6269.30970148449,-927.0367138445025,1.5,0.0
34,13,17000.0,107319.54734485142,30656.379305333063,0.04258703365128931,0.7716946572688808,7981.179603377342,-14941.236110676205,1047.673351650367,1.5,0.0
34,13,17000.0,69378.54734485142,39127.83991662599,0.04258703365128931,0.7716946572688808,-15708.565371702136,-3545.317990516178,-3975.9290358867433,1.5,0.0
34,13,17000.0,118956.54734485142,32350.04885731166,0.04258703365128931,0.7716946572688808,14786.475714412813,-8387.993864592137,30.049430294151893,1.5,0.0
34,13,17000.0,83465.54734485142,26476.743995671597,0.04258703365128931,0.7716946572688808,-10071.533967730735,-12821.065254754618,3514.521609166054,1.5,0.0
34,13,17000.0,14150.547344851424,30219.131103825963,0.04258703365128931,0.7716946572688808,13080.49714317936,10708.960771866083,1309.5175475124422,1.5,0.0
34,13,17000.0,97029.54734485142,25388.100035333824,0.04258703365128931,0.7716946572688808,-132.4431568834647,-16026.5853350675,4137.4210183517425,1.5,0.0
34,13,17000.0,52721.547344851424,27572.06041055826,0.04258703365128931,0.7716946572688808,-13781.329805618114,9139.403842044192,2877.9299703535867,1.5,0.0
34,13,17000.0,114790.54734485142,24586.234252198577,0.04258703365128931,0.7716946572688808,11895.545050318511,-10390.815548421422,4588.958809476372,1.5,0.0
35,13,17500.0,45825.80962304911,33061.87751850821,0.04121378662699647,0.8024352177989156,-10597.86008388582,13914.744999082235,-403.77004079644746,1.5,0.0
35,13,17500.0,32070.809623049106,28909.562176811567,0.04121378662699647,0.8024352177989156,275.291952607553,17247.837152087857,2119.513514769464,1.5,0.0
35,13,17500.0,51701.80962304911,38831.34814012252,0.04121378662699647,0.8024352177989156,-13409.253983228256,9880.326119736854,-3860.7624465239496,1.5,0.0
35,13,17500.0,117779.8096230491,28108.57329346668,0.04121378662699647,0.8024352177989156,14387.207107262988,-9283.961254212662,2599.5308491782444,1.5,0.0
35,13,17500.0,75192.8096230491,29570.552234370167,0.04121378662699647,0.8024352177989156,-15181.253109669155,-8369.75909473433,1720.9561023735423,1.5,0.0
35,13,17500.0,107097.8096230491,39026.84999365176,0.04121378662699647,0.8024352177989156,7665.571603903185,-14729.244745307959,-3974.119699984126,1.5,0.0
35,13,17500.0,37446.80962304911,32878.581295618176,0.04121378662699647,0.8024352177989156,-4238.097737931025,16974.206573621348,-291.97639973376715,1.5,0.0
35,13,17500.0,51238.80962304911,36325.550780571226,0.04121378662699647,0.8024352177989156,-13601.913112986864,10501.37131631791,-2380.711208259037,1.5,0.0
35,13,17500.0,47437.80962304911,33870.06566545301,0.04121378662699647,0.8024352177989156,-11628.27589860546,13018.457161429695,-896.1898053395782,1.5,0.0
35,13,17500.0,107962.8096230491,34885.71518595382,0.04121378662699647,0.8024352177989156,8659.397501842574,-15061.165125799344,-1512.9711656310583,1.5,0.0
35,13,17500.0,117269.8096230491,29150.009322540172,0.04121378662699647,0.8024352177989156,14286.041004462691,-9727.212081419608,1974.7613817508195,1.5,0.0
35,13,17500.0,117674.8096230491,28210.22739835194,0.04121378662699647,0.8024352177989156,14354.505592665495,-9366.700929828201,2538.8136319305218,1.5,0.0
35,13,17500.0,90410.8096230491,29524.376024132376,0.04121378662699647,0.8024352177989156,-5601.782558911718,-16399.881859196383,1748.8611548727843,1.5,0.0
36,13,18000.0,125440.0631799394,32015.368399104955,0.03992097885673479,0.8327129006655883,17632.101777605436,-3605.0431469523105,237.81429925876853,1.5,0.0
36,13,18000.0,122596.0631799394,40414.1683327474,0.03992097885673479,0.8327129006655883,15707.17887480471,-5548.441436487476,-4831.635287344644,1.5,0.0
36,13,18000.0,17824.063179939403,35228.479127060185,0.03992097885673479,0.8327129006655883,11577.65447031089,13561.100163662137,-1743.448806143362,1.5,0.0
36,13,18000.0,86162.0631799394,37497.142778509704,0.03992097885673479,0.8327129006655883,-8900.369719840684,-15013.238802797066,-3119.721272035272,1.5,0.0
36,13,18000.0,102649.0631799394,38921.374301351556,0.03992097885673479,0.8327129006655883,4467.125435769541,-16514.31150933191,-3965.4973276145633,1.5,0.0
36,13,18000.0,9559.063179939403,37058.955346915296,0.03992097885673479,0.8327129006655883,15692.398527083438,7842.057923995611,-2856.3247567108306,1.5,0.0
36,13,18000.0,110308.0631799394,27299.905388247797,0.03992097885673479,0.8327129006655883,10359.446892025268,-14045.418474555448,3121.4909918667977,1.5,0.0
36,13,18000.0,45620.0631799394,33407.16588654867,0.03992097885673479,0.8327129006655883,-10750.06531522024,14410.559064144618,-622.5103656599301,1.5,0.0
36,13,18000.0,5328.063179939403,25950.685348495626,0.03992097885673479,0.8327129006655883,16559.034920704315,4375.1400075278525,3923.1252416620164,1.5,0.0
36,13,18000.0,75490.0631799394,34877.33845033677,0.03992097885673479,0.8327129006655883,-15523.562796520508,-8852.55209641061,-1528.1250142449578,1.5,0.0
36,13,18000.0,48669.0631799394,39776.66073664254,0.03992097885673479,0.8327129006655883,-11962.465391877395,11882.625114689332,-4464.578917166966,1.5,0.0
36,13,18000.0,74434.0631799394,32606.2594416618,0.03992097885673479,0.8327129006655883,-16071.22116072425,-8104.532877857592,-127.53364471545837,1.5,0.0
36,13,18000.0,55135.0631799394,31314.154384457826,0.03992097885673479,0.8327129006655883,-16037.626924581293,8117.724170640012,671.097530190467,1.5,0.0
37,13,18500.0,10705.876920090406,31672.90904707055,0.03870189537809223,0.8624737917994968,16053.53362977958,9171.093626938315,455.1811697247459,1.5,0.0
37,13,18500.0,101592.8769200904,32660.62238036522,0.03870189537809223,0.8624737917994968,3909.965345671344,-18080.58442527135,-163.18703174690194,1.5,0.0
37,13,18500.0,88136.8769200904,29363.63317426306,0.03870189537809223,0.8624737917994968,-7784.597827191398,-16561.609484075598,1894.392959004062,1.5,0.0
37,13,18500.0,75458.8769200904,25125.559817713154,0.03870189537809223,0.8624737917994968,-15094.422669800444,-8577.61048044997,4461.126676845163,1.5,0.0
37,13,18500.0,78277.8769200904,26107.92596563747,0.03870189537809223,0.8624737917994968,-14010.947180744099,-10727.12190423251,3879.0268884307557,1.5,0.0
37,13,18500.0,49697.876920090406,30528.970923436835,0.03870189537809223,0.8624737917994968,-13702.335406401742,12316.151177335018,1169.9580232516425,1.5,0.0
37,13,18500.0,96840.8769200904,25280.560903389887,0.03870189537809223,0.8624737917994968,-303.0870736261483,-17406.25510684228,4369.919613178037,1.5,0.0
37,13,18500.0,121548.8769200904,35610.673554880595,0.03870189537809223,0.8624737917994968,16901.65352616434,-6954.017965487875,-2002.2875379400414,1.5,0.0
37,13,18500.0,88814.8769200904,27653.732772701955,0.03870189537809223,0.8624737917994968,-7122.4096435361025,-16544.4016799458,2945.766691677817,1.5,0.0
37,13,18500.0,90132.8769200904,29193.559414294945,0.03870189537809223,0.8624737917994968,-6140.305152349944,-17214.598774367485,1999.6690241620786,1.5,0.0
37,13,18500.0,115381.8769200904,30684.83759028518,0.03870189537809223,0.8624737917994968,14226.797880166245,-11725.493028220937,1072.7292901919027,1.5,0.0
37,13,18500.0,28040.876920090406,31049.076055720194,0.03870189537809223,0.8624737917994968,3872.3620330951157,18049.620839195642,845.2902489099199,1.5,0.0
37,13,18500.0,91983.8769200904,24326.90346433177,0.03870189537809223,0.8624737917994968,-4278.634204748762,-16557.08849324637,4926.973294787697,1.5,0.0
38,13,19000.0,103169.00173842616,36945.414427930664,0.03755054023523831,0.8916682424050191,5290.7835999316,-17769.599560001534,-2857.0424544208613,1.5,0.0
38,13,19000.0,80110.00173842616,37927.500040682295,0.03755054023523831,0.8916682424050191,-13502.275909404883,-12384.606379467079,-3460.8450654639273,1.5,0.0
38,13,19000.0,119341.00173842616,28517.64640332705,0.03755054023523831,0.8916682424050191,16403.054446714912,-8905.100459771806,2445.6352144947477,1.5,0.0
38,13,19000.0,47800.00173842616,29524.345143677223,0.03755054023523831,0.8916682424050191,-12778.775415250859,13810.560495373384,1816.3223231811314,1.5,0.0
38,13,19000.0,86654.00173842616,28228.22221905899,0.03755054023523831,0.8916682424050191,-9107.159070319247,-16232.457588364767,2625.549197655897,1.5,0.0
38,13,19000.0,65745.00173842616,32073.787088927256,0.03755054023523831,0.8916682424050191,-18977.689255585752,-870.0712481029967,206.7031011690112,1.5,0.0
38,13,19000.0,79983.00173842616,35368.785394072765,0.03755054023523831,0.8916682424050191,-13935.25533519113,-12624.644835243604,-1874.7451553135108,1.5,0.0
38,13,19000.0,1844.0017384261591,27997.696582507415,0.03755054023523831,0.8916682424050191,18494.739220116724,1657.8436612277492,2768.4821099112205,1.5,0.0
38,13,19000.0,101205.00173842616,29657.91902128884,0.03755054023523831,0.8916682424050191,3633.70640766666,-18478.466399311583,1732.4641578411918,1.5,0.0
38,13,19000.0,129025.00173842616,39372.230804944236,0.03755054023523831,0.8916682424050191,17917.86425557536,-499.6203959796623,-4334.4458416398265,1.5,0.0
38,13,19000.0,69376.00173842616,25086.82249552072,0.03755054023523831,0.8916682424050191,-17381.543026748124,-3920.643502829043,4537.6668034369795,1.5,0.0
38,13,19000.0,108755.00173842616,31764.46760488097,0.03755054023523831,0.8916682424050191,10091.002204299031,-16088.165481982878,402.6548418397053,1.5,0.0
38,13,19000.0,118739.00173842616,35827.2402738678,0.03755054023523831,0.8916682424050191,16200.0869056418,-9417.111545740394,-2161.7641477899965,1.5,0.0
39,13,19500.0,104548.92278391495,24806.792909006643,0.03646154338888342,0.9202509212483035,6345.83060213098,-17050.96735710125,4757.231312926903,1.5,0.0
39,13,19500.0,73448.92278391495,26092.197374507694,0.03646154338888342,0.9202509212483035,-16984.34284879579,-7570.722002055337,3979.8852948613126,1.5,0.0
39,13,19500.0,68147.92278391495,34346.418443378396,0.03646154338888342,0.9202509212483035,-19158.08158315822,-3137.1825314454654,-1245.5879131615623,1.5,0.0
39,13,19500.0,126874.92278391495,28214.550321573188,0.03646154338888342,0.9202509212483035,18933.471581402147,-2516.060447680414,2664.039062826976,1.5,0.0
39,13,19500.0,54788.92278391495,33521.235216976966,0.03646154338888342,0.9202509212483035,-17222.495266089125,9083.675539671489,-718.2336353732843,1.5,0.0
39,13,19500.0,89993.92278391495,33861.16520081124,0.03646154338888342,0.9202509212483035,-6658.050607038158,-18276.08764207538,-935.661895778675,1.5,0.0
39,13,19500.0,66560.92278391495,38060.85239605442,0.03646154338888342,0.9202509212483035,-18701.86206762554,-1600.5045996897848,-3582.606492916093,1.5,0.0
39,13,19500.0,51313.92278391495,24376.810565172356,0.03646154338888342,0.9202509212483035,-14322.134947476214,10974.409178818783,5013.287458197224,1.5,0.0
39,13,19500.0,38128.92278391495,38124.58524134634,0.03646154338888342,0.9202509212483035,-5142.081936785521,18035.081259888942,-3621.9063883864947,1.5,0.0
39,13,19500.0,60289.92278391495,34329.72920011698,0.03646154338888342,0.9202509212483035,-18952.461619320202,4211.3750839923605,-1234.939138929958,1.5,0.0
39,13,19500.0,49849.92278391495,26936.444474900312,0.03646154338888342,0.9202509212483035,-14089.187443500705,12477.336654086186,3460.7311891815193,1.5,0.0
39,13,19500.0,39951.92278391495,36821.5856877916,0.03646154338888342,0.9202509212483035,-6821.261826874955,17790.814857624777,-2812.0932777649864,1.5,0.0
39,13,19500.0,73055.92278391495,38158.96297700749,0.03646154338888342,0.9202509212483035,-17263.28459138136,-7304.059100748358,-3643.0905666892295,1.5,0.0
40,13,20000.0,70338.6299782613,29458.065708821046,0.035430081660124825,0.9481808382428365,-19087.482153517954,-5252.222532789181,1899.4579578836272,1.5,0.0
40,13,20000.0,65560.6299782613,37247.25906031215,0.035430081660124825,0.9481808382428365,-19437.055270474106,-717.0933547036612,-3111.441662821335,1.5,0.0
40,13,20000.0,64810.629978261306,34031.88948557481,0.035430081660124825,0.9481808382428365,-19937.436209235493,-10.274876073588045,-1056.1066450730148,1.5,0.0
40,13,20000.0,22083.629978261306,27804.962262651505,0.035430081660124825,0.9481808382428365,9354.160463481663,17116.50252729531,2952.304251512992,1.5,0.0
40,13,20000.0,104786.6299782613,31007.22271938563,0.035430081660124825,0.9481808382428365,7175.070791781809,-18619.81059645786,901.6163812330831,1.5,0.0
40,13,20000.0,91505.6299782613,29445.697276689698,0.035430081660124825,0.9481808382428365,-5395.725660982409,-19045.63799325067,1907.389061567899,1.5,0.0
40,13,20000.0,28494.629978261306,25565.355967901894,0.035430081660124825,0.9481808382428365,3559.409887237079,18574.086166732068,4347.199754888058,1.5,0.0
40,13,20000.0,110811.6299782613,24783.323275615097,0.035430081660124825,0.9481808382428365,11434.44014071287,-14735.83583002432,4823.036394063694,1.5,0.0
40,13,20000.0,20870.629978261306,29912.95421759633,0.035430081660124825,0.9481808382428365,10529.08453016777,16833.037081159215,1607.3155189234049,1.5,0.0
40,13,20000.0,30618.629978261306,24608.35319464328,0.035430081660124825,0.9481808382428365,1603.4926451372735,18520.654848425285,4928.573958553331,1.5,0.0
40,13,20000.0,42904.629978261306,26980.901672824755,0.035430081660124825,0.9481808382428365,-9416.357994580798,16862.73416122317,3470.4797429597684,1.5,0.0
40,13,20000.0,79463.6299782613,36047.96979778408,0.035430081660124825,0.9481808382428365,-14918.926501770497,-12846.94352310593,-2351.0129277073843,1.5,0.0
40,13,20000.0,127752.6299782613,35771.07801807413,0.035430081660124825,0.9481808382428365,19654.392216391025,-1765.0287817747046,-2174.221969011943,1.5,0.0
41,13,20500.0,122779.56946481869,35528.145916261165,0.03445181130818021,0.9754213404735887,19166.90462189755,-6579.360469959507,-2039.7318069717119,1.5,0.0
41,13,20500.0,56468.56946481869,27101.691770361664,0.03445181130818021,0.9754213404735887,-18231.84150942926,7792.665091719646,3430.0691264881402,1.5,0.0
41,13,20500.0,113114.56946481869,32518.1417656291,0.03445181130818021,0.9754213404735887,14293.480817690788,-14694.645944583834,-77.33092510395038,1.5,0.0
41,13,20500.0,124437.56946481869,40366.746510045115,0.03445181130818021,0.9754213404735887,18398.144478732254,-4703.338530259615,-5086.052934149478,1.5,0.0
41,13,20500.0,58497.56946481869,24364.9231966801,0.03445181130818021,0.9754213404735887,-18085.739414694544,5704.75482997217,5127.456607684296,1.5,0.0
41,13,20500.0,33487.56946481869,24568.592790740422,0.03445181130818021,0.9754213404735887,-1003.4583114213276,19013.61680387518,5003.881879114636,1.5,0.0
41,13,20500.0,3140.569464818691,40387.97022727421,0.03445181130818021,0.9754213404735887,18762.25798251548,2879.0069029175725,-5098.919111142592,1.5,0.0
41,13,20500.0,36567.56946481869,33771.14911297348,0.03445181130818021,0.9754213404735887,-4104.8031462178005,20038.61924185804,-896.8440036565041,1.5,0.0
41,13,20500.0,94354.56946481869,26355.941603399915,0.03445181130818021,0.9754213404735887,-2698.8598565113957,-19439.731475174547,3899.850009749001,1.5,0.0
41,13,20500.0,48015.56946481869,38836.295636016315,0.03445181130818021,0.9754213404735887,-13399.308038445442,14180.976795535229,-4144.930670846532,1.5,0.0
41,13,20500.0,33727.56946481869,38562.16086206862,0.03445181130818021,0.9754213404735887,-1260.114533112941,19551.389503358234,-3973.7961273665005,1.5,0.0
41,13,20500.0,118017.56946481869,32986.44669240428,0.03445181130818021,0.9754213404735887,17345.01320860959,-10911.502805111719,-383.815183722661,1.5,0.0
41,13,20500.0,36019.56946481869,34373.03088374426,0.03445181130818021,0.9754213404735887,-3562.578987620331,20092.89647888427,-1289.5064260298373,1.5,0.0
42,13,21000.0,26578.745766576496,33950.56314990878,0.03352281029877678,1.001940081983009,5831.789737900391,20112.25519611106,-1024.0801222721752,1.5,0.0
42,13,21000.0,38351.745766576496,28046.744742927007,0.03352281029877678,1.001940081983009,-5843.191269594529,19685.112393626783,2856.530100225834,1.5,0.0
42,13,21000.0,96466.7457665765,38456.993666041584,0.03352281029877678,1.001940081983009,-714.4255057444979,-20088.36105512882,-3946.853943735215,1.5,0.0
42,13,21000.0,9493.745766576496,28409.36500630162,0.03352281029877678,1.001940081983009,18463.557330318075,9153.951463532332,2621.699121922875,1.5,0.0
42,13,21000.0,60900.745766576496,34194.476158413774,0.03352281029877678,1.001940081983009,-20547.875148496503,3931.337348511138,-1184.7952378872235,1.5,0.0
42,13,21000.0,80001.7457665765,33267.361609451706,0.03352281029877678,1.001940081983009,-15536.483280562219,-14101.004820847334,-573.2258768945295,1.5,0.0
42,13,21000.0,20056.745766576496,30717.897300959834,0.03352281029877678,1.001940081983009,11790.739114600377,17293.122723224034,1110.7712038222603,1.5,0.0
42,13,21000.0,41146.745766576496,35277.456370316664,0.03352281029877678,1.001940081983009,-8556.695840899258,18954.053495873977,-1896.0630841555403,1.5,0.0
42,13,21000.0,47463.745766576496,36057.46808239003,0.03352281029877678,1.001940081983009,-13789.467061934947,15399.005544192421,-2405.22602706161,1.5,0.0
42,13,21000.0,88951.7457665765,33484.392284174064,0.03352281029877678,1.001940081983009,-8164.297019180677,-19316.482499040423,-716.5391655940188,1.5,0.0
42,13,21000.0,129527.7457665765,36586.440242393015,0.03352281029877678,1.001940081983009,20568.8140890872,-72.05252318342622,-2748.606841411793,1.5,0.0
42,13,21000.0,111323.7457665765,40231.35663108559,0.03352281029877678,1.001940081983009,12336.013617586508,-15107.873762334979,-5053.658003588143,1.5,0.0
42,13,21000.0,27539.745766576496,31092.212683993042,0.03352281029877678,1.001940081983009,4892.753439316195,20378.67823354142,863.9720582681365,1.5,0.0
43,13,21500.0,121162.95005292515,38712.434031141434,0.03263952868138665,1.0277089688029406,18809.74486828323,-8153.836389466994,-4147.577242545735,1.5,0.0
43,13,21500.0,108988.95005292515,30699.117288657013,0.03263952868138665,1.0277089688029406,11590.511924171646,-18021.485148309916,1133.9141043270051,1.5,0.0
43,13,21500.0,55898.95005292515,35357.82189098937,0.03263952868138665,1.0277089688029406,-19328.535349014233,8900.409584469597,-1967.3456232567235,1.5,0.0
43,13,21500.0,111372.95005292515,26719.861333164044,0.03263952868138665,1.0277089688029406,13123.954503849718,-15994.826121003218,3743.294465775125,1.5,0.0
43,13,21500.0,120425.95005292515,39877.10399856473,0.03263952868138665,1.0277089688029406,18146.971290204976,-8649.236438849372,-4881.777538288355,1.5,0.0
43,13,21500.0,123367.95005292515,27190.756541513663,0.03263952868138665,1.0277089688029406,19874.974086873608,-6194.6463099270595,3439.902915423164,1.5,0.0
43,13,21500.0,92374.95005292515,27532.580284971744,0.03263952868138665,1.0277089688029406,-4845.527228253855,-20334.802829865755,3218.5382890572632,1.5,0.0
43,13,21500.0,35661.95005292515,38215.522341034964,0.03263952868138665,1.0277089688029406,-3252.247550465866,20393.400764569084,-3830.1662288764205,1.5,0.0
43,13,21500.0,56630.95005292515,39083.840455099285,0.03263952868138665,1.0277089688029406,-18803.428787119046,7862.484938081772,-4383.257765613355,1.5,0.0
43,13,21500.0,44679.95005292515,27736.78800187748,0.03263952868138665,1.0277089688029406,-11750.327291082898,17348.00376373221,3085.8679722918355,1.5,0.0
43,13,21500.0,42080.95005292515,31910.77438843221,0.03263952868138665,1.0277089688029406,-9721.775843406343,19169.69171104793,326.4874977698529,1.5,0.0
43,13,21500.0,110964.95005292515,36182.61745391785,0.03263952868138665,1.0277089688029406,13083.261274032364,-16604.39767772719,-2510.461204857575,1.5,0.0
43,13,21500.0,1400.9500529251527,38529.52488773499,0.03263952868138665,1.0277089688029406,20510.248066067517,1395.201612747988,-4031.011032597313,1.5,0.0
44,13,22000.0,59841.094388540834,38944.36731222425,0.03179874578115617,1.052704080855169,-20300.773560197857,4976.858477988553,-4334.7526071902275,1.5,0.0
44,13,22000.0,25259.094388540834,38322.27513700066,0.03179874578115617,1.052704080855169,7159.585072696523,19847.539947094847,-3934.7105158578456,1.5,0.0
44,13,22000.0,29658.094388540834,37229.178460257,0.03179874578115617,1.052704080855169,2836.3318773102483,21210.991845562003,-3223.339946189311,1.5,0.0
44,13,22000.0,43139.094388540834,25917.772130003817,0.03179874578115617,1.052704080855169,-10407.706136521176,18150.235079425274,4294.964540945519,1.5,0.0
44,13,22000.0,117238.09438854083,27611.237346719154,0.03179874578115617,1.052704080855169,17678.41859113754,-12076.871610729577,3196.8520791284,1.5,0.0
44,13,22000.0,72260.09438854083,36346.32591474396,0.03179874578115617,1.052704080855169,-20201.261593190273,-7642.481447389859,-2642.0919217782493,1.5,0.0
44,13,22000.0,60733.094388540834,24674.86953222753,0.03179874578115617,1.052704080855169,-20078.291866732783,4010.9307860621398,5082.912877874279,1.5,0.0
44,13,22000.0,70889.09438854083,40163.43906605793,0.03179874578115617,1.052704080855169,-19574.946665256986,-5952.604878674297,-5106.920342422795,1.5,0.0
44,13,22000.0,45332.094388540834,30409.74382176203,0.03179874578115617,1.052704080855169,-12847.14543264382,17732.98042848649,1338.574682205781,1.5,0.0
44,13,22000.0,77605.09438854083,35952.86304579134,0.03179874578115617,1.052704080855169,-17630.175630262467,-12607.872239469349,-2381.4230329777783,1.5,0.0
44,13,22000.0,99221.09438854083,38678.651633506306,0.03179874578115617,1.052704080855169,2053.2883274241253,-20887.932010605884,-4164.3429659195035,1.5,0.0
44,13,22000.0,49997.094388540834,30693.004188031333,0.03179874578115617,1.052704080855169,-16516.82972502924,14418.289635628189,1148.5353134127595,1.5,0.0
44,13,22000.0,33726.094388540834,29469.94631531459,0.03179874578115617,1.052704080855169,-1399.188158257512,21733.410361682756,1967.0786657715807,1.5,0.0
45,13,22500.0,106831.63541817962,27487.223328160228,0.030997533141601058,1.0769055724592769,9842.865860678256,-19524.03641746458,3307.6258855762258,1.5,0.0
45,13,22500.0,8785.635418179678,30410.736922704662,0.030997533141601058,1.0769055724592769,20394.43108399823,9253.274064011459,1349.9637255382036,1.5,0.0
45,13,22500.0,42565.63541817968,30684.53311800852,0.030997533141601058,1.0769055724592769,-10608.702380977342,19753.77928237262,1164.6217035165205,1.5,0.0
45,13,22500.0,37726.63541817968,26423.960827024763,0.030997533141601058,1.0769055724592769,-5506.60502512503,20847.2478156152,4005.196047552676,1.5,0.0
45,13,22500.0,38969.63541817968,26938.51830898379,0.030997533141601058,1.0769055724592769,-6800.262040205131,20623.669214529928,3668.8272994509052,1.5,0.0
45,13,22500.0,13526.635418179678,35389.90558897757,0.030997533141601058,1.0769055724592769,17645.726013916592,13576.28039130346,-2025.0644064930582,1.5,0.0
45,13,22500.0,16697.635418179678,29799.539618184222,0.030997533141601058,1.0769055724592769,15398.27606560956,16159.795300961585,1762.7976470287717,1.5,0.0
45,13,22500.0,94593.63541817962,39769.35394806408,0.030997533141601058,1.0769055724592769,-2656.486303288813,-20911.127781952997,-4902.908060483462,1.5,0.0
45,13,22500.0,41663.63541817968,28246.26727480944,0.030997533141601058,1.0769055724592769,-9571.354948161505,19859.130200916676,2804.1583969099356,1.5,0.0
45,13,22500.0,38294.63541817968,25902.57698269812,0.030997533141601058,1.0769055724592769,-6030.781998756904,20525.23937261632,4343.484059767773,1.5,0.0
45,13,22500.0,84898.63541817968,36506.77392060418,0.030997533141601058,1.0769055724592769,-12387.624291793762,-18248.067932692757,-2772.8792666253735,1.5,0.0
45,13,22500.0,29027.635418179678,38572.78404106949,0.030997533141601058,1.0769055724592769,3499.534543692292,21213.231843794634,-4133.161785978459,1.5,0.0
45,13,22500.0,24279.635418179678,28805.436381318104,0.030997533141601058,1.0769055724592769,8500.168385030429,20464.052247202817,2430.7988733373672,1.5,0.0
46,13,23000.0,13742.073821971426,39841.18403169686,0.03023322233937573,1.1002975532797137,16917.628313348538,13299.682872042413,-4992.117046417423,1.5,0.0
46,13,23000.0,107577.07382197137,34870.811052193145,0.03023322233937573,1.1002975532797137,11009.734180988444,-20005.780282566884,-1690.0699306844717,1.5,0.0
46,13,23000.0,78230.07382197143,32327.206217383617,0.03023322233937573,1.1002975532797137,-18294.374716046084,-13939.48582852055,49.911159037700315,1.5,0.0
46,13,23000.0,105462.07382197137,26093.21159927978,0.03023322233937573,1.1002975532797137,8552.439109796811,-20197.06896003729,4257.202084131854,1.5,0.0
46,13,23000.0,13848.073821971426,28389.467906903315,0.03023322233937573,1.1002975532797137,17668.929503933276,14037.828740899091,2732.5389626605856,1.5,0.0
46,13,23000.0,19439.073821971426,29075.33798310759,0.03023322233937573,1.1002975532797137,13344.65049689435,18365.601426409932,2269.7060772316695,1.5,0.0
46,13,23000.0,88780.07382197137,36689.8175522372,0.03023322233937573,1.1002975532797137,-8933.482997981508,-20655.252744406935,-2920.167262009874,1.5,0.0
46,13,23000.0,12493.073821971426,38502.71491568683,0.03023322233937573,1.1002975532797137,18087.040443339672,12525.453705150663,-4123.562283904504,1.5,0.0
46,13,23000.0,10716.073821971426,38906.5980277763,0.03023322233937573,1.1002975532797137,18980.07260972717,10855.421214787588,-4387.645987395516,1.5,0.0
46,13,23000.0,115010.07382197137,40250.01145366221,0.03023322233937573,1.1002975532797137,16231.292365160107,-13876.347734047698,-5253.388999534686,1.5,0.0
46,13,23000.0,97971.07382197137,40214.340266293424,0.03023322233937573,1.1002975532797137,798.6483117929153,-21354.1545705417,-5230.673087722734,1.5,0.0
46,13,23000.0,87241.07382197137,39738.5859508413,0.03023322233937573,1.1002975532797137,-10009.702477604867,-19095.07134885638,-4926.237164676977,1.5,0.0
46,13,23000.0,82499.07382197137,25463.518676146727,0.03023322233937573,1.1002975532797137,-14197.145462751807,-16426.728229538032,4666.879710773993,1.5,0.0
47,13,23500.0,2837.5182054095785,33086.30331729572,0.02950337694222026,1.1228679516145574,23265.10204096713,3220.8482676288427,-474.531093752781,1.5,0.0
47,13,23500.0,123188.51820540958,26978.043438550118,0.02950337694222026,1.1228679516145574,21605.281640384204,-6940.720241252381,3706.566013805,1.5,0.0
47,13,23500.0,87894.51820540958,28402.7386852832,0.02950337694222026,1.1228679516145574,-10054.065639469474,-20752.927929924128,2747.068425377014,1.5,0.0
47,13,23500.0,62425.51820540964,26897.05480471258,0.02950337694222026,1.1228679516145574,-22518.579764632548,2603.80892709628,3760.621754246298,1.5,0.0
47,13,23500.0,109494.51820540958,38101.317156275734,0.02950337694222026,1.1228679516145574,12691.721273332278,-18709.39034041717,-3892.7781989776527,1.5,0.0
47,13,23500.0,98854.51820540958,33764.49133299173,0.02950337694222026,1.1228679516145574,1878.8733115723116,-23373.203343130495,-942.9370340083017,1.5,0.0
47,13,23500.0,12091.518205409637,36209.09672581806,0.02950337694222026,1.1228679516145574,19243.612846936514,12779.399616639652,-2619.2649915803167,1.5,0.0
47,13,23500.0,125136.51820540958,29095.732379142417,0.02950337694222026,1.1228679516145574,22658.051876587888,-4981.099036250242,2275.3322254153254,1.5,0.0
47,13,23500.0,82604.51820540958,30314.29272083009,0.02950337694222026,1.1228679516145574,-15197.409410720993,-17766.85958375356,1439.9311252346247,1.5,0.0
47,13,23500.0,46253.51820540964,30858.65042370985,0.02950337694222026,1.1228679516145574,-14582.503925273677,18344.54971066809,1064.9411187281578,1.5,0.0
47,13,23500.0,50051.51820540964,36612.24254225336,0.02950337694222026,1.1228679516145574,-17375.563106826503,15087.319963268103,-2892.8055932854736,1.5,0.0
47,13,23500.0,36723.51820540964,36812.11840032801,0.02950337694222026,1.1228679516145574,-4778.402454971076,22461.7764246493,-3028.0211661678472,1.5,0.0
47,13,23500.0,20367.518205409637,27650.379145727315,0.02950337694222026,1.1228679516145574,12602.700341235539,19095.90715510159,3255.688817616501,1.5,0.0
48,13,24000.0,7783.30398121709,30999.80048722151,0.028805768002907482,1.1446083619768173,22260.11773489632,8822.523479875847,975.7752553801705,1.5,0.0
48,13,24000.0,51610.30398121709,31587.720659094844,0.028805768002907482,1.1446083619768173,-19243.182718250628,14311.083465588134,566.3522511564064,1.5,0.0
48,13,24000.0,112125.30398121715,28273.195362975996,0.028805768002907482,1.1446083619768173,15573.095885334886,-17627.474109992178,2858.946975182743,1.5,0.0
48,13,24000.0,74823.30398121715,35805.97226164298,0.028805768002907482,1.1446083619768173,-20932.9679016742,-11056.558548844432,-2364.6080522077664,1.5,0.0
48,13,24000.0,89372.30398121715,38091.6213203157,0.028805768002907482,1.1446083619768173,-8554.547736388015,-21449.104087609943,-3919.2603436206464,1.5,0.0
48,13,24000.0,45724.30398121709,38468.117265660265,0.028805768002907482,1.1446083619768173,-13826.851334797802,18340.88762836019,-4171.235508865116,1.5,0.0
48,13,24000.0,23771.30398121709,29797.01876093229,0.028805768002907482,1.1446083619768173,9672.131384483977,21756.04295390062,1810.5527553099087,1.5,0.0
48,13,24000.0,72198.30398121715,32899.776387462596,0.028805768002907482,1.1446083619768173,-22466.068734770288,-8422.449800824514,-348.51920849112014,1.5,0.0
48,13,24000.0,109069.30398121715,28324.183742623554,0.028805768002907482,1.1446083619768173,12806.736826688264,-19743.05137185565,2824.0873889440263,1.5,0.0
48,13,24000.0,93471.30398121715,28265.703325112358,0.028805768002907482,1.1446083619768173,-4228.557779726,-23136.267782122515,2864.06764271949,1.5,0.0
48,13,24000.0,82234.30398121715,26912.31581820117,0.028805768002907482,1.1446083619768173,-15364.960716838981,-17323.39448686534,3782.221989177512,1.5,0.0
48,13,24000.0,39290.30398121709,39528.30797508174,0.028805768002907482,1.1446083619768173,-7403.708522772311,21332.778344633167,-4873.04522413481,1.5,0.0
48,13,24000.0,9642.30398121709,38685.419023410395,0.028805768002907482,1.1446083619768173,20437.979791852795,10316.883368827179,-4316.040589283029,1.5,0.0
49,13,24500.0,72069.65934556111,26434.428292851495,0.028138352581376095,1.165513878945947,-22039.02495827841,-8105.9429298514915,4137.086385474807,1.5,0.0
49,13,24500.0,49205.659345561115,26335.754416470285,0.028138352581376095,1.165513878945947,-17060.412119137272,16086.823592416304,4203.549783515576,1.5,0.0
49,13,24500.0,19952.659345561173,39726.44539670007,0.028138352581376095,1.165513878945947,13035.811431784163,18913.467043475834,-5044.71504130359,1.5,0.0
49,13,24500.0,91368.65934556111,32108.898305298877,0.028138352581376095,1.165513878945947,-6833.849395416808,-23525.07076248503,204.7125313090274,1.5,0.0
49,13,24500.0,115895.65934556111,39741.92950346406,0.028138352581376095,1.165513878945947,18079.391807464053,-14159.558580075984,-5054.923197586429,1.5,0.0
49,13,24500.0,85382.65934556111,26949.945418903782,0.028138352581376095,1.165513878945947,-12820.251190126715,-19873.365533484914,3788.346904952889,1.5,0.0
49,13,24500.0,112389.65934556111,33281.54814304692,0.028138352581376095,1.165513878945947,16440.06864350659,-18135.004767457805,-619.7662539545685,1.5,0.0
49,13,24500.0,107329.65934556111,27665.019504294934,0.028138352581376095,1.165513878945947,11251.001776907104,-21037.71150611469,3300.73946159653,1.5,0.0
49,13,24500.0,117462.65934556111,28401.590619250943,0.028138352581376095,1.165513878945947,19997.65371028445,-13344.25926631218,2794.332146223668,1.5,0.0
49,13,24500.0,99776.65934556111,24786.884175931096,0.028138352581376095,1.165513878945947,2847.0075942992958,-22671.979317461115,5233.240353932589,1.5,0.0
49,13,24500.0,118346.65934556111,26227.043633991423,0.028138352581376095,1.165513878945947,20012.373504144736,-12148.241469240258,4276.662269504568,1.5,0.0
49,13,24500.0,26186.659345561173,39152.94420359297,0.028138352581376095,1.165513878945947,6882.956461666226,22154.072171300617,-4664.670996275723,1.5,0.0
49,13,24500.0,105126.65934556111,29508.834462013772,0.028138352581376095,1.165513878945947,9095.112010738712,-22490.283963180624,2026.5813535914747,1.5,0.0
50,13,25000.0,27907.411718116608,36314.15705025055,0.02749925486870606,1.1855829192733531,5305.243557325529,23971.166845083877,-2758.8842231999347,1.5,0.0
50,13,25000.0,117681.41171811655,31893.900611626028,0.02749925486870606,1.1855829192733531,20934.951219406234,-13651.066676276585,358.83691031298315,1.5,0.0
50,13,25000.0,48167.41171811655,26776.609378446643,0.02749925486870606,1.1855829192733531,-16663.99589792507,17378.046360449007,3938.308841334789,1.5,0.0
50,13,25000.0,99133.41171811655,39214.7869040318,0.02749925486870606,1.1855829192733531,2213.377891760264,-23544.084915288906,-4744.9004792830265,1.5,0.0
50,13,25000.0,35102.41171811661,29830.470491583987,0.02749925486870606,1.1855829192733531,-3240.743075916676,24593.66646815255,1817.3334337608646,1.5,0.0
50,13,25000.0,90766.41171811655,25111.72837309033,0.02749925486870606,1.1855829192733531,-7197.938176785448,-22323.7666910928,5061.209958036261,1.5,0.0
50,13,25000.0,107378.41171811655,29846.939564332184,0.02749925486870606,1.1855829192733531,11751.375134395532,-21848.99750188746,1805.7452045063953,1.5,0.0
50,13,25000.0,107800.41171811655,37170.20389403333,0.02749925486870606,1.1855829192733531,11962.725135991202,-21190.97540425253,-3352.4599044755714,1.5,0.0
50,13,25000.0,124461.41171811655,34387.88166880897,0.02749925486870606,1.1855829192733531,24115.777400960753,-6135.317134889089,-1407.4173263906737,1.5,0.0
50,13,25000.0,63134.41171811655,36463.58507286673,0.02749925486870606,1.1855829192733531,-24436.52743792304,1977.5496716636437,-2862.867607323903,1.5,0.0
50,13,25000.0,18091.411718116608,37156.89321857051,0.02749925486870606,1.1855829192733531,15561.460890520213,18713.228023020314,-3343.2719462605965,1.5,0.0
50,13,25000.0,37391.41171811661,27733.664699504792,0.02749925486870606,1.1855829192733531,-5838.234721737415,23653.10585721442,3280.725783049229,1.5,0.0
50,13,25000.0,57342.41171811655,39265.28972070952,0.02749925486870606,1.1855829192733531,-22100.377410233967,8357.879960868511,-4778.7607287487335,1.5,0.0
51,13,25500.0,5794.729058763187,31723.845072891527,0.026886749553675614,1.2048170342122622,24487.141417247807,7066.215700577887,483.333853326,1.5,0.0
51,13,25500.0,98163.72905876319,26390.286926349076,0.026886749553675614,1.2048170342122622,1140.8050964892227,-24398.630201656015,4236.141762955158,1.5,0.0
51,13,25500.0,86105.72905876319,26767.692704552726,0.026886749553675614,1.2048170342122622,-12579.73516102982,-21088.12247536794,3976.9909945905265,1.5,0.0
51,13,25500.0,66563.72905876319,34542.9815710894,0.026886749553675614,1.2048170342122622,-25269.834954834267,-2166.0546866576105,-1529.380798998241,1.5,0.0
51,13,25500.0,112158.72905876319,30665.42374343778,0.026886749553675614,1.2048170342122622,16854.373387392763,-19015.583613960967,1238.6829983971602,1.5,0.0
51,13,25500.0,127055.72905876319,39234.00969251092,0.026886749553675614,1.2048170342122622,23929.923622282007,-2966.811884535836,-4797.106498110123,1.5,0.0
51,13,25500.0,29641.729058763187,29470.335212650734,0.026886749553675614,1.2048170342122622,3365.591187534686,25017.850067344418,2087.5433773691707,1.5,0.0
51,13,25500.0,100963.72905876319,36064.1180798192,0.026886749553675614,1.2048170342122622,4554.408227064147,-24682.031842631288,-2605.9237282778963,1.5,0.0
51,13,25500.0,28482.729058763245,31769.810768509502,0.026886749553675614,1.2048170342122622,4811.51812548798,25029.832309143054,450.48692658965194,1.5,0.0
51,13,25500.0,65712.72905876319,34991.21107829432,0.026886749553675614,1.2048170342122622,-25274.28219350197,-1119.1264680004779,-1847.7305969217964,1.5,0.0
51,13,25500.0,65746.72905876319,34015.064778799046,0.026886749553675614,1.2048170342122622,-25395.096653597226,-1166.4216429605083,-1153.5192922992221,1.5,0.0
51,13,25500.0,13547.729058763245,31959.10035869577,0.026886749553675614,1.2048170342122622,20189.92197519096,15566.630693231446,315.19945263593723,1.5,0.0
51,13,25500.0,37385.72905876319,39690.989732915885,0.026886749553675614,1.2048170342122622,-5726.511797126112,23227.97424261329,-5104.854871182597,1.5,0.0
52,13,26000.0,88317.89133619261,36443.82162655045,0.026299247128098807,1.2232207140105162,-10645.307483493614,-23173.824515957538,-2896.369551533334,1.5,0.0
52,13,26000.0,64620.89133619261,40367.28500726158,0.026299247128098807,1.2232207140105162,-24083.48103473578,209.13255182750254,-5601.498836664295,1.5,0.0
52,13,26000.0,92235.89133619261,32908.903747875345,0.026299247128098807,1.2232207140105162,-6195.220215169596,-25242.975893814135,-366.80834293862006,1.5,0.0
52,13,26000.0,43174.89133619261,34991.93064457865,0.026299247128098807,1.2232207140105162,-12870.293583311146,22354.802991949542,-1863.491583927257,1.5,0.0
52,13,26000.0,31959.89133619261,29200.180554434435,0.026299247128098807,1.2232207140105162,548.0601887739817,25681.92403141916,2297.363671196346,1.5,0.0
52,13,26000.0,108085.89133619261,39650.07671458907,0.026299247128098807,1.2232207140105162,12293.09704347474,-21088.97355771454,-5119.298026453661,1.5,0.0
52,13,26000.0,18414.89133619261,30234.63491461589,0.026299247128098807,1.2232207140105162,16218.716861760997,20137.78811388246,1558.0476806399292,1.5,0.0
52,13,26000.0,247.89133619260974,36263.873545523384,0.026299247128098807,1.2232207140105162,25543.304859769196,306.997056729392,-2769.0294486286084,1.5,0.0
52,13,26000.0,95847.89133619261,30830.87130672913,0.026299247128098807,1.2232207140105162,-1698.207870814622,-25869.12249039693,1130.022812208959,1.5,0.0
52,13,26000.0,25421.89133619261,33401.46666702059,0.026299247128098807,1.2232207140105162,8619.01561625292,24497.352059148452,-721.6281607793962,1.5,0.0
52,13,26000.0,18646.89133619261,35960.47706734905,0.026299247128098807,1.2232207140105162,15840.750616290205,20127.777111138377,-2553.8590083994086,1.5,0.0
52,13,26000.0,78477.89133619261,32544.73325837194,0.026299247128098807,1.2232207140105162,-20489.411494184536,-16004.709724094864,-104.33076532394459,1.5,0.0
52,13,26000.0,57745.89133619261,38994.79849593404,0.026299247128098807,1.2232207140105162,-23252.969988846366,8277.60772106801,-4673.309582745854,1.5,0.0
53,13,26500.0,127101.08813955507,25785.92360075591,0.02573528087317098,1.240801186456207,24964.897620258074,-3039.3987809283667,4725.229914879454,1.5,0.0
53,13,26500.0,54259.08813955507,35113.33675497748,0.02573528087317098,1.240801186456207,-22914.58942072286,12848.71563805293,-1966.4023896363954,1.5,0.0
53,13,26500.0,65776.08813955507,34919.387361157445,0.02573528087317098,1.240801186456207,-26273.12370069253,-1244.2279875057163,-1826.5707151769332,1.5,0.0
53,13,26500.0,35993.08813955507,35039.13737020354,0.02573528087317098,1.240801186456207,-4555.387252420591,25885.605089465123,-1912.9267278398013,1.5,0.0
53,13,26500.0,95295.08813955507,24620.216414551607,0.02573528087317098,1.240801186456207,-2272.0877926518815,-24532.295621311627,5521.321380682322,1.5,0.0
53,13,26500.0,63626.08813955507,29590.058851282833,0.02573528087317098,1.240801186456207,-26211.970585407573,1493.4108001242935,2035.9871552547445,1.5,0.0
53,13,26500.0,55805.08813955507,27504.51952559899,0.02573528087317098,1.240801186456207,-23346.566067255266,10879.671943351977,3524.7822013632467,1.5,0.0
53,13,26500.0,101704.08813955507,36906.053045213004,0.02573528087317098,1.240801186456207,5604.3331982859045,-25255.82353060153,-3249.064406566571,1.5,0.0
53,13,26500.0,64332.08813955507,38242.21250261731,0.02573528087317098,1.240801186456207,-25437.572414711965,577.1505178850439,-4189.641746779497,1.5,0.0
53,13,26500.0,71617.08813955507,28296.222111063587,0.02573528087317098,1.240801186456207,-24571.34462377428,-8430.074305718128,2963.035407558192,1.5,0.0
53,13,26500.0,68465.08813955507,35119.15637333738,0.02573528087317098,1.240801186456207,-25856.44009974351,-4643.36351254572,-1970.5955343664868,1.5,0.0
53,13,26500.0,44941.08813955507,26395.677416024046,0.02573528087317098,1.240801186456207,-14500.861270253392,20835.781360963356,4302.640077294412,1.5,0.0
53,13,26500.0,27739.088139555068,28757.470914747755,0.02573528087317098,1.240801186456207,5844.966095612632,25424.651654690457,2633.6941191389988,1.5,0.0
54,13,27000.0,102268.23902058107,39737.343989466164,0.02519349530739333,1.257568211301991,6156.573930170785,-24549.438899180677,-5264.436075463019,1.5,0.0
54,13,27000.0,20978.239020581066,34182.97982277222,0.02519349530739333,1.257568211301991,14145.590220846356,22879.437737786506,-1305.0183915734071,1.5,0.0
54,13,27000.0,39366.239020581066,28432.732282643567,0.02519349530739333,1.257568211301991,-8781.445266332717,25004.96806223068,2889.493099053648,1.5,0.0
54,13,27000.0,39753.239020581066,34432.746142005766,0.02519349530739333,1.257568211301991,-9377.058909984746,25179.624499792273,-1487.2744420052059,1.5,0.0
54,13,27000.0,39440.239020581066,29491.956819183863,0.02519349530739333,1.257568211301991,-8948.080925632315,25190.022808525155,2124.087172995632,1.5,0.0
54,13,27000.0,90454.23902058107,40113.279929205666,0.02519349530739333,1.257568211301991,-8074.191287064902,-23801.870082605823,-5521.80162705531,1.5,0.0
54,13,27000.0,121513.23902058107,30774.75338965092,0.02519349530739333,1.257568211301991,24873.958560395327,-10284.431504678154,1189.8192062083829,1.5,0.0
54,13,27000.0,120987.23902058107,35403.92907632843,0.02519349530739333,1.257568211301991,24418.943997499504,-10833.397389996853,-2193.636101297474,1.5,0.0
54,13,27000.0,99113.23902058107,24676.286834017486,0.02519349530739333,1.257568211301991,2327.543185495769,-25021.05531674501,5528.918450995247,1.5,0.0
54,13,27000.0,29255.239020581066,30780.995427383037,0.02519349530739333,1.257568211301991,4087.928132408093,26604.63767134039,1185.258908477334,1.5,0.0
54,13,27000.0,127500.23902058107,38476.74333582469,0.02519349530739333,1.257568211301991,25702.967890994063,-2625.619874576742,-4389.160056533562,1.5,0.0
54,13,27000.0,73262.23902058107,34185.68459981858,0.02519349530739333,1.257568211301991,-24666.727713038857,-10728.582432745077,-1306.9931574775792,1.5,0.0
54,13,27000.0,73766.23902058107,31491.874759614817,0.02519349530739333,1.257568211301991,-24465.22349792816,-11359.60674815798,665.298614783831,1.5,0.0
55,13,27500.0,85808.8336521617,29712.60252473184,0.024672635908703815,1.273533872316128,-14304.555061791132,-23213.459987699433,1980.277572087574,1.5,0.0
55,13,27500.0,17777.833652161702,28256.12101240739,0.024672635908703815,1.273533872316128,17542.462150201845,20454.762899649828,3041.6220384860444,1.5,0.0
55,13,27500.0,116205.8336521617,39085.28373113969,0.024672635908703815,1.273533872316128,20762.433697698434,-15762.982191079704,-4854.147240605041,1.5,0.0
55,13,27500.0,104719.8336521617,39266.7668918758,0.024672635908703815,1.273533872316128,9266.759062765377,-24281.95915808986,-4981.084768200155,1.5,0.0
55,13,27500.0,105584.8336521617,37961.83074934406,0.024672635908703815,1.273533872316128,10480.710811008561,-24346.225170733807,-4060.370828189318,1.5,0.0
55,13,27500.0,37432.8336521617,40146.9117783859,0.024672635908703815,1.273533872316128,-6180.488304114918,24825.325636139954,-5591.050216184213,1.5,0.0
55,13,27500.0,36667.8336521617,36368.86271763095,0.024672635908703815,1.273533872316128,-5545.261639985378,26416.748723646102,-2914.7844668087255,1.5,0.0
55,13,27500.0,105925.8336521617,36687.609102704395,0.024672635908703815,1.273533872316128,11046.668927863166,-24535.928961122656,-3145.622590825418,1.5,0.0
55,13,27500.0,65481.8336521617,36653.95948979478,0.024672635908703815,1.273533872316128,-26902.52218171484,-889.6199716448083,-3121.2878374135285,1.5,0.0
55,13,27500.0,86231.8336521617,32085.843621265365,0.024672635908703815,1.273533872316128,-13942.091435535971,-23700.05630261481,232.1414288696871,1.5,0.0
55,13,27500.0,58389.8336521617,31694.5255511312,0.024672635908703815,1.273533872316128,-26167.362451162855,8404.452664569348,521.2189231985726,1.5,0.0
55,13,27500.0,52291.8336521617,28191.66567361385,0.024672635908703815,1.273533872316128,-22128.00259169016,15347.827965291615,3088.279340672523,1.5,0.0
55,13,27500.0,76841.8336521617,34746.0709486205,0.024672635908703815,1.273533872316128,-22796.958480839494,-15060.120520846049,-1729.9274569620336,1.5,0.0
56,13,28000.0,69254.78930759511,27016.732218780053,0.02417153995033405,1.2887123686184325,-26423.327604731086,-5797.176932217043,3966.163769732388,1.5,0.0
56,13,28000.0,24610.789307595114,24421.61393136,0.02417153995033405,1.2887123686184325,9561.40795618929,24104.243818600844,5798.252524412591,1.5,0.0
56,13,28000.0,26692.789307595114,29745.305490175855,0.02417153995033405,1.2887123686184325,7585.6733440423895,26712.216757786216,1972.7912248644693,1.5,0.0
56,13,28000.0,20526.789307595114,37219.67553802819,0.02417153995033405,1.2887123686184325,14827.948439621918,22849.500343830994,-3558.973792092489,1.5,0.0
56,13,28000.0,46961.789307595114,37894.616632996054,0.02417153995033405,1.2887123686184325,-17525.006332527344,20555.867522316534,-4046.271546922161,1.5,0.0
56,13,28000.0,63055.789307595114,26540.93093588,0.02417153995033405,1.2887123686184325,-26781.9077179673,2270.1377930661138,4307.6328582385595,1.5,0.0
56,13,28000.0,34099.789307595114,36844.24159916543,0.02417153995033405,1.2887123686184325,-2251.5232875560823,27259.74636268292,-3286.233077585844,1.5,0.0
56,13,28000.0,40248.789307595114,26174.407510412755,0.02417153995033405,1.2887123686184325,-9929.199359661476,24822.014624112093,4569.122907290221,1.5,0.0
56,13,28000.0,24233.789307595114,30619.013960535773,0.02417153995033405,1.2887123686184325,10757.891534352422,25737.85635737926,1325.5220598530075,1.5,0.0
56,13,28000.0,15478.789307595114,40477.47414319304,0.02417153995033405,1.2887123686184325,18928.698913226537,17649.22022937157,-5866.569397433977,1.5,0.0
56,13,28000.0,72318.78930759511,27419.97133634074,0.02417153995033405,1.2887123686184325,-25401.470076104513,-9692.526235679346,3675.11110250026,1.5,0.0
56,13,28000.0,92875.78930759511,26794.210037757548,0.02417153995033405,1.2887123686184325,-5613.237145346471,-26381.72149287912,4126.135411047331,1.5,0.0
56,13,28000.0,24790.789307595114,31149.365387258054,0.02417153995033405,1.2887123686184325,10078.085988647565,26068.246891118182,931.3877693683786,1.5,0.0
57,13,28500.0,91142.32351672393,28684.24086678794,0.023689128312546548,1.3031198068591485,-8116.697614292819,-26838.289571197718,2777.4181090078987,1.5,0.0
57,13,28500.0,31593.323516723933,38634.55476400304,0.023689128312546548,1.3031198068591485,1063.7999813270164,27187.1835234455,-4614.423907893728,1.5,0.0
57,13,28500.0,59922.32351672393,35047.942767111206,0.023689128312546548,1.3031198068591485,-27478.8348882762,6621.995828925699,-1984.5419177621964,1.5,0.0
57,13,28500.0,93367.32351672393,26111.88579856697,0.023689128312546548,1.3031198068591485,-5022.479982185355,-26717.897759902637,4652.834982994322,1.5,0.0
57,13,28500.0,100516.32351672393,37786.97441576891,0.023689128312546548,1.3031198068591485,4407.791837688743,-27178.431242856775,-4002.5960136052604,1.5,0.0
57,13,28500.0,17150.323516723933,27156.97335613083,0.023689128312546548,1.3031198068591485,18585.958661418757,20382.629254336258,3897.9871064239373,1.5,0.0
57,13,28500.0,106727.32351672393,31160.62539381039,0.023689128312546548,1.3031198068591485,12678.039340648873,-25467.396829954585,930.864483272375,1.5,0.0
57,13,28500.0,61605.32351672393,33245.39584266115,0.023689128312546548,1.3031198068591485,-28135.198373210846,4392.825962274241,-635.1608730384863,1.5,0.0
57,13,28500.0,118238.32351672393,32412.411615100507,0.023689128312546548,1.3031198068591485,24284.577617341278,-14916.735428593847,-9.327677031554758,1.5,0.0
57,13,28500.0,101235.32351672393,35415.83923296544,0.023689128312546548,1.3031198068591485,5481.070178737579,-27658.037041016265,-2258.4210969702963,1.5,0.0
57,13,28500.0,127097.32351672393,34873.525104881934,0.023689128312546548,1.3031198068591485,28087.296598028177,-3424.74358921121,-1854.471379550337,1.5,0.0
57,13,28500.0,55894.32351672393,40371.080489554486,0.023689128312546548,1.3031198068591485,-23975.678931209175,11046.846363944836,-5842.494411347002,1.5,0.0
57,13,28500.0,82092.32351672393,40490.63492943184,0.023689128312546548,1.3031198068591485,-17610.20357308849,-19581.627230657785,-5925.618296243246,1.5,0.0
58,13,29000.0,106102.84005242324,25132.990303822255,0.023224398151518985,1.316773995690015,11386.800905423586,-24722.448465976435,5395.098805848469,1.5,0.0
58,13,29000.0,39318.84005242324,35190.683785819805,0.023224398151518985,1.316773995690015,-9458.975364902553,27133.502154255886,-2108.8733353882058,1.5,0.0
58,13,29000.0,115718.84005242324,30024.070660109177,0.023224398151518985,1.316773995690015,22526.82721846177,-17956.40949632952,1796.9597126004285,1.5,0.0
58,13,29000.0,114322.84005242324,37056.914769030336,0.023224398151518985,1.316773995690015,20859.5493161706,-19071.805592294226,-3499.999958371834,1.5,0.0
58,13,29000.0,60953.84005242324,37780.345219568175,0.023224398151518985,1.316773995690015,-27533.288365149347,5194.39534933527,-4032.177105629274,1.5,0.0
58,13,29000.0,66713.84005242324,37603.9387428851,0.023224398151518985,1.316773995690015,-27961.132742303504,-2601.8609385425043,-3902.8395147348665,1.5,0.0
58,13,29000.0,117308.84005242324,31049.98916824606,0.023224398151518985,1.316773995690015,23950.403098584142,-16241.326853956096,1022.5693714558738,1.5,0.0
58,13,29000.0,98960.84005242324,29509.04005230257,0.023224398151518985,1.316773995690015,2448.417222442604,-28611.05371153959,2184.162213231766,1.5,0.0
58,13,29000.0,13916.840052423242,36430.89663060629,0.023224398151518985,1.316773995690015,22214.75176746793,17770.58108841188,-3035.983923027128,1.5,0.0
58,13,29000.0,13640.840052423242,37282.50882825211,0.023224398151518985,1.316773995690015,22247.977203549985,17314.104441014948,-3666.44645193805,1.5,0.0
58,13,29000.0,10873.840052423242,32258.370631540132,0.023224398151518985,1.316773995690015,25062.07700883565,14589.470373823357,107.35333628240835,1.5,0.0
58,13,29000.0,32157.840052423242,38767.10251648811,0.023224398151518985,1.316773995690015,324.36702919522315,27627.371551020886,-4749.94239500821,1.5,0.0
58,13,29000.0,125032.84005242324,26631.320876472644,0.023224398151518985,1.316773995690015,27192.72929116626,-6121.44166505569,4315.842970938834,1.5,0.0
59,13,29500.0,20469.82665264787,24308.403655484428,0.022776416322829725,1.329694243861215,14901.904731249379,22825.176486756616,6029.3280053914295,1.5,0.0
59,13,29500.0,39272.82665264787,31368.32988704706,0.022776416322829725,1.329694243861215,-9636.57285467934,27842.614695307948,788.4811087063722,1.5,0.0
59,13,29500.0,79345.82665264787,36848.906876934125,0.022776416322829725,1.329694243861215,-21943.183983414772,-18678.464415330072,-3375.2990304498317,1.5,0.0
59,13,29500.0,84096.82665264787,24864.381274534633,0.022776416322829725,1.329694243861215,-16349.640908148227,-22177.974286911925,5634.380011971887,1.5,0.0
59,13,29500.0,107471.82665264787,34866.573224746855,0.022776416322829725,1.329694243861215,13990.414478074836,-25731.942892384315,-1881.4383062703764,1.5,0.0
59,13,29500.0,7653.826652647869,37634.66254214222,0.022776416322829725,1.329694243861215,26611.65518120724,10354.390770514554,-3959.5725576446666,1.5,0.0
59,13,29500.0,114914.82665264787,27021.613746961513,0.022776416322829725,1.329694243861215,21579.02835453379,-18621.35771268758,4065.846170384913,1.5,0.0
59,13,29500.0,5317.826652647869,26679.192504106748,0.022776416322829725,1.329694243861215,27434.883148284,7234.134715761824,4318.237704752958,1.5,0.0
59,13,29500.0,34603.82665264787,38244.97577265269,0.022776416322829725,1.329694243861215,-3020.4545512786885,28161.96741393376,-4409.469174952791,1.5,0.0
59,13,29500.0,1780.8266526478692,37634.61868119153,0.022776416322829725,1.329694243861215,28448.75365588533,2462.2986398662124,-3959.5400959394638,1.5,0.0
59,13,29500.0,103768.82665264787,33030.85661347983,0.022776416322829725,1.329694243861215,9232.418743476117,-28003.546925997383,-482.27470628911516,1.5,0.0
59,13,29500.0,31517.82665264787,37571.03804456248,0.022776416322829725,1.329694243861215,1221.8708460353732,28551.6748094705,-3912.465004700712,1.5,0.0
59,13,29500.0,101861.82665264787,25802.648454276816,0.022776416322829725,1.329694243861215,6275.452019090271,-27291.6520498851,4958.733822497255,1.5,0.0
60,13,30000.0,13569.763097101066,30260.050311593444,0.02234431347074981,1.3419011631572035,23611.053262389687,18244.605937531727,1647.6701240144635,1.5,0.0
60,13,30000.0,9822.763097101066,27850.86530695384,0.02234431347074981,1.3419011631572035,26016.19310286172,13419.594699847943,3480.5538336143827,1.5,0.0
60,13,30000.0,29407.763097101066,27675.745331247243,0.02234431347074981,1.3419011631572035,4223.529409622514,28909.668205039714,3612.232037145319,1.5,0.0
60,13,30000.0,54316.763097101066,36474.151131256614,0.02234431347074981,1.3419011631572035,-25698.46157317519,14315.39221013174,-3122.163060426603,1.5,0.0
60,13,30000.0,34843.763097101066,26226.34763815016,0.02234431347074981,1.3419011631572035,-3388.3484616627775,28465.27489594723,4691.2050289398885,1.5,0.0
60,13,30000.0,121663.76309710107,25692.914071797313,0.02234431347074981,1.3419011631572035,26349.503714435592,-10670.026078136761,5082.758320750871,1.5,0.0
60,13,30000.0,1114.7630971010658,27155.92011335851,0.02234431347074981,1.3419011631572035,28993.245812805522,1568.4743403402215,4001.534777275359,1.5,0.0
60,13,30000.0,56199.763097101066,27140.613485553535,0.02234431347074981,1.3419011631572035,-26542.967922558048,11756.431392453724,4012.9607672290354,1.5,0.0
60,13,30000.0,114408.76309710107,37634.34348947178,0.02234431347074981,1.3419011631572035,21513.093597154144,-19505.43186113879,-3994.26566907536,1.5,0.0
60,13,30000.0,24039.763097101066,30755.807300282242,0.02234431347074981,1.3419011631572035,11791.70529311737,27481.79549668155,1266.8895964674175,1.5,0.0
60,13,30000.0,28525.763097101066,40344.29300923982,0.02234431347074981,1.3419011631572035,5191.400385256625,27313.27606014269,-5977.374656260541,1.5,0.0
60,13,30000.0,55932.763097101066,26522.82237620792,0.02234431347074981,1.3419011631572035,-26170.74687528049,11999.153559228283,4472.21203295789,1.5,0.0
60,13,30000.0,51278.763097101066,34887.345176237024,0.02234431347074981,1.3419011631572035,-23609.077283543582,18154.532663919235,-1913.9432018659434,1.5,0.0
61,13,30500.0,12435.038439777272,27876.926323584732,0.021927278706261398,1.3534164772602468,24521.627441505727,16879.584065894425,3491.8780436573707,1.5,0.0
61,13,30500.0,105085.03843977727,34928.39684134003,0.021927278706261398,1.3534164772602468,11292.180122308473,-28086.094484438792,-1962.7665715770136,1.5,0.0
61,13,30500.0,10368.038439777272,28983.154022538707,0.021927278706261398,1.3534164772602468,26361.451381480125,14492.394510957187,2646.9692916767644,1.5,0.0
61,13,30500.0,71170.03843977727,36202.547118645394,0.021927278706261398,1.3534164772602468,-28564.688435736396,-9113.161869263831,-2942.546930597996,1.5,0.0
61,13,30500.0,3135.0384397772723,33476.014543116245,0.021927278706261398,1.3534164772602468,30107.37062080175,4611.614102820127,-837.0139840356308,1.5,0.0
61,13,30500.0,105612.03843977727,33224.72204954453,0.021927278706261398,1.3534164772602468,12087.107765330968,-27976.158322609248,-641.657761183641,1.5,0.0
61,13,30500.0,65623.03843977727,37722.46018238833,0.021927278706261398,1.3534164772602468,-29466.731181353363,-1176.4067924652597,-4096.318200716408,1.5,0.0
61,13,30500.0,75718.03843977727,35810.63090223138,0.021927278706261398,1.3534164772602468,-25966.996858002058,-15190.845504734893,-2642.1985852534585,1.5,0.0
61,13,30500.0,78650.03843977727,24730.559792956126,0.021927278706261398,1.3534164772602468,-22246.98417618932,-17678.514762880837,5832.0543823332955,1.5,0.0
61,13,30500.0,76073.03843977727,25101.238021765454,0.021927278706261398,1.3534164772602468,-24442.733700757624,-14869.594085604627,5562.364526140488,1.5,0.0
61,13,30500.0,65335.03843977727,34045.246929787456,0.021927278706261398,1.3534164772602468,-30392.79905515194,-788.5477032651592,-1279.03386722522,1.5,0.0
61,13,30500.0,11114.038439777272,32176.311625080863,0.021927278706261398,1.3534164772602468,26177.001636310335,15649.44679072081,174.07903509693475,1.5,0.0
61,13,30500.0,106735.03843977727,28514.991416556462,0.021927278706261398,1.3534164772602468,13361.899582495083,-26815.97609394646,3005.610335606307,1.5,0.0
62,13,31000.0,112924.87635426596,29398.94382074297,0.021524554806730063,1.364262837504456,21183.40382528913,-22182.498678222863,2348.3904108120328,1.5,0.0
62,13,31000.0,206.87635426595807,33438.34122016501,0.021524554806730063,1.364262837504456,30959.171969255996,310.52003062360944,-815.0535873075142,1.5,0.0
62,13,31000.0,109059.87635426596,35261.768596656126,0.021524554806730063,1.364262837504456,16696.43919941739,-25765.258989512964,-2240.112379547786,1.5,0.0
62,13,31000.0,44174.87635426596,25370.483216894198,0.021524554806730063,1.364262837504456,-15787.68858151171,24584.310622690078,5413.963642422678,1.5,0.0
62,13,31000.0,89003.87635426596,24317.292933368506,0.021524554806730063,1.364262837504456,-11087.190441189934,-26417.953101328465,6186.061467684711,1.5,0.0
62,13,31000.0,53077.87635426596,27738.889649220037,0.021524554806730063,1.364262837504456,-25462.98644686931,16260.133379178294,3629.2453691625215,1.5,0.0
62,13,31000.0,120718.87635426596,38791.08626304426,0.021524554806730063,1.364262837504456,26829.089910007282,-12322.866948599185,-4938.92757054587,1.5,0.0
62,13,31000.0,18683.876354265958,34769.91036430266,0.021524554806730063,1.364262837504456,19002.139170835828,24234.027231559623,-1856.9725113115044,1.5,0.0
62,13,31000.0,95994.87635426596,27085.75770137977,0.021524554806730063,1.364262837504456,-1750.4295431457936,-29925.650282321363,4127.199810597709,1.5,0.0
62,13,31000.0,125492.87635426596,38722.27618154262,0.021524554806730063,1.364262837504456,28971.167575276282,-5846.177944075433,-4887.437582509981,1.5,0.0
62,13,31000.0,43744.87635426596,31913.286232654908,0.021524554806730063,1.364262837504456,-16199.192988802679,26420.657898007466,382.1754965640233,1.5,0.0
62,13,31000.0,110631.87635426596,32012.6864581943,0.021524554806730063,1.364262837504456,18786.961820331646,-24651.80038882285,304.1351880361344,1.5,0.0
62,13,31000.0,92691.87635426596,39455.779490251014,0.021524554806730063,1.364262837504456,-6332.1078453983955,-28509.151692719977,-5433.396933862807,1.5,0.0
63,13,31500.0,7538.267682014615,25906.34292370079,0.021135433878730365,1.374463646356661,27973.734690716185,10704.307891558214,5061.650564810253,1.5,0.0
63,13,31500.0,1414.2676820146153,27653.159586181602,0.021135433878730365,1.374463646356661,30597.469507705446,2101.228667466345,3728.7651774305887,1.5,0.0
63,13,31500.0,77207.26768201462,31148.29135520741,0.021135433878730365,1.374463646356661,-25923.17749867415,-17792.95584302808,991.3735451742824,1.5,0.0
63,13,31500.0,113568.26768201462,27153.440446603894,0.021135433878730365,1.374463646356661,21732.330516739574,-21380.6138915352,4113.2209956270435,1.5,0.0
63,13,31500.0,97385.26768201462,26482.010803758225,0.021135433878730365,1.374463646356661,271.3646183742276,-30211.132655782283,4625.9397843910165,1.5,0.0
63,13,31500.0,1343.2676820146153,38236.56655674684,0.021135433878730365,1.374463646356661,30183.18698989897,1968.4169333363775,-4564.013998493827,1.5,0.0
63,13,31500.0,15813.267682014615,29490.43469827639,0.021135433878730365,1.374463646356661,22462.201286621195,21635.306464274025,2298.198632009589,1.5,0.0
63,13,31500.0,19.267682014615275,30144.29072159571,0.021135433878730365,1.374463646356661,31311.81058315965,29.24910924331316,1784.0941958655812,1.5,0.0
63,13,31500.0,94833.26768201462,25195.380633919885,0.021135433878730365,1.374463646356661,-3388.68790774016,-29403.277313932085,5594.285314162294,1.5,0.0
63,13,31500.0,108528.26768201462,30089.387900733276,0.021135433878730365,1.374463646356661,16340.36006812471,-26699.12052564457,1827.3385244457083,1.5,0.0
63,13,31500.0,27964.267682014615,28589.87627260959,0.021135433878730365,1.374463646356661,6607.637669493343,30250.874696727577,3002.3901844050147,1.5,0.0
63,13,31500.0,72995.26768201462,34189.85809093698,0.021135433878730365,1.374463646356661,-28936.930336697642,-12142.952395862669,-1416.687611270898,1.5,0.0
63,13,31500.0,97244.26768201462,27627.32282229299,0.021135433878730365,1.374463646356661,65.80224027952258,-30660.438689401373,3748.6981264781434,1.5,0.0
64,13,32000.0,37872.90938823018,38108.593550470316,0.02075925343288517,1.3840428893350505,-8072.08548548679,29705.03412250198,-4508.123237581398,1.5,0.0
64,13,32000.0,49179.90938823018,36519.19854199386,0.02075925343288517,1.3840428893350505,-22792.378134217255,21545.499016701648,-3273.0093309226772,1.5,0.0
64,13,32000.0,67835.90938823018,37580.90350345599,0.02075925343288517,1.3840428893350505,-30660.72279007071,-4545.672193348939,-4100.6656661496445,1.5,0.0
64,13,32000.0,54531.90938823018,32822.18053555354,0.02075925343288517,1.3840428893350505,-28110.26702933599,15276.909324027769,-337.67039983621936,1.5,0.0
64,13,32000.0,24691.909388230182,40446.17082661029,0.02075925343288517,1.3840428893350505,10804.358787454035,27553.388112973564,-6273.9858117793565,1.5,0.0
64,13,32000.0,76585.90938823018,25015.636667695413,0.02075925343288517,1.3840428893350505,-25210.111899362793,-16208.6216190473,5781.242390981102,1.5,0.0
64,13,32000.0,31656.909388230182,30800.492419815037,0.02075925343288517,1.3840428893350505,1149.1204706397702,31883.13193348414,1278.1330298873877,1.5,0.0
64,13,32000.0,77566.90938823018,29547.774036789706,0.02075925343288517,1.3840428893350505,-25814.697585439546,-18388.73708254056,2274.176192385474,1.5,0.0
64,13,32000.0,70238.90938823018,39668.05707914478,0.02075925343288517,1.3840428893350505,-28995.793372357017,-7828.053304754322,-5694.018192441013,1.5,0.0
64,13,32000.0,78593.90938823018,33645.14752766101,0.02075925343288517,1.3840428893350505,-25061.4280626028,-19803.984104861902,-995.364434056169,1.5,0.0
64,13,32000.0,123241.90938823018,37360.293640204545,0.02075925343288517,1.3840428893350505,29614.271075917946,-9429.119951966817,-3929.510132871345,1.5,0.0
64,13,32000.0,14343.909388230182,27059.527337268006,0.02075925343288517,1.3840428893350505,23750.341870675766,19819.094038053037,4224.172820761795,1.5,0.0
64,13,32000.0,116436.90938823018,40153.87313118711,0.02075925343288517,1.3840428893350505,23907.339791360922,-17731.952729813995,-6057.124320251566,1.5,0.0
65,13,32500.0,73796.14922865527,26374.45229087415,0.020395392825916618,1.393024975953363,-28209.554147966952,-13147.9200759505,4796.276417784867,1.5,0.0
65,13,32500.0,100242.14922865527,29501.58714787205,0.020395392825916618,1.393024975953363,4728.911730489224,-31830.300365785315,2332.557658583779,1.5,0.0
65,13,32500.0,122612.14922865527,27429.974823611115,0.020395392825916618,1.393024975953363,29767.189599407626,-10488.929066904944,3974.205476978161,1.5,0.0
65,13,32500.0,126786.14922865527,25973.192361534202,0.020395392825916618,1.393024975953363,30647.724474045408,-4207.072835449226,5105.610511705138,1.5,0.0
65,13,32500.0,121968.14922865527,38331.54262256253,0.020395392825916618,1.393024975953363,29056.347641802695,-11269.972658132316,-4723.540481419893,1.5,0.0
65,13,32500.0,95544.14922865527,33847.164891265114,0.020395392825916618,1.393024975953363,-2599.8187117008933,-32315.63208798608,-1167.5190451520828,1.5,0.0
65,13,32500.0,54215.14922865527,30110.49922275216,0.020395392825916618,1.393024975953363,-28139.54855088047,15857.349936383878,1844.8070597760884,1.5,0.0
65,13,32500.0,52350.14922865527,30920.443913340747,0.020395392825916618,1.393024975953363,-26688.624326560235,18399.508131022838,1193.6067194610628,1.5,0.0
65,13,32500.0,107331.14922865527,31290.607859735144,0.020395392825916618,1.393024975953363,15306.771691243834,-28616.431557749445,895.3193954129614,1.5,0.0
65,13,32500.0,32754.149228655268,34557.0167507443,0.020395392825916618,1.393024975953363,-554.9375801165966,32317.688445614713,-1738.457087326273,1.5,0.0
65,13,32500.0,109508.14922865527,39313.66414212169,0.020395392825916618,1.393024975953363,17246.36940249348,-25387.455783170288,-5478.326157630688,1.5,0.0
65,13,32500.0,31396.149228655268,39411.029838443115,0.020395392825916618,1.393024975953363,1490.6281381888198,30604.283367608736,-5552.505400149335,1.5,0.0
65,13,32500.0,4172.1492286552675,30642.170068396747,0.020395392825916618,1.393024975953363,31721.87082471309,6505.393451239799,1417.5988312114548,1.5,0.0
66,13,33000.0,23085.935515508056,29900.839053354648,0.020043270030575364,1.4014345901587457,14294.587391655332,29474.66511391327,2032.1806002718465,1.5,0.0
66,13,33000.0,95184.93551550806,30433.20315846764,0.020043270030575364,1.4014345901587457,-3204.1244646702207,-32693.457423003827,1600.7827180119652,1.5,0.0
66,13,33000.0,87624.93551550806,25833.164245640095,0.020043270030575364,1.4014345901587457,-14032.240318648068,-28024.911112130318,5262.908272053218,1.5,0.0
66,13,33000.0,110967.93551550806,26990.214645106364,0.020043270030575364,1.4014345901587457,19728.945545779894,-25031.200789595176,4359.340158639657,1.5,0.0
66,13,33000.0,48533.935515508056,36014.443594755256,0.020043270030575364,1.4014345901587457,-22903.465652894854,23050.6524444319,-2931.2155053353977,1.5,0.0
66,13,33000.0,126116.93551550806,30603.366726657696,0.020043270030575364,1.4014345901587457,32407.29363160113,-5525.031986495839,1462.6530982885251,1.5,0.0
66,13,33000.0,102238.93551550806,27775.531355474326,0.020043270030575364,1.4014345901587457,7782.003568579063,-31218.775030336692,3738.07969407811,1.5,0.0
66,13,33000.0,112363.93551550806,33415.29305131269,0.020043270030575364,1.4014345901587457,22106.688818539544,-24447.043163268634,-827.269903891721,1.5,0.0
66,13,33000.0,90253.93551550806,36539.74058806952,0.020043270030575364,1.4014345901587457,-10685.17760341937,-30521.258551544302,-3351.851694231989,1.5,0.0
66,13,33000.0,8286.935515508056,28470.24226999502,0.020043270030575364,1.4014345901587457,29822.762727147965,12670.84790111742,3183.951632740503,1.5,0.0
66,13,33000.0,97927.93551550806,37693.99608716466,0.020043270030575364,1.4014345901587457,1126.2303910625812,-31899.150177920656,-4268.115369493003,1.5,0.0
66,13,33000.0,124362.93551550806,39325.57872592581,0.020043270030575364,1.4014345901587457,30158.37220189212,-7826.110131965718,-5539.828169238967,1.5,0.0
66,13,33000.0,100440.93551550806,33977.791370996216,0.020043270030575364,1.4014345901587457,5148.71560010792,-32498.17120092173,-1284.864013396127,1.5,0.0
67,13,33500.0,88774.77144444629,24374.824541261907,0.019702338698845568,1.4092965506162032,-12311.795995966677,-28446.23323178032,6439.4961322275685,1.5,0.0
67,13,33500.0,60765.77144444629,24924.38038903966,0.019702338698845568,1.4092965506162032,-30726.580425764158,6087.476794039003,6018.7687564618045,1.5,0.0
67,13,33500.0,4305.771444446291,35322.78465185274,0.019702338698845568,1.4092965506162032,32444.268707437368,6872.853761187075,-2397.4670887639786,1.5,0.0
67,13,33500.0,46216.77144444629,33415.221824077315,0.019702338698845568,1.4092965506162032,-20774.060275753694,26229.218719737055,-835.2101475035244,1.5,0.0
67,13,33500.0,54023.77144444629,24729.825482738404,0.019702338698845568,1.4092965506162032,-27046.9425206382,15574.026031614407,6168.2195275574895,1.5,0.0
67,13,33500.0,2701.771444446291,36344.05137180264,0.019702338698845568,1.4092965506162032,32607.70070735459,4295.734224994725,-3226.2872747422143,1.5,0.0
67,13,33500.0,40149.77144444629,38104.754460520744,0.019702338698845568,1.4092965506162032,-11825.395467588542,29978.859422453417,-4635.495651605761,1.5,0.0
67,13,33500.0,27405.77144444629,32341.963215516793,0.019702338698845568,1.4092965506162032,8032.201400981825,32522.682175840397,47.76534843678829,1.5,0.0
67,13,33500.0,98076.77144444629,31845.27053378753,0.019702338698845568,1.4092965506162032,1423.0435764577503,-33457.63636209075,456.49819166440557,1.5,0.0
67,13,33500.0,60678.77144444629,24388.664363120966,0.019702338698845568,1.4092965506162032,-30387.968072036427,6153.7075466123915,6428.955541544635,1.5,0.0
67,13,33500.0,37347.77144444629,37043.72534239631,0.019702338698845568,1.4092965506162032,-7758.110590486191,31719.624752229127,-3789.6731666732016,1.5,0.0
67,13,33500.0,37013.77144444629,29657.60028128691,0.019702338698845568,1.4092965506162032,-7365.432255881592,32377.135301607996,2250.40492633301,1.5,0.0
67,13,33500.0,122245.77144444629,38535.97064047714,0.019702338698845568,1.4092965506162032,30014.30501385739,-11179.165581698213,-4975.869782612353,1.5,0.0
68,13,34000.0,40568.67350819759,39939.73844640412,0.019372085487924226,1.4166356810827754,-12249.215628636312,29295.962622910367,-6127.432781494706,1.5,0.0
68,13,34000.0,90422.6735081976,39909.99457799889,0.019372085487924226,1.4166356810827754,-10252.35979035215,-30071.531852569933,-6104.340351096147,1.5,0.0
68,13,34000.0,22749.673508197593,38161.40237157894,0.019372085487924226,1.4166356810827754,14738.987429659825,29170.059916048795,-4726.105618461394,1.5,0.0
68,13,34000.0,115308.6735081976,27339.270542793543,0.019372085487924226,1.4166356810827754,25376.848314838848,-21066.865670266572,4163.747482387012,1.5,0.0
68,13,34000.0,49625.67350819759,33927.2176476856,0.019372085487924226,1.4166356810827754,-25137.853274655994,22754.39583215726,-1268.0643812617175,1.5,0.0
68,13,34000.0,77110.6735081976,38525.988279419704,0.019372085487924226,1.4166356810827754,-26890.78404784144,-18272.43001877693,-5016.605117917031,1.5,0.0
68,13,34000.0,129171.6735081976,30366.315770472793,0.019372085487924226,1.4166356810827754,33827.57972577945,-702.5595815917409,1687.3955837507756,1.5,0.0
68,13,34000.0,62886.67350819759,25937.919888156477,0.019372085487924226,1.4166356810827754,-32205.97985291661,2996.0469234859233,5283.014487658398,1.5,0.0
68,13,34000.0,98415.6735081976,37437.59901628674,0.019372085487924226,1.4166356810827754,1943.2827581426309,-32933.72921369297,-4145.097556640437,1.5,0.0
68,13,34000.0,12902.673508197593,32104.56953206718,0.019372085487924226,1.4166356810827754,27559.187258524908,19906.131381913645,245.5148059589978,1.5,0.0
68,13,34000.0,61482.67350819759,33443.161421818695,0.019372085487924226,1.4166356810827754,-33518.31719280076,5437.665838819532,-866.569944716901,1.5,0.0
68,13,34000.0,106432.6735081976,40210.73760034908,0.019372085487924226,1.4166356810827754,13673.166072465214,-28478.997489740053,-6337.2371968864045,1.5,0.0
68,13,34000.0,69919.6735081976,34136.82517400397,0.019372085487924226,1.4166356810827754,-32841.265335648146,-8323.118872071731,-1441.7170295719347,1.5,0.0
69,13,34500.0,106625.13357791567,28907.233580089225,0.019052027622036758,1.4234766910109595,15003.934178040603,-30517.661308008697,2917.441135632738,1.5,0.0
69,13,34500.0,25442.133577915665,29221.505218241095,0.019052027622036758,1.4234766910109595,11283.018090194593,32169.90347842717,2657.121300462813,1.5,0.0
69,13,34500.0,92174.13357791567,38464.214952623974,0.019052027622036758,1.4234766910109595,-7966.2266400489425,-32044.314237908275,-5016.606030699123,1.5,0.0
69,13,34500.0,28666.133577915665,24688.319759552876,0.019052027622036758,1.4234766910109595,5782.1656659435075,31591.949997127685,6322.572441253115,1.5,0.0
69,13,34500.0,85046.13357791567,32731.41058902909,0.019052027622036758,1.4234766910109595,-19170.075118194876,-28678.40609294616,-278.1363409476651,1.5,0.0
69,13,34500.0,53657.133577915665,31811.546577840316,0.019052027622036758,1.4234766910109595,-29574.98179902612,17737.022396778797,493.8137986444377,1.5,0.0
69,13,34500.0,91220.13357791567,35480.05366717105,0.019052027622036758,1.4234766910109595,-9752.693636476783,-32692.375681830392,-2575.4501038555863,1.5,0.0
69,13,34500.0,53785.133577915665,26946.945542421163,0.019052027622036758,1.4234766910109595,-28664.814602577593,16950.19784462162,4523.546556100562,1.5,0.0
69,13,34500.0,52441.133577915665,35126.95800088149,0.019052027622036758,1.4234766910109595,-28241.52350440043,19286.87047263785,-2282.036626583501,1.5,0.0
69,13,34500.0,21701.133577915665,30403.090927572997,0.019052027622036758,1.4234766910109595,17023.209439619142,29821.791585907526,1673.361217260589,1.5,0.0
69,13,34500.0,10496.133577915665,34323.1794063482,0.019052027622036758,1.4234766910109595,29997.884026386233,16734.981091140904,-1611.7601397427281,1.5,0.0
69,13,34500.0,65766.13357791567,24949.53915993897,0.019052027622036758,1.4234766910109595,-32238.33217653854,-1511.1319098858567,6117.9780390709775,1.5,0.0
69,13,34500.0,16065.133577915665,31779.980594389053,0.019052027622036758,1.4234766910109595,24543.077133271803,24224.20727794307,520.2953212989648,1.5,0.0
70,13,35000.0,27223.084281578776,30860.90379623224,0.01874171066625378,1.4298440664240615,8668.314549795827,33809.05875470256,1303.4324740055308,1.5,0.0
70,13,35000.0,99954.08428157878,37405.30756060933,0.01874171066625378,1.4298440664240615,4522.874331868306,-33672.14328206758,-4201.321544745786,1.5,0.0
70,13,35000.0,23391.084281578776,40085.55739436331,0.01874171066625378,1.4298440664240615,13789.43091274269,29538.189017978733,-6365.097426504121,1.5,0.0
70,13,35000.0,60047.08428157878,25607.911536044376,0.01874171066625378,1.4298440664240615,-32244.138994763303,7564.304777473919,5653.951410707365,1.5,0.0
70,13,35000.0,90245.08428157878,34857.0453805469,0.01874171066625378,1.4298440664240615,-11497.023253864674,-32795.09142128566,-2077.8368941998424,1.5,0.0
70,13,35000.0,50366.08428157878,38416.827205207665,0.01874171066625378,1.4298440664240615,-25643.442911963415,21589.355725851456,-5028.248345986636,1.5,0.0
70,13,35000.0,106691.08428157878,34574.597830261,0.01874171066625378,1.4298440664240615,15456.300148983548,-31185.530937441978,-1839.924397915919,1.5,0.0
70,13,35000.0,56697.08428157878,31250.223165990086,0.01874171066625378,1.4298440664240615,-32283.6681687319,13377.680049409457,974.1245162930238,1.5,0.0
70,13,35000.0,96068.08428157878,31283.4369937346,0.01874171066625378,1.4298440664240615,-1916.9128970981558,-34896.12153695817,946.0126923651219,1.5,0.0
70,13,35000.0,76871.08428157878,24881.561953319215,0.01874171066625378,1.4298440664240615,-27258.798933226903,-18063.27862969736,6232.948797428882,1.5,0.0
70,13,35000.0,56341.08428157878,32960.53217088626,0.01874171066625378,1.4298440664240615,-32085.98479656834,13949.37773316984,-475.08677476183766,1.5,0.0
70,13,35000.0,44817.08428157878,40395.396547946926,0.01874171066625378,1.4298440664240615,-18349.651831664793,26706.995978492963,-6608.988928337143,1.5,0.0
70,13,35000.0,98632.08428157878,39831.061920745335,0.01874171066625378,1.4298440664240615,2272.200523501886,-32674.172255898535,-6163.6932097531235,1.5,0.0
71,13,35500.0,20761.867350843328,37867.107049361985,0.01844070649118077,1.4357619710166585,18321.291513454707,28949.920933410787,-4626.390309588886,1.5,0.0
71,13,35500.0,113217.86735084333,26203.570992492147,0.01844070649118077,1.4357619710166585,23765.421299817146,-24188.87062152525,5226.021055287034,1.5,0.0
71,13,35500.0,32824.86735084333,25269.154264540248,0.01844070649118077,1.4357619710166585,-687.9215003668725,33392.52271623129,5984.626846161363,1.5,0.0
71,13,35500.0,53955.86735084333,37822.26416209636,0.01844070649118077,1.4357619710166585,-29650.981285110724,17203.695540839184,-4589.32515645381,1.5,0.0
71,13,35500.0,119060.86735084333,26823.274269788184,0.01844070649118077,1.4357619710166585,29841.021611284516,-16729.135735843014,4716.903863198164,1.5,0.0
71,13,35500.0,98236.86735084333,32965.3500782091,0.01844070649118077,1.4357619710166585,1783.1190716594601,-35441.83912091282,-483.9993887393426,1.5,0.0
71,13,35500.0,66697.86735084333,39135.06669763509,0.01844070649118077,1.4357619710166585,-33482.04007600134,-3089.446281354817,-5664.723290926066,1.5,0.0
71,13,35500.0,95251.86735084333,33492.65943949904,0.01844070649118077,1.4357619710166585,-3343.2297597485544,-35292.20313164826,-935.1115438155514,1.5,0.0
71,13,35500.0,15016.867350843328,30735.17948385975,0.01844070649118077,1.4357619710166585,26413.8107697739,23545.030234458693,1423.8935179937448,1.5,0.0
71,13,35500.0,77965.86735084333,31509.260088634674,0.01844070649118077,1.4357619710166585,-28483.83444622393,-21132.26010653288,762.4259232035855,1.5,0.0
71,13,35500.0,33435.86735084333,25322.49816540271,0.01844070649118077,1.4357619710166585,-1678.1883855497858,33388.459103399706,5941.635478567846,1.5,0.0
71,13,35500.0,67889.86735084333,39993.7876060579,0.01844070649118077,1.4357619710166585,-32750.289789160197,-4943.056095191563,-6356.013021064058,1.5,0.0
71,13,35500.0,19278.867350843328,29332.59779831354,0.01844070649118077,1.4357619710166585,20857.320395399292,28241.03991951208,2616.679462695077,1.5,0.0
72,13,36000.0,125596.20464457711,40109.54015395992,0.01814861140975933,1.4412541573515194,32885.07253303225,-6464.702301793021,-6513.93511312214,1.5,0.0
72,13,36000.0,47588.20464457711,37942.905419373325,0.01814861140975933,1.4412541573515194,-23309.307665658773,25716.092271779664,-4736.660877854902,1.5,0.0
72,13,36000.0,89601.20464457711,39582.794090701216,0.01814861140975933,1.4412541573515194,-12186.280017644604,-31568.743903176204,-6087.720613625952,1.5,0.0
72,13,36000.0,60118.20464457711,26356.3511600129,0.01814861140975933,1.4412541573515194,-33581.667586554,7756.017699942817,5152.781490915846,1.5,0.0
72,13,36000.0,48699.20464457711,37191.774755704915,0.01814861140975933,1.4412541573515194,-24890.873525755727,24652.588597832648,-4107.309988619356,1.5,0.0
72,13,36000.0,18429.204644577112,33139.94624411297,0.01814861140975933,1.4412541573515194,22547.023406301614,28035.06033880909,-639.8549641258495,1.5,0.0
72,13,36000.0,48953.20464457711,33104.62864029374,0.01814861140975933,1.4412541573515194,-25872.888510622026,25001.635911242818,-609.326891977478,1.5,0.0
72,13,36000.0,35266.20464457711,38862.52953639232,0.01814861140975933,1.4412541573515194,-4743.639638446124,33917.33119898188,-5498.551327484732,1.5,0.0
72,13,36000.0,110389.20464457711,40043.22186207672,0.01814861140975933,1.4412541573515194,20024.503447993025,-26926.9863718995,-6460.501955790414,1.5,0.0
72,13,36000.0,5849.204644577112,35718.38083329953,0.01814861140975933,1.4412541573515194,34115.87335550127,9942.443018758033,-2857.759745979397,1.5,0.0
72,13,36000.0,39570.20464457711,32123.6019094429,0.01814861140975933,1.4412541573515194,-12262.744714616401,33843.64623913807,239.05430479787034,1.5,0.0
72,13,36000.0,114783.20464457711,31693.742498009895,0.01814861140975933,1.4412541573515194,27088.52201974623,-23678.959813196998,610.7348985822935,1.5,0.0
72,13,36000.0,93133.20464457711,30558.731607015543,0.01814861140975933,1.4412541573515194,-7023.920685730389,-35161.97647816073,1590.430455248156,1.5,0.0
73,13,36500.0,126207.17158953683,39377.088714422855,0.017865044469491824,1.4463438879504409,33966.93419713744,-5638.127298093915,-5980.829352712518,1.5,0.0
73,13,36500.0,54915.171589536825,34217.98033922203,0.017865044469491824,1.4463438879504409,-32262.563160574766,16764.67780075687,-1586.4546236888846,1.5,0.0
73,13,36500.0,65500.171589536825,24869.8509113876,0.017865044469491824,1.4463438879504409,-34074.93864901438,-1157.127696528947,6434.492696865851,1.5,0.0
73,13,36500.0,43893.171589536825,26851.878129343168,0.017865044469491824,1.4463438879504409,-18607.728801232523,29864.958127808983,4789.57863054041,1.5,0.0
73,13,36500.0,69376.17158953683,27634.280646810723,0.017865044469491824,1.4463438879504409,-34659.23829889436,-7818.162658916035,4127.227899541548,1.5,0.0
73,13,36500.0,33421.171589536825,40106.9235951125,0.017865044469491824,1.4463438879504409,-1681.6693850835757,33940.012868521735,-6578.5369158993,1.5,0.0
73,13,36500.0,30269.171589536825,27843.008463656486,0.017865044469491824,1.4463438879504409,3672.461190519622,35422.97866136367,3949.484384849069,1.5,0.0
73,13,36500.0,112447.17158953683,32655.241955866433,0.017865044469491824,1.4463438879504409,24588.15577555915,-26971.625860212895,-223.01901295404406,1.5,0.0
73,13,36500.0,28672.171589536825,39466.06629257118,0.017865044469491824,1.4463438879504409,6179.575877291739,33819.17450428272,-6054.114496034844,1.5,0.0
73,13,36500.0,92276.17158953683,40130.52222461259,0.017865044469491824,1.4463438879504409,-8031.461282383509,-33003.19533739512,-6597.729867667903,1.5,0.0
73,13,36500.0,119708.17158953683,28129.039053213422,0.017865044469491824,1.4463438879504409,31690.850364068578,-16481.258564708667,3705.2600094906393,1.5,0.0
73,13,36500.0,112529.17158953683,25095.70582875065,0.017865044469491824,1.4463438879504409,23164.654292922845,-25208.116266965084,6249.769220508212,1.5,0.0
73,13,36500.0,76448.17158953683,26788.349687111688,0.017865044469491824,1.4463438879504409,-29698.908881137577,-18815.54715081049,4843.069557669774,1.5,0.0
74,13,37000.0,5660.172806951217,37269.45465491637,0.01758964588522063,1.451053866010656,34627.74744414626,9748.227055805628,-4258.887597046855,1.5,0.0
74,13,37000.0,22561.172806951217,34308.18031779045,0.01758964588522063,1.451053866010656,16914.650333186422,32729.369822684806,-1682.120898301322,1.5,0.0
74,13,37000.0,33587.17280695122,38299.01663292214,0.01758964588522063,1.451053866010656,-2041.9371211968494,35438.361083059244,-5136.893495655522,1.5,0.0
74,13,37000.0,39642.17280695122,39671.2583334937,0.01758964588522063,1.451053866010656,-11943.23867577922,32606.194563131477,-6286.869482616268,1.5,0.0
74,13,37000.0,33611.17280695122,29935.992567256795,0.01758964588522063,1.451053866010656,-2155.8917125738362,36672.998414078174,2170.031532937264,1.5,0.0
74,13,37000.0,88040.17280695122,25767.380748274118,0.01758964588522063,1.451053866010656,-15081.464507944376,-31698.693631198206,5754.826221033483,1.5,0.0
74,13,37000.0,61573.17280695122,27960.049118251874,0.01758964588522063,1.451053866010656,-35704.698569837616,5631.696755603748,3889.346164103548,1.5,0.0
74,13,37000.0,3007.1728069512174,31393.03336394856,0.01758964588522063,1.451053866010656,36563.85887393352,5368.8051628215835,888.5870942369061,1.5,0.0
74,13,37000.0,48156.17280695122,39620.23715955647,0.01758964588522063,1.451053866010656,-24041.874645829455,25099.42846037293,-6244.579081978473,1.5,0.0
74,13,37000.0,83977.17280695122,30428.619122449327,0.01758964588522063,1.451053866010656,-22026.71219403283,-29518.751268730517,1737.667166004829,1.5,0.0
74,13,37000.0,99901.17280695122,36786.526061378994,0.01758964588522063,1.451053866010656,4722.709351093574,-35856.784290721924,-3843.258694445133,1.5,0.0
74,13,37000.0,95482.17280695122,33055.72241316623,0.01758964588522063,1.451053866010656,-3076.3405696369077,-36853.12808811365,-578.7677424940658,1.5,0.0
74,13,37000.0,117565.17280695122,27261.50208098182,0.01758964588522063,1.451053866010656,29925.432501917236,-19754.732955888325,4489.439661206244,1.5,0.0
75,13,37500.0,36353.91971864889,27035.74327412598,0.01732207559919296,1.455406175420762,-6904.237359257725,35575.20755065141,4730.897432534547,1.5,0.0
75,13,37500.0,90083.91971864889,39474.04900821505,0.01732207559919296,1.455406175420762,-11943.709501371606,-33235.17841886653,-6186.7325053632685,1.5,0.0
75,13,37500.0,51759.91971864889,27344.037980390924,0.01732207559919296,1.455406175420762,-29348.037141525507,21497.176568376464,4464.642270024233,1.5,0.0
75,13,37500.0,34245.91971864889,26038.460277886832,0.01732207559919296,1.455406175420762,-3193.3602487318644,35587.59616697122,5584.648512717806,1.5,0.0
75,13,37500.0,94845.91971864889,32361.892778319136,0.01732207559919296,1.455406175420762,-4270.546358974224,-37255.97447337024,33.98972545670258,1.5,0.0
75,13,37500.0,32768.91971864889,32716.703489377043,0.01732207559919296,1.455406175420762,-670.6001605304982,37489.58248890582,-282.4726480572863,1.5,0.0
75,13,37500.0,97393.91971864889,32532.725219407566,0.01732207559919296,1.455406175420762,352.54350506817894,-37497.56642214837,-118.38347180093679,1.5,0.0
75,13,37500.0,31199.91971864889,31374.013327289198,0.01732207559919296,1.455406175420762,2177.879767530391,37390.244417359165,914.7517186515889,1.5,0.0
75,13,37500.0,66536.91971864889,40416.00126383966,0.01732207559919296,1.455406175420762,-34580.666602023935,-2918.8797700515934,-6971.2532053572895,1.5,0.0
75,13,37500.0,114907.91971864889,32177.745925263425,0.01732207559919296,1.455406175420762,28380.81920174815,-24507.464898451413,198.23573497230566,1.5,0.0
75,13,37500.0,39824.91971864889,32042.73460798526,0.01732207559919296,1.455406175420762,-13207.258812389198,35091.25919329542,318.6470120039585,1.5,0.0
75,13,37500.0,109676.91971864889,31132.610215975892,0.01732207559919296,1.455406175420762,21285.191902273855,-30787.79043840688,1129.73740429452,1.5,0.0
75,13,37500.0,103751.91971864889,25382.5772261637,0.01732207559919296,1.455406175420762,11041.102217292126,-33582.14369472987,6139.142862399916,1.5,0.0
76,13,38000.0,101266.40994828445,32004.091006373543,0.01706201195655121,1.4594222297004744,7441.709866582878,-37257.06677201308,356.79238975583087,1.5,0.0
76,13,38000.0,82995.40994828445,25277.35926090239,0.01706201195655121,1.4594222297004744,-22723.510315582833,-27607.81986759029,6292.48629774615,1.5,0.0
76,13,38000.0,37322.40994828445,37619.859446719674,0.01706201195655121,1.4594222297004744,-8696.579222141387,35747.0237743409,-4654.3626023172,1.5,0.0
76,13,38000.0,35692.40994828445,34800.57642060758,0.01706201195655121,1.4594222297004744,-5998.997118651531,37263.13356209717,-2158.646615746633,1.5,0.0
76,13,38000.0,99418.40994828445,36964.46417069791,0.01706201195655121,1.4594222297004744,3979.6149373540284,-36859.14895840198,-4080.2457413269203,1.5,0.0
76,13,38000.0,88782.40994828445,31236.35178884375,0.01706201195655121,1.4594222297004744,-15056.78905880541,-34823.87378059229,1048.1856117107216,1.5,0.0
76,13,38000.0,85355.40994828445,34634.57525679565,0.01706201195655121,1.4594222297004744,-20520.53018566386,-31717.920645060465,-2009.9812997734955,1.5,0.0
76,13,38000.0,12736.409948284447,38170.90986150504,0.01706201195655121,1.4594222297004744,29778.205961374195,21145.782023962405,-5133.462373868102,1.5,0.0
76,13,38000.0,83633.40994828445,34523.26017452458,0.01706201195655121,1.4594222297004744,-23107.172165606935,-29913.398985190503,-1910.2175724963708,1.5,0.0
76,13,38000.0,3735.4099482844467,29932.312884341634,0.01706201195655121,1.4594222297004744,37111.38907150593,6795.239765203901,2218.709655748085,1.5,0.0
76,13,38000.0,8393.409948284447,35032.97942873243,0.01706201195655121,1.4594222297004744,34613.087753630876,14917.514055954825,-2366.5422476441145,1.5,0.0
76,13,38000.0,66931.40994828445,35184.03785554789,0.01706201195655121,1.4594222297004744,-37453.528670192005,-3884.044846869002,-2501.511801434977,1.5,0.0
76,13,38000.0,70219.40994828445,39861.508792607325,0.01706201195655121,1.4594222297004744,-34320.98674536626,-9230.904989828467,-6579.001668484713,1.5,0.0
77,13,38500.0,118434.90835255187,27791.021297365747,0.016809150485632193,1.463122729446731,32175.725361980196,-19343.93797833819,4162.529445103955,1.5,0.0
77,13,38500.0,93570.90835255187,36372.302253052374,0.016809150485632193,1.463122729446731,-6614.342632577073,-37204.87794392797,-3595.2336555789307,1.5,0.0
77,13,38500.0,50285.908352551865,26424.7137407923,0.016809150485632193,1.463122729446731,-28132.208961658038,23872.135515084603,5365.867718523852,1.5,0.0
77,13,38500.0,79854.90835255187,27517.055349207192,0.016809150485632193,1.463122729446731,-27891.992964334135,-24955.134715562977,4405.451549155051,1.5,0.0
77,13,38500.0,57305.908352551865,34454.56472110418,0.016809150485632193,1.463122729446731,-35808.37065284141,13614.426680332377,-1867.9881289481496,1.5,0.0
77,13,38500.0,83745.90835255187,36405.77076311153,0.016809150485632193,1.463122729446731,-22929.96434262603,-30021.02541062172,-3625.1450257914826,1.5,0.0
77,13,38500.0,107466.90835255187,38793.94376725861,0.016809150485632193,1.463122729446731,17505.813780745233,-32215.962334660082,-5730.119896644348,1.5,0.0
77,13,38500.0,50080.908352551865,28715.901258137445,0.016809150485632193,1.463122729446731,-28643.319701109805,24799.693802685233,3337.2779011516577,1.5,0.0
77,13,38500.0,67761.90835255187,26093.73298932898,0.016809150485632193,1.463122729446731,-36336.702273642084,-5254.017563677224,5654.027319645607,1.5,0.0
77,13,38500.0,8129.908352551865,39787.955884266594,0.016809150485632193,1.463122729446731,33291.98250889111,13846.580393863895,-6585.229020199986,1.5,0.0
77,13,38500.0,97674.90835255187,26801.654025958705,0.016809150485632193,1.463122729446731,853.9063429764303,-37080.77594268245,5036.016164408031,1.5,0.0
77,13,38500.0,65699.90835255187,27502.20511252516,0.016809150485632193,1.463122729446731,-37384.10258265637,-1632.0587471297322,4418.59724418269,1.5,0.0
77,13,38500.0,61793.908352551865,29019.537147647145,0.016809150485632193,1.463122729446731,-37581.42858526746,5516.20631938827,3064.805619801059,1.5,0.0
78,13,39000.0,40906.92953435873,26688.300446466492,0.016563202773557016,1.4665276278345503,-15037.017457835535,34368.72135411936,5189.378353924214,1.5,0.0
78,13,39000.0,66999.92953435873,28729.561174452094,0.016563202773557016,1.4665276278345503,-38166.04036294506,-4086.1272505051684,3359.9904539163263,1.5,0.0
78,13,39000.0,22891.92953435873,29294.997904036078,0.016563202773557016,1.4665276278345503,17151.481021138683,34534.320909910806,2846.6555463665877,1.5,0.0
78,13,39000.0,112804.92953435873,26361.874412930436,0.016563202773557016,1.4665276278345503,25631.338161977586,-27154.626938151807,5477.672157788027,1.5,0.0
78,13,39000.0,92693.92953435873,33213.88300891378,0.016563202773557016,1.4665276278345503,-8445.771305971908,-38043.423349263365,-748.7964556494645,1.5,0.0
78,13,39000.0,96956.92953435873,35721.45678369192,0.016563202773557016,1.4665276278345503,-453.63486497761187,-38492.778578907826,-3043.4388871949595,1.5,0.0
78,13,39000.0,20354.92953435873,25432.892429925152,0.016563202773557016,1.4665276278345503,20287.013659528988,30698.588454045577,6290.3836393512975,1.5,0.0
78,13,39000.0,90167.92953435873,32094.194248563028,0.016563202773557016,1.4665276278345503,-13038.545617767275,-36751.3540784047,281.4130533522367,1.5,0.0
78,13,39000.0,106767.92953435873,36971.821363338284,0.016563202773557016,1.4665276278345503,17022.09530003654,-34025.584667249306,-4172.937828482615,1.5,0.0
78,13,39000.0,21093.92953435873,36417.44008902964,0.016563202773557016,1.4665276278345503,19938.455435666758,32657.061852762432,-3673.7918588997736,1.5,0.0
78,13,39000.0,95755.92953435873,37504.18415874382,0.016563202773557016,1.4665276278345503,-2645.074819050138,-37719.361721185836,-4649.426511856726,1.5,0.0
78,13,39000.0,44745.92953435873,31561.498257363834,0.016563202773557016,1.4665276278345503,-21956.12737622913,32193.420269458198,771.4341244072507,1.5,0.0
78,13,39000.0,100460.92953435873,37593.024738765744,0.016563202773557016,1.4665276278345503,5946.457889737314,-37299.46398340266,-4728.649849023021,1.5,0.0
79,13,39500.0,56670.22170506918,36478.84748953866,0.016323895428566694,1.4696561036942617,-35760.60723547964,14873.049916660406,-3768.5315558774814,1.5,0.0
79,13,39500.0,30548.221705069183,29384.317708208677,0.016323895428566694,1.4696561036942617,3503.6368938019227,38921.20258595596,2794.5128273933465,1.5,0.0
79,13,39500.0,25870.221705069183,28719.43014836254,0.016323895428566694,1.4696561036942617,12101.54701843238,36941.148569760866,3404.6837156514844,1.5,0.0
79,13,39500.0,38684.22170506918,26420.42335977802,0.016323895428566694,1.4696561036942617,-11354.633019221475,36108.58468083919,5483.26296994577,1.5,0.0
79,13,39500.0,41430.22170506918,31408.91156919157,0.016323895428566694,1.4696561036942617,-16726.528781654666,35733.37093878058,921.3277116327702,1.5,0.0
79,13,39500.0,18215.221705069183,29208.026987164292,0.016323895428566694,1.4696561036942617,24773.38220826359,30157.289004558203,2956.6047323560615,1.5,0.0
79,13,39500.0,17524.221705069183,30282.220029723692,0.016323895428566694,1.4696561036942617,25943.904621760754,29508.876826404277,1966.013001270026,1.5,0.0
79,13,39500.0,24650.221705069183,28123.155654452952,0.016323895428566694,1.4696561036942617,14183.759941725155,35957.573919513925,3948.8978169949933,1.5,0.0
79,13,39500.0,55254.22170506918,36663.118935082384,0.016323895428566694,1.4696561036942617,-34592.7297561801,17259.40028723308,-3936.4061298611914,1.5,0.0
79,13,39500.0,39167.22170506918,39366.05422714642,0.016323895428566694,1.4696561036942617,-12009.09101332697,35280.83672282732,-6355.772404179537,1.5,0.0
79,13,39500.0,45479.22170506918,32366.49601517998,0.016323895428566694,1.4696561036942617,-23401.805404513572,31821.3982601352,31.15768085682088,1.5,0.0
79,13,39500.0,87858.22170506918,34716.57445812149,0.016323895428566694,1.4696561036942617,-17175.395457392966,-35293.878862131656,-2149.8181356267473,1.5,0.0
79,13,39500.0,25893.221705069183,38348.19088102864,0.016323895428566694,1.4696561036942617,11748.887494972214,36000.26199778085,-5455.2867433259125,1.5,0.0
80,13,40000.0,71865.75177633099,24556.04999813017,0.01609096912142046,1.4725265416668987,-34984.33227258209,-12476.000568478285,7195.293392630208,1.5,0.0
80,13,40000.0,120494.75177633099,32030.650259183378,0.01609096912142046,1.4725265416668987,36159.7842019846,-17086.750079610207,347.0938642624316,1.5,0.0
80,13,40000.0,52154.75177633099,32307.895443260808,0.01609096912142046,1.4725265416668987,-32715.34671851579,23014.651556520294,86.5589582159124,1.5,0.0
80,13,40000.0,70557.75177633099,30899.27068338015,0.01609096912142046,1.4725265416668987,-38349.93958075117,-10992.14463947602,1409.1313583758408,1.5,0.0
80,13,40000.0,48207.75177633099,33504.311090920106,0.01609096912142046,1.4725265416668987,-27701.566176884477,28775.70878142994,-1037.328443585908,1.5,0.0
80,13,40000.0,106361.75177633099,33245.035793531715,0.01609096912142046,1.4725265416668987,17174.073773493983,-36088.325321007644,-793.9368456752088,1.5,0.0
80,13,40000.0,98923.75177633099,37853.13126472963,0.01609096912142046,1.4725265416668987,3222.897069737476,-38475.490530981304,-5065.325319948232,1.5,0.0
80,13,40000.0,108801.75177633099,26060.24507284865,0.01609096912142046,1.4725265416668987,20331.384412740405,-32251.86483799871,5864.69155148007,1.5,0.0
80,13,40000.0,56400.75177633099,27947.878190909836,0.01609096912142046,1.4725265416668987,-35876.9486104417,15474.254098422605,4151.661199543139,1.5,0.0
80,13,40000.0,93618.75177633099,37146.68065914601,0.01609096912142046,1.4725265416668987,-6727.946189082108,-38359.97287963315,-4421.629618850944,1.5,0.0
80,13,40000.0,37545.75177633099,38034.9572490232,0.01609096912142046,1.4725265416668987,-9509.494032169603,37324.22816413263,-5230.068196287527,1.5,0.0
80,13,40000.0,50782.75177633099,40416.152260658055,0.01609096912142046,1.4725265416668987,-28793.36892142042,23263.87043520243,-7345.313760775276,1.5,0.0
80,13,40000.0,89570.75177633099,38441.17466547077,0.01609096912142046,1.4725265416668987,-13844.229256333947,-35706.682174655754,-5596.6330440124275,1.5,0.0
81,13,40500.0,127636.69157391958,29883.18236148821,0.0158641776989403,1.4751565189262827,40016.917274919826,-3820.510271280449,2384.378661466006,1.5,0.0
81,13,40500.0,2881.691573919583,33323.428866479495,0.0158641776989403,1.4751565189262827,40065.210055828706,5634.148742027787,-876.7182498619723,1.5,0.0
81,13,40500.0,102849.69157391961,29100.05401334646,0.0158641776989403,1.4751565189262827,10815.054597316484,-38492.31830050601,3120.7161555545717,1.5,0.0
81,13,40500.0,8297.691573919612,27050.75957511786,0.0158641776989403,1.4751565189262827,36020.649656218695,15326.333950430262,5023.5954324237255,1.5,0.0
81,13,40500.0,28258.691573919612,27462.005583062222,0.0158641776989403,1.4751565189262827,7846.567132117084,38554.590951965605,4645.1088186084935,1.5,0.0
81,13,40500.0,4132.691573919612,25238.714581517706,0.0158641776989403,1.4751565189262827,37321.63378419538,7579.401934810612,6665.494173848922,1.5,0.0
81,13,40500.0,39574.69157391961,39678.55507274997,0.0158641776989403,1.4751565189262827,-12954.483159812075,35728.49002087788,-6770.115368055254,1.5,0.0
81,13,40500.0,84589.69157391961,30826.6496578236,0.0158641776989403,1.4751565189262827,-23178.827608219577,-33067.61074177556,1492.8146705492884,1.5,0.0
81,13,40500.0,22262.691573919612,37812.75845043415,0.0158641776989403,1.4751565189262827,18458.559425088748,34484.02295134086,-5081.87942292652,1.5,0.0
81,13,40500.0,94075.69157391961,35337.537457572995,0.0158641776989403,1.4751565189262827,-6049.265033768312,-39630.956443375115,-2780.455980777684,1.5,0.0
81,13,40500.0,66095.69157391961,27409.122814859584,0.0158641776989403,1.4751565189262827,-39242.646885435235,-2468.348956736599,4693.885635596454,1.5,0.0
81,13,40500.0,69027.69157391961,27142.48839458122,0.0158641776989403,1.4751565189262827,-38371.12730810166,-7976.725942120016,4939.341354265836,1.5,0.0
81,13,40500.0,109188.69157391961,37454.20886447083,0.0158641776989403,1.4751565189262827,21572.327347531227,-32838.33033487276,-4752.259455518261,1.5,0.0
82,13,41000.0,110979.40507662506,39925.205955455065,0.015643287363466117,1.4775627979491337,23725.9569932437,-30068.023381682786,-7063.414133256815,1.5,0.0
82,13,41000.0,18390.40507662506,28586.481206607765,0.015643287363466117,1.4775627979491337,25316.206700904015,31357.310712320654,3639.339266125339,1.5,0.0
82,13,41000.0,103489.40507662506,31265.304208380774,0.015643287363466117,1.4775627979491337,12290.230662092074,-39049.56067539386,1088.5140750589333,1.5,0.0
82,13,41000.0,102445.40507662506,31306.75261052633,0.015643287363466117,1.4775627979491337,10299.978020750452,-39625.65538559737,1048.7905550458224,1.5,0.0
82,13,41000.0,83799.40507662506,28399.162948860874,0.015643287363466117,1.4775627979491337,-24337.066868739556,-32035.173950805987,3815.907908729331,1.5,0.0
82,13,41000.0,2235.4050766250584,36867.81560028087,0.015643287363466117,1.4775627979491337,39807.01292810787,4331.074593651332,-4254.686307557813,1.5,0.0
82,13,41000.0,22888.40507662506,36803.959360312314,0.015643287363466117,1.4775627979491337,17829.310506787235,35883.731066763365,-4194.80994294663,1.5,0.0
82,13,41000.0,71915.40507662506,30428.751830425328,0.015643287363466117,1.4775627979491337,-38408.514672693804,-13801.429116470403,1889.0944868983338,1.5,0.0
82,13,41000.0,113582.40507662506,37829.03781550789,0.015643287363466117,1.4775627979491337,28239.38025131028,-27744.28988516571,-5150.7491743392475,1.5,0.0
82,13,41000.0,89639.40507662506,27751.81393726384,0.015643287363466117,1.4775627979491337,-14322.66006986675,-37308.58873587708,4423.592932726595,1.5,0.0
82,13,41000.0,38550.40507662506,24369.753565816394,0.015643287363466117,1.4775627979491337,-11143.674765234899,36258.072775229586,7514.0784603172815,1.5,0.0
82,13,41000.0,14573.405076625058,33552.911265303,0.015643287363466117,1.4775627979491337,31136.454637956947,26575.832010881135,-1105.9701279715293,1.5,0.0
82,13,41000.0,108543.40507662506,40404.05991372853,0.015643287363466117,1.4775627979491337,19835.01381785867,-32355.809992560535,-7490.819771707232,1.5,0.0
83,13,41500.0,16533.436592646874,36402.62797020416,0.015428075912593032,1.4797613248129784,28324.936407247795,29255.83731751411,-3857.9925990127253,1.5,0.0
83,13,41500.0,95168.43659264687,30318.99997618306,0.015428075912593032,1.4797613248129784,-4060.101598820129,-41088.862760863296,2015.0245285850099,1.5,0.0
83,13,41500.0,115345.43659264685,27359.15001170535,0.015428075912593032,1.4797613248129784,31027.935597174892,-25664.900872462345,4840.802307067872,1.5,0.0
83,13,41500.0,7802.4365926468745,27467.032403824713,0.015428075912593032,1.4797613248129784,37468.443660011275,14890.385141647193,4739.206300478079,1.5,0.0
83,13,41500.0,7693.4365926468745,30942.790348022907,0.015428075912593032,1.4797613248129784,38550.1623523034,15084.87324020711,1412.2317686253828,1.5,0.0
83,13,41500.0,97060.43659264687,32066.556611855434,0.015428075912593032,1.4797613248129784,-280.7595020564376,-41493.62761749303,323.4062866014991,1.5,0.0
83,13,41500.0,47988.436592646874,38261.39356861943,0.015428075912593032,1.4797613248129784,-27320.632272166615,28990.721259067956,-5608.998607646945,1.5,0.0
83,13,41500.0,75199.43659264687,34704.489180801495,0.015428075912593032,1.4797613248129784,-36109.66793027694,-19923.18547737578,-2230.5710054883025,1.5,0.0
83,13,41500.0,85705.43659264687,35484.51166315112,0.015428075912593032,1.4797613248129784,-21703.278568978152,-34828.004882706395,-2980.655694338311,1.5,0.0
83,13,41500.0,80220.43659264687,40224.392178881695,0.015428075912593032,1.4797613248129784,-28269.324271233687,-26209.35960351986,-7408.492749250709,1.5,0.0
83,13,41500.0,121876.43659264685,30971.863732875776,0.015428075912593032,1.4797613248129784,38531.89314419184,-15142.658292986707,1384.101254109006,1.5,0.0
83,13,41500.0,128524.43659264685,30834.34133263588,0.015428075912593032,1.4797613248129784,41324.25829363074,-2156.799774305388,1517.1385046351818,1.5,0.0
83,13,41500.0,31959.436592646874,39258.22087715816,0.015428075912593032,1.4797613248129784,837.791867349717,39218.122668985234,-6530.176229698612,1.5,0.0
84,13,42000.0,116345.4997943796,31814.015389498592,0.015218332034103626,1.4817672325051277,33609.21993313177,-25159.43185146214,574.3033036032914,1.5,0.0
84,13,42000.0,9340.499794379575,28988.76126163065,0.015218332034103626,1.4817672325051277,37251.43550188296,18125.16414307941,3328.465783702812,1.5,0.0
84,13,42000.0,106167.49979437958,37196.179251539106,0.015218332034103626,1.4817672325051277,17213.887828758045,-37067.67658960075,-4658.952456749636,1.5,0.0
84,13,42000.0,72059.49979437958,39003.19924052581,0.015218332034103626,1.4817672325051277,-37422.431158377156,-13743.030378382104,-6362.449341132352,1.5,0.0
84,13,42000.0,118347.4997943796,37304.07380567152,0.015218332034103626,1.4817672325051277,34893.647325596314,-21179.77242008517,-4761.800001155828,1.5,0.0
84,13,42000.0,75267.49979437958,28609.700136470976,0.015218332034103626,1.4817672325051277,-36088.84350565735,-20067.31744519352,3694.3681880812073,1.5,0.0
84,13,42000.0,103123.49979437958,28740.977177755456,0.015218332034103626,1.4817672325051277,11709.733548747812,-39647.837944216226,3567.783251276283,1.5,0.0
84,13,42000.0,119748.4997943796,28426.59927190297,0.015218332034103626,1.4817672325051277,36610.01563885856,-18948.691464982883,3870.6736152663707,1.5,0.0
84,13,42000.0,31136.499794379575,26487.617156111024,0.015218332034103626,1.4817672325051277,2466.2472977873977,40210.80411385726,5716.2677553422955,1.5,0.0
84,13,42000.0,38157.499794379575,39589.53356328012,0.015218332034103626,1.4817672325051277,-10876.012554117597,37946.52239522795,-6905.329313987095,1.5,0.0
84,13,42000.0,124054.4997943796,30813.174330144524,0.015218332034103626,1.4817672325051277,40371.43214026997,-11123.304228095445,1553.8685106152448,1.5,0.0
84,13,42000.0,3467.499794379575,27939.969487643153,0.015218332034103626,1.4817672325051277,40443.680003326815,6863.732080682651,4337.72330434088,1.5,0.0
84,13,42000.0,129593.4997943796,38016.071018233546,0.015218332034103626,1.4817672325051277,40452.7869084181,-12.748245632012342,-5437.093811495019,1.5,0.0
85,13,42500.0,127919.46753999437,39161.808546111504,0.015013854651491408,1.4835948487340924,40103.22926593656,-3274.6400673388775,-6578.574097984008,1.5,0.0
85,13,42500.0,56206.467539994395,38086.153344845065,0.015013854651491408,1.4835948487340924,-37397.09362263319,16549.410797056473,-5561.341004251962,1.5,0.0
85,13,42500.0,26030.467539994395,38043.76821578951,0.015013854651491408,1.4835948487340924,12436.060980437527,38983.4295161205,-5520.93000702485,1.5,0.0
85,13,42500.0,7450.467539994395,27988.11057814727,0.015013854651491408,1.4835948487340924,38851.480442394924,14677.45253966957,4336.942690010513,1.5,0.0
85,13,42500.0,108446.46753999437,25118.683016130934,0.015013854651491408,1.4835948487340924,20682.486020325203,-34096.84714450479,7063.6299063717015,1.5,0.0
85,13,42500.0,114917.46753999437,38352.26133961786,0.015013854651491408,1.4835948487340924,30849.045014566116,-26613.914667173893,-5814.511348338501,1.5,0.0
85,13,42500.0,124882.46753999437,29253.96370556479,0.015013854651491408,1.4835948487340924,40912.7170623464,-9523.891797342407,3104.232411339787,1.5,0.0
85,13,42500.0,76240.4675399944,34326.44537501112,0.015013854651491408,1.4835948487340924,-35971.15611188743,-22284.8798021064,-1905.4642815780521,1.5,0.0
85,13,42500.0,57141.467539994395,36611.46351595183,0.015013854651491408,1.4835948487340924,-38781.309028505646,15099.697781534878,-4142.733650784112,1.5,0.0
85,13,42500.0,30472.467539994395,26378.350787880147,0.015013854651491408,1.4835948487340924,3798.019939564249,40524.14771315282,5880.368347737693,1.5,0.0
85,13,42500.0,75759.4675399944,36949.58134320858,0.015013854651491408,1.4835948487340924,-35752.99606584229,-21012.213392320766,-4470.127463602116,1.5,0.0
85,13,42500.0,124732.46753999437,39503.88563516927,0.015013854651491408,1.4835948487340924,38895.50289563276,-9353.008089136527,-6898.453815430832,1.5,0.0
85,13,42500.0,1632.4675399943662,36099.67444509183,0.015013854651491408,1.4835948487340924,41687.27567004831,3306.2146286943325,-3645.0879545270673,1.5,0.0
86,13,43000.0,97583.36241694662,26209.071194674463,0.014814452315904489,1.4852577077469304,763.4221821657405,-41070.53520536954,6104.4218013769405,1.5,0.0
86,13,43000.0,28376.36241694662,28161.084175665375,0.014814452315904489,1.4852577077469304,8159.585393661852,41296.781894890344,4213.302301175366,1.5,0.0
86,13,43000.0,108144.36241694662,32446.573979081724,0.014814452315904489,1.4852577077469304,21760.04803780889,-37087.61090191795,-46.6199814525714,1.5,0.0
86,13,43000.0,84811.36241694662,32485.486141148154,0.014814452315904489,1.4852577077469304,-24301.348990060407,-35474.11278132633,-85.57040584908493,1.5,0.0
86,13,43000.0,125068.36241694662,33738.83845889551,0.014814452315904489,1.4852577077469304,41878.02951671388,-9351.549521120074,-1339.2211538348615,1.5,0.0
86,13,43000.0,39552.36241694662,30700.64976827583,0.014814452315904489,1.4852577077469304,-14563.938947273673,40303.47131818873,1699.1065084635034,1.5,0.0
86,13,43000.0,98789.36241694662,37047.64037949045,0.014814452315904489,1.4852577077469304,3226.3916360109097,-41788.670951440996,-4612.9683941024905,1.5,0.0
86,13,43000.0,67716.36241694662,39093.09075562477,0.014814452315904489,1.4852577077469304,-40349.27921150567,-5743.276138908189,-6582.751791092824,1.5,0.0
86,13,43000.0,106796.36241694662,28296.945866367434,0.014814452315904489,1.4852577077469304,18911.162266572625,-37671.78359197405,4080.0775810849677,1.5,0.0
86,13,43000.0,77531.36241694662,36231.67612677059,0.014814452315904489,1.4852577077469304,-34462.45308561588,-24459.425926958786,-3813.442651460487,1.5,0.0
86,13,43000.0,121690.36241694662,35283.14401122973,0.014814452315904489,1.4852577077469304,39488.06661131133,-15931.142692205163,-2876.6055899439857,1.5,0.0
86,13,43000.0,68310.36241694662,32774.0660883249,0.014814452315904489,1.4852577077469304,-42371.813864727555,-7281.575710649145,-374.4153574620105,1.5,0.0
86,13,43000.0,51669.36241694662,27354.189788761396,0.014814452315904489,1.4852577077469304,-33547.99536273472,24800.653378460247,5000.573289216091,1.5,0.0
87,13,43500.0,5474.34794856864,34639.22155740666,0.014619942640725863,1.4867685656716683,41729.80467009389,11342.837977794283,-2260.5548388090137,1.5,0.0
87,13,43500.0,11838.34794856864,31977.710349736863,0.014619942640725863,1.4867685656716683,36522.28177128781,23613.129956890993,427.1215350728339,1.5,0.0
87,13,43500.0,71231.34794856864,40283.38569918433,0.014619942640725863,1.4867685656716683,-38415.24660325436,-12381.770023674642,-7781.421383523068,1.5,0.0
87,13,43500.0,26980.34794856864,25819.686748925145,0.014619942640725863,1.4867685656716683,10728.553345732815,39887.454893504066,6543.739988055897,1.5,0.0
87,13,43500.0,92666.34794856864,30980.473611615038,0.014619942640725863,1.4867685656716683,-9461.947026207625,-42352.96314557269,1434.7358955239379,1.5,0.0
87,13,43500.0,98800.34794856864,38483.732521341226,0.014619942640725863,1.4867685656716683,3226.0550435182904,-41496.34200831706,-6064.936747394962,1.5,0.0
87,13,43500.0,61718.34794856864,28901.63123052955,0.014619942640725863,1.4867685656716683,-42398.205863546034,6381.961842781766,3521.7035772337945,1.5,0.0
87,13,43500.0,73689.34794856864,37062.244180349735,0.014619942640725863,1.4867685656716683,-38517.12389866892,-17709.89794515512,-4675.865577181316,1.5,0.0
87,13,43500.0,87123.34794856864,30501.08723704014,0.014619942640725863,1.4867685656716683,-20329.323784810742,-38248.87308412681,1918.0624423952709,1.5,0.0
87,13,43500.0,118084.34794856864,40175.652346220566,0.014619942640725863,1.4867685656716683,34304.2863285875,-21425.643846191524,-7680.204778272171,1.5,0.0
87,13,43500.0,95719.34794856864,38613.183350064064,0.014619942640725863,1.4867685656716683,-2979.44733465478,-41434.391936019754,-6190.103264196669,1.5,0.0
87,13,43500.0,19008.34794856864,29181.389794134368,0.014619942640725863,1.4867685656716683,25979.939220799864,34228.504865305484,3242.469210553887,1.5,0.0
87,13,43500.0,13794.34794856864,36777.12843931325,0.014619942640725863,1.4867685656716683,33363.88104181133,26365.881795513404,-4394.365497845604,1.5,0.0
88,13,44000.0,121706.7204103084,33429.0764389065,0.014430151775354191,1.4881394189226098,40766.61865392604,-16409.38369912438,-1051.3990454054954,1.5,0.0
88,13,44000.0,8873.720410308393,32328.802266858518,0.014430151775354191,1.4881394189226098,39990.40004006634,18350.608652668492,72.77218761326894,1.5,0.0
88,13,44000.0,125324.7204103084,25194.401298669283,0.014430151775354191,1.4881394189226098,40457.49968396057,-8507.86989606049,7216.069128617455,1.5,0.0
88,13,44000.0,43801.72041030839,29942.06931207559,0.014430151775354191,1.4881394189226098,-22938.261903745693,37181.64572446213,2506.3483931514447,1.5,0.0
88,13,44000.0,3337.720410308393,38314.623756952504,0.014430151775354191,1.4881394189226098,41652.070967388165,6799.475202877162,-5962.9230703008,1.5,0.0
88,13,44000.0,50556.72041030839,24800.46395998372,0.014430151775354191,1.4881394189226098,-31643.57129513102,26144.98544174475,7593.0595770402315,1.5,0.0
88,13,44000.0,86372.7204103084,30722.267012909957,0.014430151775354191,1.4881394189226098,-21977.47431126002,-37950.10238978464,1712.947223789358,1.5,0.0
88,13,44000.0,72732.7204103084,39611.40226026652,0.014430151775354191,1.4881394189226098,-38318.50800478041,-15509.177638052708,-7221.6424637136115,1.5,0.0
88,13,44000.0,88071.7204103084,25124.267899629238,0.014430151775354191,1.4881394189226098,-17682.703388744998,-37313.054034064415,7283.381986137511,1.5,0.0
88,13,44000.0,97985.7204103084,36445.23316692311,0.014430151775354191,1.4881394189226098,1643.5557235653635,-43125.227358010125,-4108.242806247336,1.5,0.0
88,13,44000.0,24244.720410308393,28473.32438214899,0.014430151775354191,1.4881394189226098,16640.794797446448,39871.856438520954,3989.319017446114,1.5,0.0
88,13,44000.0,123349.7204103084,38339.06308088949,0.014430151775354191,1.4881394189226098,40266.480947646254,-12589.341270043453,-5986.878734273947,1.5,0.0
88,13,44000.0,84172.7204103084,36386.301259141714,0.014430151775354191,1.4881394189226098,-25494.882958613318,-34851.07214802568,-4049.145570319759,1.5,0.0
89,13,44500.0,54600.901207029936,24740.35056266088,0.014244913915061079,1.4893815252275076,-36499.9952669609,19678.564094514637,7730.262456126677,1.5,0.0
89,13,44500.0,57561.901207029936,39827.94776240233,0.014244913915061079,1.4893815252275076,-39107.66190597298,14315.884323320704,-7506.790689284526,1.5,0.0
89,13,44500.0,77123.90120702994,35802.2734568849,0.014244913915061079,1.4893815252275076,-36291.290925334324,-24694.158512781323,-3497.9317319729903,1.5,0.0
89,13,44500.0,949.9012070299359,34596.077734964994,0.014244913915061079,1.4893815252275076,44201.10763809577,2037.0122137181745,-2263.8108811683146,1.5,0.0
89,13,44500.0,119919.90120702994,36352.71450765885,0.014244913915061079,1.4893815252275076,38962.27472964207,-19757.425177770845,-4057.3952414592627,1.5,0.0
89,13,44500.0,33312.901207029936,32912.12928286612,0.014244913915061079,1.4893815252275076,-1968.2623594958704,44442.72086424588,-528.8691451166262,1.5,0.0
89,13,44500.0,31191.901207029936,32013.36790166465,0.014244913915061079,1.4893815252275076,2604.4300248453383,44415.889678562075,399.28750326637936,1.5,0.0
89,13,44500.0,15411.901207029936,31582.42230620104,0.014244913915061079,1.4893815252275076,32619.61847667821,30217.559799033206,844.1673497218467,1.5,0.0
89,13,44500.0,63329.901207029936,34675.115236078986,0.014244913915061079,1.4893815252275076,-44117.28524331122,3149.679841204005,-2344.9612099926226,1.5,0.0
89,13,44500.0,65892.90120702994,27564.866601356607,0.014244913915061079,1.4893815252275076,-43222.21073952821,-2292.2893408902673,4948.083153372328,1.5,0.0
89,13,44500.0,123778.90120702994,38686.55085924089,0.014244913915061079,1.4893815252275076,40769.87564274487,-11821.381602675972,-6392.651729331221,1.5,0.0
89,13,44500.0,65436.901207029936,37450.388413752094,0.014244913915061079,1.4893815252275076,-43152.15265211957,-1332.8689768273548,-5164.04350167582,1.5,0.0
89,13,44500.0,121840.90120702994,29962.93050552295,0.014244913915061079,1.4893815252275076,41099.90701943687,-16233.66079814563,2511.135963204218,1.5,0.0
90,13,45000.0,85410.4297671555,27730.709048154225,0.014064070844081499,1.4905054268587714,-23721.991406613048,-36881.655196754924,4831.078320511749,1.5,0.0
90,13,45000.0,34511.429767155496,25758.022534930456,0.014064070844081499,1.4905054268587714,-4362.030091969413,42463.56954543111,6811.998682113373,1.5,0.0
90,13,45000.0,105777.4297671555,26245.792207642426,0.014064070844081499,1.4905054268587714,17375.213400489254,-39346.155167008714,6327.29501792328,1.5,0.0
90,13,45000.0,107401.4297671555,25455.133453794493,0.014064070844081499,1.4905054268587714,20160.436099847953,-37383.661935583084,7111.083910718956,1.5,0.0
90,13,45000.0,123223.4297671555,40335.13372111895,0.014064070844081499,1.4905054268587714,39733.55120486968,-12690.294886948013,-8077.874927062702,1.5,0.0
90,13,45000.0,85540.4297671555,25499.73447057899,0.014064070844081499,1.4905054268587714,-22767.796942476674,-35893.343594256614,7067.137745222829,1.5,0.0
90,13,45000.0,111105.4297671555,26447.1817114129,0.014064070844081499,1.4905054268587714,26928.912875836086,-33701.65506589076,6126.123874588687,1.5,0.0
90,13,45000.0,76538.4297671555,37701.52444856993,0.014064070844081499,1.4905054268587714,-36662.25818754179,-23452.57784368422,-5471.636130354107,1.5,0.0
90,13,45000.0,47394.429767155496,33699.89151123568,0.014064070844081499,1.4905054268587714,-29847.365813610846,33557.457207309635,-1355.5899263310812,1.5,0.0
90,13,45000.0,79001.4297671555,36845.55871402319,0.014064070844081499,1.4905054268587714,-33944.908170008646,-27930.732921839233,-4603.281912643633,1.5,0.0
90,13,45000.0,66575.4297671555,34520.77452591701,0.014064070844081499,1.4905054268587714,-44596.63088848456,-3848.1751260945807,-2209.2139155491036,1.5,0.0
90,13,45000.0,2572.429767155496,38591.23613932896,0.014064070844081499,1.4905054268587714,42654.138417542155,5347.35995524249,-6364.218137202184,1.5,0.0
90,13,45000.0,66819.4297671555,34643.1739497888,0.014064070844081499,1.4905054268587714,-44519.92933113151,-4372.691294083799,-2336.228310472479,1.5,0.0
91,13,45500.0,108296.95691335757,37204.4620228036,0.013887471509346553,1.4915209756756775,22685.299210090343,-38017.39873704266,-5019.902817594431,1.5,0.0
91,13,45500.0,13800.9569133576,28523.401257642305,0.013887471509346553,1.4915209756756775,35061.1336747731,27725.393727291153,4063.271858565506,1.5,0.0
91,13,45500.0,24444.9569133576,26787.211050660168,0.013887471509346553,1.4915209756756775,16486.445897128055,40606.6243698264,5845.080526769554,1.5,0.0
91,13,45500.0,78445.9569133576,28290.906316888275,0.013887471509346553,1.4915209756756775,-35190.64241996628,-27400.530083214177,4303.823074873917,1.5,0.0
91,13,45500.0,49149.9569133576,37941.53645871028,0.013887471509346553,1.4915209756756775,-31835.138942973277,30181.22554178559,-5772.6850074597405,1.5,0.0
91,13,45500.0,10503.9569133576,29649.260988683247,0.013887471509346553,1.4915209756756775,39373.865988113575,21985.165245135242,2891.6524402436426,1.5,0.0
91,13,45500.0,14759.9569133576,35414.00788599558,0.013887471509346553,1.4915209756756775,33973.3932741679,29532.49561819273,-3166.5222823883773,1.5,0.0
91,13,45500.0,48089.9569133576,38173.836016622976,0.013887471509346553,1.4915209756756775,-30147.083337391017,31676.133959729534,-6008.452779943082,1.5,0.0
91,13,45500.0,1626.9569133575715,25559.463604185683,0.013887471509346553,1.4915209756756775,42886.95057453289,3389.831132605099,7080.837440084132,1.5,0.0
91,13,45500.0,108131.95691335757,36693.395363884294,0.013887471509346553,1.4915209756756775,22505.12799632734,-38410.42702517796,-4494.124036680862,1.5,0.0
91,13,45500.0,17384.9569133576,29284.18055534029,0.013887471509346553,1.4915209756756775,29928.251228362824,33580.75684819357,3272.6843096304415,1.5,0.0
91,13,45500.0,95218.95691335757,27809.28229978149,0.013887471509346553,1.4915209756756775,-4255.650414517598,-44173.20475225285,4800.361795329586,1.5,0.0
91,13,45500.0,108371.95691335757,35460.20352973815,0.013887471509346553,1.4915209756756775,23199.149612957648,-38559.219973882144,-3214.7016098527783,1.5,0.0
92,13,46000.0,38398.238673051004,34401.451188212486,0.013714971622495561,1.4924373596104636,-13127.143498550447,43861.34428391894,-2128.6436419178426,1.5,0.0
92,13,46000.0,72004.238673051,26488.29263392389,0.013714971622495561,1.4924373596104636,-41459.506780349155,-15099.67556132053,6211.41388724469,1.5,0.0
92,13,46000.0,98150.23867305098,35535.35560730485,0.013714971622495561,1.4924373596104636,2093.9916206966286,-45421.34378620345,-3326.9995054402348,1.5,0.0
92,13,46000.0,121929.23867305098,35230.955773359616,0.013714971622495561,1.4924373596104636,42452.553393777096,-16558.106423964695,-3006.1346589659547,1.5,0.0
92,13,46000.0,81735.238673051,35357.92757991351,0.013714971622495561,1.4924373596104636,-31025.290111738046,-33319.86947548573,-3140.057985809261,1.5,0.0
92,13,46000.0,27815.238673051004,25499.94295436704,0.013714971622495561,1.4924373596104636,9578.554320100739,42381.12127963335,7213.763086320288,1.5,0.0
92,13,46000.0,115927.23867305098,31538.78924710927,0.013714971622495561,1.4924373596104636,36226.83141118925,-28283.03441912108,917.1131846597168,1.5,0.0
92,13,46000.0,121257.23867305098,30926.36913914082,0.013714971622495561,1.4924373596104636,42180.45993356848,-18056.20916098809,1568.4073726503834,1.5,0.0
92,13,46000.0,127656.23867305098,25704.726035019827,0.013714971622495561,1.4924373596104636,43404.42189251825,-4102.419136789163,7007.363921741192,1.5,0.0
92,13,46000.0,25930.238673051004,27902.360431928333,0.013714971622495561,1.4924373596104636,13856.983016105836,42719.55022811608,4753.104117798516,1.5,0.0
92,13,46000.0,120571.23867305098,31443.594635128196,0.013714971622495561,1.4924373596104636,41618.2309318334,-19477.596436332326,1018.4179746768981,1.5,0.0
92,13,46000.0,34688.238673051004,36335.08221970093,0.013714971622495561,1.4924373596104636,-5000.2425598999935,44887.780173095634,-4166.350843094271,1.5,0.0
92,13,46000.0,11801.238673051004,28140.405647151543,0.013714971622495561,1.4924373596104636,37852.49093019323,24376.708156784716,4505.226704700665,1.5,0.0
93,13,46500.0,30573.13049512956,39333.12385228636,0.013546433288009873,1.4932631302578827,3882.9103771287073,43725.751646173165,-7321.363937470359,1.5,0.0
93,13,46500.0,61042.13049512956,32267.363818889142,0.013546433288009873,1.4932631302578827,-45729.473258980564,8424.717681547507,142.73515602135004,1.5,0.0
93,13,46500.0,59009.13049512956,32864.252117354314,0.013546433288009873,1.4932631302578827,-44668.12011262393,12880.75518147784,-499.5617315347493,1.5,0.0
93,13,46500.0,11590.13049512956,34052.35080914598,0.013546433288009873,1.4932631302578827,39224.03375809829,24695.727657455685,-1776.2725089637918,1.5,0.0
93,13,46500.0,22209.13049512956,36247.74522422316,0.013546433288009873,1.4932631302578827,21668.239644045483,40228.8797693667,-4116.76908598703,1.5,0.0
93,13,46500.0,85887.13049512956,25463.975434876997,0.013546433288009873,1.4932631302578827,-22886.170548838967,-37457.33771736164,7324.310773534104,1.5,0.0
93,13,46500.0,50024.13049512956,32654.136504055947,0.013546433288009873,1.4932631302578827,-35067.85206745592,30531.418724251005,-273.4815303099666,1.5,0.0
93,13,46500.0,76009.13049512956,32101.783745137905,0.013546433288009873,1.4932631302578827,-39796.96159733841,-24041.62848280773,320.9135978272231,1.5,0.0
93,13,46500.0,12717.13049512956,39231.296744648644,0.013546433288009873,1.4932631302578827,35876.76479692755,25426.01562074079,-7217.826375826086,1.5,0.0
93,13,46500.0,21522.13049512956,32294.806603068726,0.013546433288009873,1.4932631302578827,23401.558424241783,40181.598094783054,113.203156086366,1.5,0.0
93,13,46500.0,16169.13049512956,31886.792662048163,0.013546433288009873,1.4932631302578827,32919.445002971755,32821.05796697307,552.2299860906601,1.5,0.0
93,13,46500.0,91784.13049512956,39887.63981426218,0.013546433288009873,1.4932631302578827,-11283.083234993337,-41979.82028591051,-7881.9975149818365,1.5,0.0
93,13,46500.0,31789.13049512956,31599.338710334283,0.013546433288009873,1.4932631302578827,1375.8956685381515,46444.59635378826,861.4135532238886,1.5,0.0
94,13,47000.0,25242.5818422811,24820.815222406174,0.013381724655496469,1.4940062312548732,14916.768955788928,41248.239336365914,8055.366195502998,1.5,0.0
94,13,47000.0,101954.5818422811,33533.72303822333,0.013381724655496469,1.4940062312548732,10722.00194363258,-45687.764271073895,-1231.880078954019,1.5,0.0
94,13,47000.0,4119.581842281099,26799.38663169831,0.013381724655496469,1.4940062312548732,44378.00019128843,8983.067208564484,6014.037109716743,1.5,0.0
94,13,47000.0,106624.5818422811,39545.435813188094,0.013381724655496469,1.4940062312548732,19503.789665549695,-39672.9453336656,-7613.554400706715,1.5,0.0
94,13,47000.0,97180.5818422811,27011.312994235705,0.013381724655496469,1.4940062312548732,-42.74528506236397,-45405.15874008193,5791.773628003021,1.5,0.0
94,13,47000.0,90848.5818422811,34451.5553266992,0.013381724655496469,1.4940062312548732,-14174.466307811985,-44567.96415786432,-2226.6250651295554,1.5,0.0
94,13,47000.0,24995.5818422811,29585.06146705772,0.013381724655496469,1.4940062312548732,16358.326602129238,43594.93244514695,3050.7044725418195,1.5,0.0
94,13,47000.0,78585.5818422811,34693.29348062251,0.013381724655496469,1.4940062312548732,-36660.1451770447,-28945.460241219655,-2487.9673272938053,1.5,0.0
94,13,47000.0,32655.5818422811,30978.58926271802,0.013381724655496469,1.4940062312548732,-580.977869594815,46884.846579989455,1544.0308017408706,1.5,0.0
94,13,47000.0,4892.581842281099,36606.2174473636,0.013381724655496469,1.4940062312548732,44737.408181369574,10815.270752406255,-4541.0647555041105,1.5,0.0
94,13,47000.0,126008.5818422811,28037.001830311296,0.013381724655496469,1.4940062312548732,45257.66169227155,-7960.73294162881,4707.84088570254,1.5,0.0
94,13,47000.0,48605.5818422811,38973.82801721101,0.013381724655496469,1.4940062312548732,-31568.92602269119,31551.84457282408,-7026.211236484482,1.5,0.0
94,13,47000.0,18733.5818422811,32403.396318876305,0.013381724655496469,1.4940062312548732,28911.695386600273,37055.55032625108,-3.6922288630526565,1.5,0.0
95,13,47500.0,41465.63113082247,28558.515580988478,0.013220719594317287,1.494674027164136,-19861.738092825337,42242.19287252127,4194.195243120566,1.5,0.0
95,13,47500.0,96277.63113082244,33735.60481293791,0.013220719594317287,1.494674027164136,-2118.93320748978,-47353.070624552965,-1465.6745376244203,1.5,0.0
95,13,47500.0,44397.63113082247,40395.064874962656,0.013220719594317287,1.494674027164136,-24161.088968916076,36744.342020918855,-8561.604511365033,1.5,0.0
95,13,47500.0,10182.631130822469,40342.50501090262,0.013220719594317287,1.494674027164136,38765.6223715573,20860.123172810177,-8508.13987067836,1.5,0.0
95,13,47500.0,56533.63113082247,32833.72634806939,0.013220719594317287,1.494674027164136,-43726.567402922105,18526.732640645605,-476.26305842672673,1.5,0.0
95,13,47500.0,122663.63113082244,34652.240806287715,0.013220719594317287,1.494674027164136,44572.35012249189,-15580.804196944977,-2468.39451400966,1.5,0.0
95,13,47500.0,75856.63113082247,38231.522807966016,0.013220719594317287,1.494674027164136,-39216.29249070429,-23296.84125366791,-6318.936677210208,1.5,0.0
95,13,47500.0,50995.63113082247,39413.52202694678,0.013220719594317287,1.494674027164136,-35120.601486522784,27781.862833899097,-7554.367810802512,1.5,0.0
95,13,47500.0,105031.63113082244,27602.54216273861,0.013220719594317287,1.494674027164136,17130.9231765428,-42929.134206162904,5220.973829463611,1.5,0.0
95,13,47500.0,40438.63113082247,32862.37600886774,0.013220719594317287,1.494674027164136,-18042.282104324797,43927.12680839694,-507.7173621880602,1.5,0.0
95,13,47500.0,113189.63113082244,37791.9602855165,0.013220719594317287,1.494674027164136,32113.88667800494,-32775.71678281304,-5853.993204710867,1.5,0.0
95,13,47500.0,121341.63113082244,29211.873641480386,0.013220719594317287,1.494674027164136,43221.93890870058,-18293.15422206618,3487.1289606373402,1.5,0.0
95,13,47500.0,108464.63113082244,31424.90648818356,0.013220719594317287,1.494674027164136,24642.96660627502,-40545.47622843913,1070.4036696783444,1.5,0.0
96,13,48000.0,104867.40099236328,33384.5934679046,0.013063297388912248,1.4952733326023333,17414.900873450904,-44670.744041777936,-1091.7209861866788,1.5,0.0
96,13,48000.0,71696.40099236328,32489.145673584484,0.013063297388912248,1.4952733326023333,-45341.5673763957,-15751.166053196448,-98.88230212501897,1.5,0.0
96,13,48000.0,2146.400992363284,34614.05853464416,0.013063297388912248,1.4952733326023333,47465.58033403848,4957.196022963194,-2451.175672427426,1.5,0.0
96,13,48000.0,71622.40099236328,30914.83296665442,0.013063297388912248,1.4952733326023333,-45280.57777050182,-15548.150918327357,1645.9613185244543,1.5,0.0
96,13,48000.0,63103.400992363284,36436.62134851163,0.013063297388912248,1.4952733326023333,-46924.57158039195,3868.435551324294,-4448.995349223288,1.5,0.0
96,13,48000.0,61391.400992363284,29703.50880894936,0.013063297388912248,1.4952733326023333,-46942.07888456715,7828.739261435024,2982.503203387928,1.5,0.0
96,13,48000.0,19366.400992363284,29656.96735053091,0.013063297388912248,1.4952733326023333,28101.73693144536,38389.909621301354,3033.6800037834787,1.5,0.0
96,13,48000.0,47438.400992363284,26361.060582647613,0.013063297388912248,1.4952733326023333,-30616.16938456845,34274.4094900548,6603.254496961324,1.5,0.0
96,13,48000.0,68447.40099236328,27357.137802468493,0.013063297388912248,1.4952733326023333,-45846.33476940393,-8192.623573219907,5538.110218538901,1.5,0.0
96,13,48000.0,108439.40099236328,38078.438238525996,0.013063297388912248,1.4952733326023333,23943.147154916434,-39502.83987934255,-6219.404773281211,1.5,0.0
96,13,48000.0,78452.40099236328,31529.773885003153,0.013063297388912248,1.4952733326023333,-37830.330143253566,-29474.8620186303,964.990228241011,1.5,0.0
96,13,48000.0,115142.40099236328,27991.458142155905,0.013063297388912248,1.4952733326023333,35849.13131676662,-30251.986728137454,4852.9189390832535,1.5,0.0
96,13,48000.0,26502.400992363284,36601.325820362676,0.013063297388912248,1.4952733326023333,13258.23482543712,45099.28489506172,-4628.058585808024,1.5,0.0
97,13,48500.0,12493.093833748018,25352.137823201087,0.0129093424533017,1.495810441380026,37567.480353895546,26015.904196736163,7743.2326591751835,1.5,0.0
97,13,48500.0,69179.09383374802,25189.94682500224,0.0129093424533017,1.495810441380026,-44543.92836922286,-9601.567754192278,7914.195527434894,1.5,0.0
97,13,48500.0,13361.093833748018,33723.982226931184,0.0129093424533017,1.495810441380026,38595.94706525193,29204.871642897204,-1482.2884441193037,1.5,0.0
97,13,48500.0,94085.09383374805,24651.919982406253,0.0129093424533017,1.495810441380026,-6787.665764967385,-44604.78983352585,8477.75856770727,1.5,0.0
97,13,48500.0,73907.09383374805,38050.43223280464,0.0129093424533017,1.495810441380026,-42213.88953035793,-19952.145277321422,-6251.511354064112,1.5,0.0
97,13,48500.0,68067.09383374802,26817.433331967863,0.0129093424533017,1.495810441380026,-46149.442002873984,-7371.506606558492,6178.280387453174,1.5,0.0
97,13,48500.0,112166.09383374805,34126.37463016596,0.0129093424533017,1.495810441380026,32070.341069853785,-36156.65513049749,-1931.864714094711,1.5,0.0
97,13,48500.0,85682.09383374805,31503.94605377408,0.0129093424533017,1.495810441380026,-25672.665166802934,-41094.13446762626,1003.5670271130043,1.5,0.0
97,13,48500.0,94105.09383374805,31474.19464395682,0.0129093424533017,1.495810441380026,-7242.619458910809,-47906.77195227247,1036.8661420772996,1.5,0.0
97,13,48500.0,104247.09383374805,25463.113706232743,0.0129093424533017,1.495810441380026,15339.347035813225,-43136.82157698342,7625.9782957122925,1.5,0.0
97,13,48500.0,26567.09383374802,37304.58645343789,0.0129093424533017,1.495810441380026,13152.333903953097,45263.2079215303,-5443.158736801452,1.5,0.0
97,13,48500.0,57141.09383374802,38767.450253002695,0.0129093424533017,1.495810441380026,-43058.363014213144,16765.888662205536,-7020.927664320326,1.5,0.0
97,13,48500.0,106810.09383374805,24478.4700116245,0.0129093424533017,1.495810441380026,20200.845936781145,-40174.16001088571,8658.229841715667,1.5,0.0
98,13,49000.0,10264.987673670286,34010.71429899495,0.012758744063379002,1.4962911554461886,42925.171556237394,23319.90796844858,-1820.651523919357,1.5,0.0
98,13,49000.0,91970.98767367026,39741.00375458292,0.012758744063379002,1.4962911554461886,-11519.205416108396,-44461.31272033198,-8132.0082407210875,1.5,0.0
98,13,49000.0,16204.987673670286,32303.83037932079,0.012758744063379002,1.4962911554461886,34639.476497382355,34656.232840742836,108.81433730886084,1.5,0.0
98,13,49000.0,56368.987673670286,29164.40497670893,0.012758744063379002,1.4962911554461886,-44411.28578747897,19236.407893491898,3646.03955523117,1.5,0.0
98,13,49000.0,112515.98767367026,32031.173141607902,0.012758744063379002,1.4962911554461886,33126.61546942851,-36095.14839188874,417.30077144570294,1.5,0.0
98,13,49000.0,10437.987673670286,30126.593957399098,0.012758744063379002,1.4962911554461886,42598.62345973514,23607.369974278587,2567.125768291583,1.5,0.0
98,13,49000.0,27570.987673670286,27935.537461329917,0.012758744063379002,1.4962911554461886,11102.00367262367,46551.15242949928,5012.134488713516,1.5,0.0
98,13,49000.0,88268.98767367026,25044.60463931027,0.012758744063379002,1.4962911554461886,-19266.22552705665,-41679.945123581856,8147.269712737044,1.5,0.0
98,13,49000.0,55522.987673670286,30005.84239575501,0.012758744063379002,1.4962911554461886,-43830.05247455113,21159.478166551948,2702.880853234523,1.5,0.0
98,13,49000.0,95104.98767367026,35824.83143289782,0.012758744063379002,1.4962911554461886,-4900.0015021957115,-48077.040385093474,-3857.37278535164,1.5,0.0
98,13,49000.0,43975.987673670286,24598.69240657814,0.012758744063379002,1.4962911554461886,-24235.60350468579,38551.8238276687,8618.132033730384,1.5,0.0
98,13,49000.0,24757.987673670286,31414.69191393614,0.012758744063379002,1.4962911554461886,17721.538807224668,45623.15663733878,1114.43991345593,1.5,0.0
98,13,49000.0,87092.98767367026,34732.952303487866,0.012758744063379002,1.4962911554461886,-22913.398536686796,-42958.02255833911,-2634.0820068250473,1.5,0.0
99,13,49500.0,30868.432236119756,34075.17651129926,0.012611396105717577,1.496720813454916,3660.0185395651556,49200.89714949611,-1912.0745311644762,1.5,0.0
99,13,49500.0,98629.43223611976,28278.169828713115,0.012611396105717577,1.496720813454916,3359.4356277029483,-48398.49493909409,4678.61785319227,1.5,0.0
99,13,49500.0,16040.432236119756,24989.33944587778,0.012611396105717577,1.496720813454916,33019.44619805068,32512.47696570806,8286.95415338759,1.5,0.0
99,13,49500.0,18785.432236119756,27922.16319819196,0.012611396105717577,1.496720813454916,29638.944973839476,38185.18525017593,5076.604863178323,1.5,0.0
99,13,49500.0,37585.432236119756,31669.28930806875,0.012611396105717577,1.496720813454916,-12305.752676332626,47913.93007477364,834.7883691568596,1.5,0.0
99,13,49500.0,4589.4322361197555,31005.671168684534,0.012611396105717577,1.496720813454916,48169.47749356532,10898.24616660217,1592.0480369356496,1.5,0.0
99,13,49500.0,41975.432236119756,27162.00509750002,0.012611396105717577,1.496720813454916,-21452.067918170185,42841.73515715377,5921.189485363666,1.5,0.0
99,13,49500.0,95251.43223611976,37655.53179147258,0.012611396105717577,1.496720813454916,-4518.526558030996,-47688.29742097932,-5940.583591954052,1.5,0.0
99,13,49500.0,29169.432236119756,39296.124033534936,0.012611396105717577,1.496720813454916,7293.622121089929,46186.803592421325,-7734.02631833585,1.5,0.0
99,13,49500.0,72473.43223611976,27561.842768653987,0.012611396105717577,1.496720813454916,-44851.22050434824,-17500.369223584807,5477.874005384717,1.5,0.0
99,13,49500.0,79854.43223611976,39359.08123218899,0.012611396105717577,1.496720813454916,-34810.98970069015,-31144.156189017434,-7801.946301301999,1.5,0.0
99,13,49500.0,48999.432236119756,24589.34753863793,0.012611396105717577,1.496720813454916,-33145.7994336103,31886.294114707685,8713.245956161765,1.5,0.0
99,13,49500.0,128094.43223611976,39284.392057852514,0.012611396105717577,1.496720813454916,46643.84560424358,-3410.6862154340974,-7721.361552149181,1.5,0.0
100,13,50000.0,1867.8452824283158,25566.12946614329,0.01246719684171993,1.4971043187956585,47087.037478614075,4275.693155573604,7742.053911070402,1.5,0.0
100,13,50000.0,58058.845282428316,38066.585004441586,0.01246719684171993,1.4971043187956585,-45577.64976493483,15449.733196601834,-6456.673102873624,1.5,0.0
100,13,50000.0,690.8452824283158,34244.017744105986,0.01246719684171993,1.4971043187956585,49772.39167261038,1667.6565413313165,-2124.9590198974997,1.5,0.0
100,13,50000.0,65850.84528242832,34258.73525585028,0.01246719684171993,1.4971043187956585,-49732.51272067404,-2535.887706651494,-2141.873036022446,1.5,0.0
100,13,50000.0,47836.845282428316,31059.508479710716,0.01246719684171993,1.4971043187956585,-33951.51213899468,36561.60280541098,1545.690178640738,1.5,0.0
100,13,50000.0,33576.845282428316,33563.84001964197,0.01246719684171993,1.4971043187956585,-2846.6684351745685,49839.19738120308,-1342.2300154899312,1.5,0.0
100,13,50000.0,27385.845282428316,26787.992421195057,0.01246719684171993,1.4971043187956585,11592.572404950753,46744.71286518927,6396.03586716662,1.5,0.0
100,13,50000.0,60427.845282428316,36284.27443037163,0.01246719684171993,1.4971043187956585,-48016.7759398146,10333.246690546757,-4455.578838794626,1.5,0.0
100,13,50000.0,89715.84528242832,25515.280379094984,0.01246719684171993,1.4971043187956585,-16767.2062253278,-44164.78231856842,7797.5135638227985,1.5,0.0
100,13,50000.0,52093.845282428316,36122.44842610943,0.01246719684171993,1.4971043187956585,-40146.70005897514,28420.05632263754,-4272.015479264094,1.5,0.0
100,13,50000.0,94437.84528242832,38053.450446522635,0.01246719684171993,1.4971043187956585,-6426.473874718576,-47702.69726720538,-6442.084310473684,1.5,0.0
100,13,50000.0,60493.845282428316,31953.992576544708,0.01246719684171993,1.4971043187956585,-48902.91227223871,10360.331207055477,514.6030716956664,1.5,0.0
100,13,50000.0,89098.84528242832,32559.2519301242,0.01246719684171993,1.4971043187956585,-19136.1872645015,-46191.52860570625,-183.75726582847338,1.5,0.0
101,13,50500.0,3815.709165139473,31815.54103498281,0.012326048686030057,1.4974461669508514,49618.44029013776,9285.114577234144,680.8826024099335,1.5,0.0
101,13,50500.0,3092.709165139473,39569.60808509227,0.012326048686030057,1.4974461669508514,46947.16166622572,7092.429379322771,-8186.362560005488,1.5,0.0
101,13,50500.0,102556.70916513944,36193.17080132687,0.012326048686030057,1.4974461669508514,12749.294004046913,-47983.6190282104,-4394.688501326926,1.5,0.0
101,13,50500.0,52746.70916513947,27786.948720502227,0.012326048686030057,1.4974461669508514,-41071.294866604556,27165.289363954344,5330.134071436345,1.5,0.0
101,13,50500.0,58135.70916513947,38224.89036138615,0.012326048686030057,1.4974461669508514,-45990.19577340409,15398.743204303448,-6696.937361749548,1.5,0.0
101,13,50500.0,78997.70916513944,30426.848472756836,0.012326048686030057,1.4974461669508514,-38823.415348581,-31933.150064863326,2295.48358186301,1.5,0.0
101,13,50500.0,27506.709165139473,38097.8993605908,0.012326048686030057,1.4974461669508514,11418.271966699887,47224.617921303696,-6554.710442137793,1.5,0.0
101,13,50500.0,65118.709165139444,28215.53348729432,0.012326048686030057,1.4974461669508514,-49458.47323482397,-764.2662637845018,4842.095831711898,1.5,0.0
101,13,50500.0,109914.70916513944,34322.30191336834,0.012326048686030057,1.4974461669508514,29068.51922914047,-41026.63944084522,-2236.5008680406186,1.5,0.0
101,13,50500.0,58205.70916513947,39312.061906916766,0.012326048686030057,1.4974461669508514,-45274.44030428306,14988.409539778018,-7903.60151769219,1.5,0.0
101,13,50500.0,84749.70916513944,28477.882948194267,0.012326048686030057,1.4974461669508514,-28147.9507581342,-40826.94937672682,4542.30819015817,1.5,0.0
101,13,50500.0,110953.70916513944,35525.41076749085,0.012326048686030057,1.4974461669508514,30875.05053370893,-39228.501509213624,-3627.6074919221955,1.5,0.0
101,13,50500.0,90551.70916513944,40294.464443305726,0.012326048686030057,1.4974461669508514,-14839.285883969123,-44433.76107469623,-8975.192211245492,1.5,0.0
102,13,51000.0,628.5675882601645,28918.98288672606,0.012187857998216317,1.4977504720660053,50252.10282212659,1531.8475811913172,4075.6845378416483,1.5,0.0
102,13,51000.0,79462.56758826016,29727.759415583183,0.012187857998216317,1.4977504720660053,-38323.92444319714,-32997.951260733214,3134.8582914719736,1.5,0.0
102,13,51000.0,118379.56758826016,38000.330290480946,0.012187857998216317,1.4977504720660053,42039.763561600186,-25427.973014160063,-6507.6240899718205,1.5,0.0
102,13,51000.0,71401.56758826016,32725.16497863611,0.012187857998216317,1.4977504720660053,-48404.14026101254,-16043.46797588986,-382.51079500430706,1.5,0.0
102,13,51000.0,17295.567588260164,37952.25789466484,0.012187857998216317,1.4977504720660053,32869.17796918082,36560.373721343974,-6453.1254409321955,1.5,0.0
102,13,51000.0,17720.567588260164,31531.509772728095,0.012187857998216317,1.4977504720660053,33278.89034137827,38586.35663529258,1021.3968707324468,1.5,0.0
102,13,51000.0,41496.567588260164,39738.197617273676,0.012187857998216317,1.4977504720660053,-20406.473878397162,43232.231415057264,-8451.756241932417,1.5,0.0
102,13,51000.0,103974.56758826016,34842.87235342734,0.012187857998216317,1.4977504720660053,16335.681811690878,-47935.713896951325,-2867.100674890867,1.5,0.0
102,13,51000.0,100136.56758826016,26177.56161817184,0.012187857998216317,1.4977504720660053,6909.521556601336,-48204.205664953704,7209.60013145648,1.5,0.0
102,13,51000.0,69178.56758826016,38638.506409274174,0.012187857998216317,1.4977504720660053,-47592.25052759869,-10257.371445359462,-7227.646874559126,1.5,0.0
102,13,51000.0,113748.56758826016,32226.096091458923,0.012187857998216317,1.4977504720660053,36665.38494181617,-35446.645305713864,204.5795023720477,1.5,0.0
102,13,51000.0,121544.56758826016,26594.55128116106,0.012187857998216317,1.4977504720660053,45304.26868355241,-18651.060998676174,6739.761668866665,1.5,0.0
102,13,51000.0,28126.567588260164,26773.580168231016,0.012187857998216317,1.4977504720660053,10102.962466374114,48064.02131612594,6537.186467395475,1.5,0.0
103,13,51500.0,25929.0225596659,32754.39824195947,0.012052534886809792,1.4980209926371764,15890.602988359868,48979.13678054607,-420.89981016504004,1.5,0.0
103,13,51500.0,82087.0225596659,28830.108531460988,0.012052534886809792,1.4980209926371764,-33932.559102208616,-37711.73725891314,4218.8415621119475,1.5,0.0
103,13,51500.0,17345.0225596659,24819.10614792647,0.012052534886809792,1.4980209926371764,32046.11644749591,35817.23921290025,8802.522498263588,1.5,0.0
103,13,51500.0,75038.0225596659,34253.05492587001,0.012052534886809792,1.4980209926371764,-45102.61350104644,-24426.533201499413,-2197.92301841398,1.5,0.0
103,13,51500.0,63980.0225596659,30354.23164669409,0.012052534886809792,1.4980209926371764,-51206.41612701983,2036.7138450642226,2425.78740065322,1.5,0.0
103,13,51500.0,128128.0225596659,34851.62697958875,0.012052534886809792,1.4980209926371764,51006.49289164767,-3646.1926561840182,-2904.9581680293823,1.5,0.0
103,13,51500.0,94983.0225596659,26060.40492702915,0.012052534886809792,1.4980209926371764,-5265.77889264791,-48803.34329680488,7411.579375273731,1.5,0.0
103,13,51500.0,116773.0225596659,24523.193155763616,0.012052534886809792,1.4980209926371764,38843.48793894689,-27840.48631468756,9129.591323343795,1.5,0.0
103,13,51500.0,75957.0225596659,28322.36681574174,0.012052534886809792,1.4980209926371764,-43288.07654709349,-26001.596585785093,4811.541328455825,1.5,0.0
103,13,51500.0,85054.0225596659,31696.066632503644,0.012052534886809792,1.4980209926371764,-28586.860007736075,-42801.3266992744,835.9028085294362,1.5,0.0
103,13,51500.0,115004.0225596659,30683.96598152917,0.012052534886809792,1.4980209926371764,38999.62878141424,-33361.110096124394,2035.7916106298594,1.5,0.0
103,13,51500.0,17667.0225596659,37426.901395430155,0.012052534886809792,1.4980209926371764,32739.16118882906,37761.89849988994,-5911.5477611361075,1.5,0.0
103,13,51500.0,111541.0225596659,30420.969835923748,0.012052534886809792,1.4980209926371764,32838.88973762685,-39363.89791082082,2346.899114682368,1.5,0.0
104,13,52000.0,35935.73152253602,36981.693163508055,0.011919993024854424,1.4982611562391432,-8652.171911809202,49979.03205180448,-5448.496100673285,1.5,0.0
104,13,52000.0,124524.73152253599,39566.94886309806,0.011919993024854424,1.4982611562391432,47419.84302111403,-11909.253440888186,-8421.471412162135,1.5,0.0
104,13,52000.0,82383.73152253599,24660.75489419952,0.011919993024854424,1.4982611562391432,-31841.210369064367,-36427.942790765475,9063.336787643553,1.5,0.0
104,13,52000.0,3098.7315225360217,34042.23875754383,0.011919993024854424,1.4982611562391432,51251.429469501505,7757.99245756158,-1967.0041302090044,1.5,0.0
104,13,52000.0,74561.73152253599,36674.2738900714,0.011919993024854424,1.4982611562391432,-45294.276561427025,-23194.136420304672,-5088.357332406624,1.5,0.0
104,13,52000.0,58608.73152253599,28913.882936128208,0.011919993024854424,1.4982611562391432,-48967.224838030495,15155.985137827434,4160.066744455118,1.5,0.0
104,13,52000.0,8141.731522536022,37058.40047478411,0.011919993024854424,1.4982611562391432,46782.386150133105,19488.881571779857,-5538.172434980771,1.5,0.0
104,13,52000.0,122540.73152253599,34544.15182241408,0.011919993024854424,1.4982611562391432,48719.80184955113,-17357.04060676369,-2566.262039513885,1.5,0.0
104,13,52000.0,24221.73152253602,39352.43464279133,0.011919993024854424,1.4982611562391432,18951.692739001184,45266.8336517744,-8179.183505117214,1.5,0.0
104,13,52000.0,100469.73152253599,40192.27794393112,0.011919993024854424,1.4982611562391432,7629.7900943962195,-47727.244647369334,-9122.470685031274,1.5,0.0
104,13,52000.0,36894.73152253602,24986.007046779017,0.011919993024854424,1.4982611562391432,-10523.465403825712,47525.729051927185,8699.37076687335,1.5,0.0
104,13,52000.0,110376.73152253599,31507.9917286375,0.011919993024854424,1.4982611562391432,30976.18564469409,-41706.37913236506,1069.2060531684858,1.5,0.0
104,13,52000.0,21826.73152253602,33161.20215876713,0.011919993024854424,1.4982611562391432,25486.056712513207,45285.53818472023,-912.4925624936195,1.5,0.0
105,13,52500.0,66757.40465371063,29547.200456052473,0.011790149476190242,1.498474083234578,-51764.700696749416,-4927.148208813581,3441.926389665014,1.5,0.0
105,13,52500.0,123247.40465371063,32072.735744633486,0.011790149476190242,1.498474083234578,50023.42482857753,-15912.673465177582,396.0920816618239,1.5,0.0
105,13,52500.0,72777.40465371063,40144.34108176528,0.011790149476190242,1.498474083234578,-45235.22552400264,-18422.82512863525,-9154.789044987574,1.5,0.0
105,13,52500.0,27026.404653710662,31993.004750906402,0.011790149476190242,1.498474083234578,13520.439307291517,50718.58380648647,492.5802181687299,1.5,0.0
105,13,52500.0,97342.40465371063,26420.925256773284,0.011790149476190242,1.498474083234578,347.3340144663709,-50308.49978990323,7135.930371185432,1.5,0.0
105,13,52500.0,65666.40465371063,25137.888164995536,0.011790149476190242,1.498474083234578,-49236.1010545538,-2069.354150433751,8609.322425712495,1.5,0.0
105,13,52500.0,52159.40465371066,39615.748473527165,0.011790149476190242,1.498474083234578,-40344.93834084092,28368.327841804865,-8556.626476285883,1.5,0.0
105,13,52500.0,78393.40465371063,28606.112495056062,0.011790149476190242,1.498474083234578,-40805.77476770856,-31605.981490926144,4566.134497137159,1.5,0.0
105,13,52500.0,55863.40465371063,32465.835286345726,0.011790149476190242,1.498474083234578,-47648.89421305911,22040.98003944036,-79.6844905165377,1.5,0.0
105,13,52500.0,63847.40465371063,25769.36861065749,0.011790149476190242,1.498474083234578,-49757.54962822625,2299.5943191655892,7887.963896910211,1.5,0.0
105,13,52500.0,112405.40465371063,31163.212952919803,0.011790149476190242,1.498474083234578,35227.176832894984,-38799.46179498391,1496.0650129561832,1.5,0.0
105,13,52500.0,67096.40465371063,39367.70941185201,0.011790149476190242,1.498474083234578,-49226.283306164376,-5503.258333171137,-8273.980991380242,1.5,0.0
105,13,52500.0,33368.40465371066,32439.0904968212,0.011790149476190242,1.498474083234578,-2463.943225222616,52442.05453977382,-47.31368116373613,1.5,0.0
106,13,53000.0,50095.80231778254,30616.209395736267,0.011662924531750421,1.498662609420007,-39943.69587242537,34533.24865309992,2176.579354480342,1.5,0.0
106,13,53000.0,48040.80231778254,32897.71731517579,0.011662924531750421,1.498662609420007,-36436.38469489411,38467.57889351723,-608.012786618932,1.5,0.0
106,13,53000.0,48405.80231778254,40119.73847592536,0.011662924531750421,1.498662609420007,-34552.459642003945,35209.283722782675,-9212.72481662069,1.5,0.0
106,13,53000.0,85326.80231778254,27321.029375044993,0.011662924531750421,1.498662609420007,-27980.967150141674,-43118.035124888636,6142.571536979322,1.5,0.0
106,13,53000.0,36344.80231778254,29182.69031486701,0.011662924531750421,1.498662609420007,-9952.234208902448,51401.98011043302,3914.7362528193953,1.5,0.0
106,13,53000.0,117170.80231778254,24803.327521131407,0.011662924531750421,1.498662609420007,40737.18109848212,-28024.64295219433,9072.617152248034,1.5,0.0
106,13,53000.0,16275.802317782538,30647.770900542855,0.011662924531750421,1.498662609420007,37204.032108075,37478.49162375608,2138.161562856134,1.5,0.0
106,13,53000.0,33576.80231778254,27542.971575474723,0.011662924531750421,1.498662609420007,-2938.766970725502,51453.53225513615,5879.248298093796,1.5,0.0
106,13,53000.0,72948.80231778254,35316.56595360784,0.011662924531750421,1.498662609420007,-48429.28364827357,-20194.44136092403,-3551.3686138283574,1.5,0.0
106,13,53000.0,109874.80231778254,27237.40763200681,0.011662924531750421,1.498662609420007,29604.669466500676,-41955.191819551306,6241.601708543803,1.5,0.0
106,13,53000.0,68486.80231778254,35231.96658897509,0.011662924531750421,1.498662609420007,-51664.80689230854,-9334.24783505207,-3449.0137155619464,1.5,0.0
106,13,53000.0,88002.80231778254,28568.301936666947,0.011662924531750421,1.498662609420007,-22463.712551228935,-46995.27412003406,4654.388861609309,1.5,0.0
106,13,53000.0,105372.80231778254,30054.52891276344,0.011662924531750421,1.498662609420007,20322.820000850625,-48577.957399873245,2859.340395499403,1.5,0.0
107,13,53500.0,31111.73266658641,27764.059304703565,0.01153824155520746,1.4988293075784003,3255.287217027394,52052.69595931652,5668.549981736593,1.5,0.0
107,13,53500.0,101748.73266658641,38881.47870592766,0.01153824155520746,1.4988293075784003,11129.851672654519,-49648.11402285802,-7861.402520344394,1.5,0.0
107,13,53500.0,95054.73266658641,29850.93479574498,0.01153824155520746,1.4988293075784003,-5511.907825181193,-52805.085902565974,3135.246150718346,1.5,0.0
107,13,53500.0,89171.73266658641,24931.46591610459,0.01153824155520746,1.4988293075784003,-18985.201673080028,-46288.99601456146,9009.497106523579,1.5,0.0
107,13,53500.0,13133.73266658641,32312.523628386138,0.01153824155520746,1.4988293075784003,43015.622607477984,31809.664128474138,107.86640014048724,1.5,0.0
107,13,53500.0,109489.73266658641,26307.79648194222,0.01153824155520746,1.4988293075784003,28723.585941626883,-42363.77714647719,7403.520314996549,1.5,0.0
107,13,53500.0,110301.73266658641,28163.156388195028,0.01153824155520746,1.4988293075784003,31075.86700419125,-42159.98249798847,5187.771785882582,1.5,0.0
107,13,53500.0,4881.732666586409,36403.196137536055,0.01153824155520746,1.4988293075784003,51032.16398215235,12308.621127277194,-4905.392016763409,1.5,0.0
107,13,53500.0,96666.73266658641,26418.17937669636,0.01153824155520746,1.4988293075784003,-1325.2579326435502,-51248.81032884434,7273.196233274754,1.5,0.0
107,13,53500.0,62936.73266658641,37372.49643453538,0.01153824155520746,1.4988293075784003,-51741.07224141863,4686.7201681525075,-6072.344776281713,1.5,0.0
107,13,53500.0,30741.73266658641,39477.89806772145,0.01153824155520746,1.4988293075784003,4046.021576000046,50218.26453633716,-8557.449530674645,1.5,0.0
107,13,53500.0,57061.73266658641,34125.82002660871,0.01153824155520746,1.4988293075784003,-49604.84485085809,19535.05471849237,-2125.6188139834053,1.5,0.0
107,13,53500.0,123966.73266658641,35807.818910769834,0.01153824155520746,1.4988293075784003,50815.621090408786,-14233.843283460192,-4183.075146545596,1.5,0.0
108,13,54000.0,101838.04937452028,34232.37258770506,0.011416026837353413,1.4989765079208655,11992.841451880686,-52433.0017544676,-2277.3618624420005,1.5,0.0
108,13,54000.0,10822.049374520313,24528.82068232455,0.011416026837353413,1.4989765079208655,43374.62968270574,25104.214696952884,9559.546087638266,1.5,0.0
108,13,54000.0,7134.049374520313,39328.22811975839,0.011416026837353413,1.4989765079208655,47963.23281560594,17283.718051978176,-8460.86076555805,1.5,0.0
108,13,54000.0,47009.04937452031,28586.10330070444,0.011416026837353413,1.4989765079208655,-34529.20137318725,40313.39547174511,4719.337614819544,1.5,0.0
108,13,54000.0,111270.04937452028,24940.875375921107,0.011416026837353413,1.4989765079208655,31842.47447151353,-39205.25999914496,9081.76092150365,1.5,0.0
108,13,54000.0,92205.04937452028,26053.640951892685,0.011416026837353413,1.4989765079208655,-12341.198791319544,-49962.458927243504,7773.9239898659025,1.5,0.0
108,13,54000.0,116209.04937452028,28192.032962130193,0.011416026837353413,1.4989765079208655,42122.265434720706,-31969.162158164127,5200.50206328424,1.5,0.0
108,13,54000.0,69048.04937452028,28737.279931417932,0.011416026837353413,1.4989765079208655,-52027.61721748682,-10869.265499526604,4534.282442862021,1.5,0.0
108,13,54000.0,62426.049374520284,24831.521991863206,0.011416026837353413,1.4989765079208655,-50071.9117327805,5788.476342221798,9208.919374937897,1.5,0.0
108,13,54000.0,115226.04937452028,28825.547957538412,0.011416026837353413,1.4989765079208655,40789.96439482601,-34139.15251677243,4426.120371665967,1.5,0.0
108,13,54000.0,25314.049374520313,27425.65613119441,0.011416026837353413,1.4989765079208655,17661.881268695164,49373.34321469468,6130.66404698087,1.5,0.0
108,13,54000.0,117051.04937452028,30433.6590244392,0.011416026837353413,1.4989765079208655,44109.536485514196,-30723.418122965253,2443.3768618153117,1.5,0.0
108,13,54000.0,19679.049374520313,30539.7173451667,0.011416026837353413,1.4989765079208655,31105.041053092966,43872.79031466241,2311.9564587590603,1.5,0.0
109,13,54500.0,69135.64950084712,40351.11820192818,0.011296209458645005,1.4991063174111754,-49389.12078599549,-10537.152998708389,-9740.238293667993,1.5,0.0
109,13,54500.0,43514.649500847096,39342.12403592873,0.011296209458645005,1.4991063174111754,-26397.720664328623,44152.78747945553,-8554.860443123038,1.5,0.0
109,13,54500.0,90013.64950084712,32468.353559711853,0.011296209458645005,1.4991063174111754,-18606.1013818118,-51225.29036435122,-85.84424998298209,1.5,0.0
109,13,54500.0,90360.64950084712,32915.546463602535,0.011296209458645005,1.4991063174111754,-17736.300220402387,-51515.22557949179,-647.4011421971793,1.5,0.0
109,13,54500.0,88576.64950084712,29396.22141838065,0.011296209458645005,1.4991063174111754,-21892.73905195948,-49278.91029338223,3759.0894679453036,1.5,0.0
109,13,54500.0,88452.64950084712,36837.818905930035,0.011296209458645005,1.4991063174111754,-21908.916526345733,-48526.945557468665,-5530.503410689325,1.5,0.0
109,13,54500.0,57707.649500847125,36689.05834450891,0.011296209458645005,1.4991063174111754,-50204.53595088823,17976.788827760378,-5347.842037858287,1.5,0.0
109,13,54500.0,124392.64950084712,37977.21219283561,0.011296209458645005,1.4991063174111754,50855.002091112896,-13118.729545280077,-6919.31517172719,1.5,0.0
109,13,54500.0,49344.649500847125,38807.174150589526,0.011296209458645005,1.4991063174111754,-37993.466203508586,35344.688681468404,-7917.910863235025,1.5,0.0
109,13,54500.0,75361.64950084712,31336.45782124979,0.011296209458645005,1.4991063174111754,-47446.97317258017,-26667.300457860765,1335.0979568484518,1.5,0.0
109,13,54500.0,72272.64950084712,36723.3842033366,0.011296209458645005,1.4991063174111754,-49846.99868878873,-18892.660769645798,-5390.015396487766,1.5,0.0
109,13,54500.0,83854.64950084712,37363.65940649323,0.011296209458645005,1.4991063174111754,-31905.728679810883,-42232.23929787942,-6173.807081929575,1.5,0.0
109,13,54500.0,14539.649500847096,29297.04588446355,0.011296209458645005,1.4991063174111754,41042.454779622465,34914.94289240984,3882.2805036495806,1.5,0.0
110,13,55000.0,53072.47147077383,36777.028580995764,0.011178721159386177,1.4992206379767679,-45307.4386633784,28949.10395892893,-5505.484470385914,1.5,0.0
110,13,55000.0,35080.4714707738,37247.4113308767,0.011178721159386177,1.4992206379767679,-6931.396527664328,53037.15929090911,-6086.748451924925,1.5,0.0
110,13,55000.0,108120.47147077383,34059.046100081454,0.011178721159386177,1.4992206379767679,27687.92161508267,-47316.49932983101,-2100.2479745985333,1.5,0.0
110,13,55000.0,56477.47147077383,38181.138349048444,0.011178721159386177,1.4992206379767679,-48609.52256590304,20751.90550666474,-7230.9083889273525,1.5,0.0
110,13,55000.0,34798.4714707738,25885.70913948073,0.011178721159386177,1.4992206379767679,-6065.464094308626,51926.73337897511,8119.023872444429,1.5,0.0
110,13,55000.0,43508.4714707738,28769.966241061175,0.011178721159386177,1.4992206379767679,-27773.507821597286,46485.53381121392,4576.642641446644,1.5,0.0
110,13,55000.0,101987.47147077383,31009.675849801264,0.011178721159386177,1.4992206379767679,12622.634747483791,-53403.61486595233,1760.6281814276635,1.5,0.0
110,13,55000.0,14454.471470773802,24987.818835815193,0.011178721159386177,1.4992206379767679,39353.68347429735,33199.156186255044,9192.611313596213,1.5,0.0
110,13,55000.0,48955.47147077383,31561.10061865289,0.011178721159386177,1.4992206379767679,-39522.58963566226,38183.29379950841,1062.846710846963,1.5,0.0
110,13,55000.0,56338.47147077383,28596.45798902357,0.011178721159386177,1.4992206379767679,-49581.58904795562,21563.057542935057,4792.96929855411,1.5,0.0
110,13,55000.0,80093.47147077383,30662.307196048398,0.011178721159386177,1.4992206379767679,-40418.15615130779,-37012.88880219201,2199.5794499652857,1.5,0.0
110,13,55000.0,129298.47147077383,31186.662638275364,0.011178721159386177,1.4992206379767679,54899.00287041264,-802.5991039499778,1536.7795503554735,1.5,0.0
110,13,55000.0,61542.47147077383,38546.4700825005,0.011178721159386177,1.4992206379767679,-51921.775162550286,8268.837756987246,-7674.670687911089,1.5,0.0
111,13,55500.0,46888.4931677049,28469.431471493364,0.011063496217059215,1.4993211836185172,-35207.7226999114,41595.20318715352,4995.769611539036,1.5,0.0
111,13,55500.0,66449.4931677049,32443.405061696285,0.011063496217059215,1.4993211836185172,-55322.50663670139,-4433.578620794901,-55.50328504232598,1.5,0.0
111,13,55500.0,77495.4931677049,26759.188075877068,0.011063496217059215,1.4993211836185172,-43631.09270528133,-30852.834289483064,7123.498577879749,1.5,0.0
111,13,55500.0,24458.493167704903,30001.26507697205,0.011063496217059215,1.4993211836185172,20703.516232050963,51089.56550599272,3060.423492190386,1.5,0.0
111,13,55500.0,28688.493167704903,33465.80155386026,0.011063496217059215,1.4993211836185172,9919.549548787776,54531.0531087469,-1362.2653356199362,1.5,0.0
111,13,55500.0,31670.493167704903,30997.21355911571,0.011063496217059215,1.4993211836185172,1957.9497411126815,55337.07197996169,1792.40172715725,1.5,0.0
111,13,55500.0,97664.4931677049,37647.3802490229,0.011063496217059215,1.4993211836185172,1209.4907857492071,-53700.0815955786,-6637.835256711427,1.5,0.0
111,13,55500.0,10962.493167704903,28458.892536869695,0.011063496217059215,1.4993211836185172,46973.61651066648,27615.8988885962,5009.001459197414,1.5,0.0
111,13,55500.0,84942.4931677049,40010.29957706237,0.011063496217059215,1.4993211836185172,-28983.066832423094,-42890.59351012312,-9512.219816611998,1.5,0.0
111,13,55500.0,8813.493167704903,37012.496737791895,0.011063496217059215,1.4993211836185172,49252.45889982412,22426.877316810875,-5849.100686494077,1.5,0.0
111,13,55500.0,107584.4931677049,39975.00702115905,0.011063496217059215,1.4993211836185172,24990.756963827145,-45372.04217721424,-9470.113341406706,1.5,0.0
111,13,55500.0,49192.4931677049,37877.81218825093,0.011063496217059215,1.4993211836185172,-38940.617769260905,36765.37397796501,-6922.591386642716,1.5,0.0
111,13,55500.0,96598.4931677049,26602.083598796613,0.011063496217059215,1.4993211836185172,-1554.7436116192944,-53299.14162955729,7316.7186348818495,1.5,0.0
112,13,56000.0,31185.730129617674,33434.570936235286,0.01095047133035093,1.4994094964390174,3290.6425831239844,55832.6861462587,-1334.2081481276798,1.5,0.0
112,13,56000.0,108930.73012961767,35980.856985600956,0.01095047133035093,1.4994094964390174,29705.772601368037,-46475.77863572155,-4596.726876693671,1.5,0.0
112,13,56000.0,113062.73012961767,25253.346304785395,0.01095047133035093,1.4994094964390174,36630.87862359327,-37848.827543625375,9036.98906760426,1.5,0.0
112,13,56000.0,62730.730129617674,33985.2677379405,0.01095047133035093,1.4994094964390174,-55553.95671882297,5592.002880331198,-2043.244851629408,1.5,0.0
112,13,56000.0,70085.73012961767,37517.599690502124,0.01095047133035093,1.4994094964390174,-52512.51622918237,-13759.341162566605,-6535.019164105445,1.5,0.0
112,13,56000.0,17143.730129617674,25393.942493572464,0.01095047133035093,1.4994094964390174,35588.91999636931,39004.186309578894,8866.167512315686,1.5,0.0
112,13,56000.0,80012.73012961767,32598.33613192736,0.01095047133035093,1.4994094964390174,-41445.314981416166,-37656.28660378109,-255.88249337274866,1.5,0.0
112,13,56000.0,116408.73012961767,28488.62628600959,0.01095047133035093,1.4994094964390174,44127.59139849009,-32822.75531253301,5016.130301592831,1.5,0.0
112,13,56000.0,81723.73012961767,35039.376114898114,0.01095047133035093,1.4994094964390174,-37872.31262630933,-40627.8108473183,-3395.9468082331014,1.5,0.0
112,13,56000.0,74844.73012961767,26222.573346677287,0.01095047133035093,1.4994094964390174,-47287.00422205583,-25039.323076964607,7851.293483308407,1.5,0.0
112,13,56000.0,62217.730129617674,39480.23317686221,0.01095047133035093,1.4994094964390174,-52320.40652661398,6584.530935242176,-8956.341306807019,1.5,0.0
112,13,56000.0,31577.730129617674,38794.603023778654,0.01095047133035093,1.4994094964390174,2125.4391242763577,53287.98287934324,-8118.574569020601,1.5,0.0
112,13,56000.0,32933.730129617674,27312.78560198649,0.01095047133035093,1.4994094964390174,-1405.048120664322,54287.22807542131,6497.01044796081,1.5,0.0
113,13,56500.0,53905.23384300986,40496.19845801237,0.010839585509452795,1.4994869616154416,-45088.88032103167,26309.021800152736,-10269.577419389101,1.5,0.0
113,13,56500.0,72756.23384300986,31676.704367384493,0.010839585509452795,1.4994869616154416,-52316.4447139669,-21244.196191133353,941.2563149690106,1.5,0.0
113,13,56500.0,80872.23384300986,38435.01433620567,0.010839585509452795,1.4994869616154416,-38489.862091269984,-38015.9577068935,-7743.640758252429,1.5,0.0
113,13,56500.0,54607.23384300986,32114.491274991655,0.010839585509452795,1.4994869616154416,-49736.01469922555,26794.911003028225,371.6093093139327,1.5,0.0
113,13,56500.0,115134.23384300986,39242.19374444525,0.010839585509452795,1.4994869616154416,40812.2827552279,-34467.91531572803,-8743.438128147336,1.5,0.0
113,13,56500.0,82191.23384300986,25721.70200089912,0.010839585509452795,1.4994869616154416,-35626.36861287171,-39998.78357572331,8541.46562341611,1.5,0.0
113,13,56500.0,2437.2338430098607,26147.110899619725,0.010839585509452795,1.4994869616154416,53547.67168675381,6356.827984394617,8014.739681625015,1.5,0.0
113,13,56500.0,102609.23384300986,39360.04144113243,0.010839585509452795,1.4994869616154416,13821.690286051711,-51491.03549452244,-8888.324124884237,1.5,0.0
113,13,56500.0,96345.23384300986,39649.38732972552,0.010839585509452795,1.4994869616154416,-2197.6182461921303,-53000.67045981382,-9242.81545320722,1.5,0.0
113,13,56500.0,100017.23384300986,29398.422648938886,0.010839585509452795,1.4994869616154416,7611.677736156902,-55382.20238143616,3893.110564392072,1.5,0.0
113,13,56500.0,59232.23384300986,30053.671169300724,0.010839585509452795,1.4994869616154416,-54102.1338680513,14969.298676658807,3047.424310746437,1.5,0.0
113,13,56500.0,1766.2338430098607,31629.69380432308,0.010839585509452795,1.4994869616154416,56253.73527951788,4828.783425963441,1002.4056465107565,1.5,0.0
113,13,56500.0,52475.23384300986,31041.81921709011,0.010839585509452795,1.4994869616154416,-46609.16213616824,31717.742318726287,1766.5452738817085,1.5,0.0
114,13,57000.0,77166.09012833866,29792.056892686818,0.010730779972243998,1.49955482134831,-46683.763095883194,-31905.5354946326,3415.2786473690103,1.5,0.0
114,13,57000.0,61914.09012833866,34918.44216206402,0.010730779972243998,1.49955482134831,-56022.80644877651,7889.861266316436,-3298.6645300284663,1.5,0.0
114,13,57000.0,108702.09012833866,25823.143475135053,0.010730779972243998,1.49955482134831,28643.02669586861,-45927.113858821926,8490.241089819956,1.5,0.0
114,13,57000.0,24114.090128338663,39687.59235463699,0.010730779972243998,1.49955482134831,20910.09538507989,49221.881991608476,-9371.227240669861,1.5,0.0
114,13,57000.0,19007.090128338663,36425.934363668144,0.010730779972243998,1.49955482134831,33809.7549423567,44538.62739647858,-5252.807005744586,1.5,0.0
114,13,57000.0,70113.09012833866,38495.529175017946,0.010730779972243998,1.49955482134831,-52730.06804405225,-13891.115940312851,-7887.82723947951,1.5,0.0
114,13,57000.0,99186.09012833866,26510.822975521078,0.010730779972243998,1.49955482134831,5258.112613650398,-54439.10449821594,7628.2289171683005,1.5,0.0
114,13,57000.0,128688.09012833866,29486.607696064486,0.010730779972243998,1.49955482134831,56377.22158537252,-2494.098128315525,3812.7623011887185,1.5,0.0
114,13,57000.0,116655.09012833866,30267.175460142775,0.010730779972243998,1.49955482134831,45892.03020952261,-33291.24214402739,2795.5464140081885,1.5,0.0
114,13,57000.0,45988.09012833866,33002.19690289446,0.010730779972243998,1.49955482134831,-34877.34226802267,45053.328864540366,-790.6105189252452,1.5,0.0
114,13,57000.0,113886.09012833866,29109.26946522011,0.010730779972243998,1.49955482134831,40719.8799505641,-38844.493710733965,4302.631913964811,1.5,0.0
114,13,57000.0,42307.09012833866,25282.218023468362,0.010730779972243998,1.49955482134831,-24784.439104103316,47570.53354489587,9161.712786118529,1.5,0.0
114,13,57000.0,52383.09012833866,30275.829767947027,0.010730779972243998,1.49955482134831,-46731.12731854572,32107.10714083494,2784.243207686519,1.5,0.0
115,13,57500.0,120347.41761129559,29895.21096934577,0.010623998045993802,1.499614187821799,51429.67405679722,-24753.219093303873,3309.5046730464787,1.5,0.0
115,13,57500.0,106047.41761129559,32949.27125010244,0.010623998045993802,1.499614187821799,23905.91140451131,-52272.49186616012,-727.4368614914582,1.5,0.0
115,13,57500.0,68613.41761129559,36804.140761671595,0.010623998045993802,1.499614187821799,-55236.61044242071,-10330.093133543045,-5789.165886144742,1.5,0.0
115,13,57500.0,121755.41761129559,30437.660892836906,0.010623998045993802,1.499614187821799,53150.03077535153,-21248.28101648175,2595.2457706992077,1.5,0.0
115,13,57500.0,85639.41761129559,33817.81577940461,0.010623998045993802,1.499614187821799,-30494.056657488694,-48587.709491207665,-1876.4522632622693,1.5,0.0
115,13,57500.0,60005.41761129559,39952.48253096445,0.010623998045993802,1.499614187821799,-52244.45397195859,12367.670991078749,-9781.410786617322,1.5,0.0
115,13,57500.0,61149.41761129559,32756.07784871242,0.010623998045993802,1.499614187821799,-56593.355955626386,10122.096818507947,-471.610159415973,1.5,0.0
115,13,57500.0,125891.41761129559,39038.72073958422,0.010623998045993802,1.499614187821799,53668.09884103645,-9754.711912299848,-8642.114127296634,1.5,0.0
115,13,57500.0,69565.41761129559,37157.496512954116,0.010623998045993802,1.499614187821799,-54489.97813327206,-12817.910635329137,-6245.693851511657,1.5,0.0
115,13,57500.0,75443.41761129559,25251.242642732424,0.010623998045993802,1.499614187821799,-47039.45543743508,-26684.1882562272,9280.273089069211,1.5,0.0
115,13,57500.0,116877.41761129559,31251.40171780196,0.010623998045993802,1.499614187821799,46831.70533962985,-33208.4275035138,1520.5596280076343,1.5,0.0
115,13,57500.0,78363.41761129559,35612.758207471124,0.010623998045993802,1.499614187821799,-44959.040013755584,-34718.423071006546,-4238.189071803419,1.5,0.0
115,13,57500.0,85928.41761129559,40284.73298166084,0.010623998045993802,1.499614187821799,-27724.16915273642,-45580.412442557645,-10191.025649009407,1.5,0.0
116,13,58000.0,8134.3662746582995,38383.66159543209,0.010519185074245005,1.4996660552146217,51310.53090442031,21353.744478041343,-7882.459897777353,1.5,0.0
116,13,58000.0,93399.3662746583,34488.95787803699,0.010519185074245005,1.4996660552146217,-10572.252921336418,-56726.02240747279,-2786.059217599889,1.5,0.0
116,13,58000.0,36437.3662746583,34221.51713390154,0.010519185074245005,1.4996660552146217,-11236.437119798742,56670.76971830302,-2430.3675298241546,1.5,0.0
116,13,58000.0,46018.3662746583,36524.03878612202,0.010519185074245005,1.4996660552146217,-34863.00321663129,44898.501552401445,-5473.040539833237,1.5,0.0
116,13,58000.0,91499.3662746583,37947.77102353321,0.010519185074245005,1.4996660552146217,-15257.423822359087,-53792.81133332269,-7322.728302238269,1.5,0.0
116,13,58000.0,106830.3662746583,38378.67133768744,0.010519185074245005,1.4996660552146217,25017.606045259243,-49631.828072607845,-7876.071299612546,1.5,0.0
116,13,58000.0,37901.3662746583,24890.16917006271,0.010519185074245005,1.4996660552146217,-14284.593716544681,52281.7377193555,9812.863544884154,1.5,0.0
116,13,58000.0,50396.3662746583,33310.28280812419,0.010519185074245005,1.4996660552146217,-44380.7558298836,37253.20117700609,-1215.7343284124215,1.5,0.0
116,13,58000.0,125270.3662746583,27803.562818720333,0.010519185074245005,1.4996660552146217,55324.25839064525,-11786.543798694684,6090.098119650345,1.5,0.0
116,13,58000.0,1790.3662746582995,38237.603430664894,0.010519185074245005,1.4996660552146217,55482.96953466955,4828.01990394431,-7695.284873083735,1.5,0.0
116,13,58000.0,37857.3662746583,34804.042500294454,0.010519185074245005,1.4996660552146217,-15064.3582487106,55601.928139740834,-3204.510949232227,1.5,0.0
116,13,58000.0,99788.3662746583,31107.6041603255,0.010519185074245005,1.4996660552146217,7244.945442448385,-57431.01307683245,1725.4988266730518,1.5,0.0
116,13,58000.0,44488.3662746583,27347.288495565892,0.010519185074245005,1.4996660552146217,-31121.161820832534,46878.744990256826,6683.064960454606,1.5,0.0
117,13,58500.0,126150.11608582456,27536.67787666175,0.010416288328563821,1.4997113108031241,56087.6847889952,-9469.415980136797,6492.595591407605,1.5,0.0
117,13,58500.0,19044.116085824557,29035.447003565867,0.010416288328563821,1.4997113108031241,34818.98943206449,46039.49520020755,4513.531322202048,1.5,0.0
117,13,58500.0,76331.11608582456,40047.53686952035,0.010416288328563821,1.4997113108031241,-46224.23729759632,-28918.759092887776,-10070.295944186648,1.5,0.0
117,13,58500.0,123702.11608582456,35772.5886854977,0.010416288328563821,1.4997113108031241,55376.19118981953,-16280.258673078504,-4524.215038542893,1.5,0.0
117,13,58500.0,123603.11608582456,34190.45646826396,0.010416288328563821,1.4997113108031241,55833.90673853127,-16706.383836617322,-2409.5444951689487,1.5,0.0
117,13,58500.0,72495.11608582456,29283.581463870913,0.010416288328563821,1.4997113108031241,-53855.35647326746,-21078.92973958768,4183.299070686055,1.5,0.0
117,13,58500.0,58878.11608582456,29145.827335497663,0.010416288328563821,1.4997113108031241,-55408.72973864835,16359.892170599187,4366.708357445078,1.5,0.0
117,13,58500.0,122034.11608582456,24940.282622781735,0.010416288328563821,1.4997113108031241,51075.943854388,-19622.936569888006,9833.998459574716,1.5,0.0
117,13,58500.0,44522.11608582456,36101.40624381129,0.010416288328563821,1.4997113108031241,-31914.235968081786,47903.08972241835,-4960.781521901241,1.5,0.0
117,13,58500.0,96523.11608582456,24999.43864592153,0.010416288328563821,1.4997113108031241,-1797.1837820323246,-54745.38233408806,9759.403928004223,1.5,0.0
117,13,58500.0,17882.116085824557,24378.688871991922,0.010416288328563821,1.4997113108031241,35031.78024390795,41267.95275570056,10538.041490642207,1.5,0.0
117,13,58500.0,124582.11608582456,36117.82042334786,0.010416288328563821,1.4997113108031241,55857.635783753576,-13863.27505640035,-4982.5422821795755,1.5,0.0
117,13,58500.0,1835.1160858245566,39671.754865815834,0.010416288328563821,1.4997113108031241,54684.93723645445,4878.138537058485,-9596.704738197735,1.5,0.0
118,13,59000.0,71403.87569546822,33990.31965666055,0.010315256924862924,1.499750745200089,-55835.45768549976,-18513.499840010547,-2159.008265991122,1.5,0.0
118,13,59000.0,128864.87569546822,38849.54530411773,0.010315256924862924,1.499750745200089,56103.54241250992,-2000.3678529405738,-8622.421864402479,1.5,0.0
118,13,59000.0,58156.87569546822,40419.15256064573,0.010315256924862924,1.499750745200089,-51789.75574255192,17281.50688071199,-10625.087071604315,1.5,0.0
118,13,59000.0,91946.87569546822,25575.64129610326,0.010315256924862924,1.499750745200089,-14057.978527606861,-54000.273415627504,9105.623095685303,1.5,0.0
118,13,59000.0,61940.87569546822,30531.87225711373,0.010315256924862924,1.499750745200089,-58194.5983167837,8118.664890693096,2535.2040036663907,1.5,0.0
118,13,59000.0,93813.87569546822,27227.440371422315,0.010315256924862924,1.499750745200089,-9340.626774654113,-56386.11230019254,6955.754704571319,1.5,0.0
118,13,59000.0,14277.875695468218,30004.351677593644,0.010315256924862924,1.499750745200089,45114.365242065905,37402.511422622614,3248.2277070499595,1.5,0.0
118,13,59000.0,87345.87569546822,28957.062900484452,0.010315256924862924,1.499750745200089,-26749.68306390368,-51665.899878407974,4657.04846548983,1.5,0.0
118,13,59000.0,42796.87569546822,27127.50153235397,0.010315256924862924,1.499750745200089,-27569.91054937138,49983.603275324655,7087.235382849597,1.5,0.0
118,13,59000.0,72895.87569546822,36678.03206542491,0.010315256924862924,1.499750745200089,-53345.1076245251,-22083.77156735271,-5771.997639094487,1.5,0.0
118,13,59000.0,3155.8756954682176,32339.87763383362,0.010315256924862924,1.499750745200089,58310.522329556276,8991.85245992039,81.7025653899417,1.5,0.0
118,13,59000.0,98436.87569546822,39191.778431919054,0.010315256924862924,1.499750745200089,3345.8846604056794,-55730.00129432506,-9063.738349612642,1.5,0.0
118,13,59000.0,103422.87569546822,24827.997580601634,0.010315256924862924,1.499750745200089,16363.054306145546,-52581.7247213524,10060.331869864665,1.5,0.0
119,13,59500.0,85156.88120306985,27509.50741087587,0.010216041744024552,1.4997850617739656,-31882.02184253635,-48254.24020598928,6639.420400064871,1.5,0.0
119,13,59500.0,23182.881203069817,33592.97883449049,0.010216041744024552,1.4997850617739656,25669.019280975066,53567.919426116154,-1633.9727148951997,1.5,0.0
119,13,59500.0,37959.88120306985,32367.572310849137,0.010216041744024552,1.4997850617739656,-15844.731451402162,57351.42313043975,44.43958971565517,1.5,0.0
119,13,59500.0,32722.881203069846,33703.10041468609,0.010216041744024552,1.4997850617739656,-929.5004394647714,59374.02551873402,-1784.6093699012913,1.5,0.0
119,13,59500.0,81543.88120306985,30403.111506978457,0.010216041744024552,1.4997850617739656,-40757.22717813879,-42965.34449820165,2732.306488798282,1.5,0.0
119,13,59500.0,125941.88120306985,37693.55023029814,0.010216041744024552,1.4997850617739656,56648.578924804555,-10153.335328172267,-7175.0246621473725,1.5,0.0
119,13,59500.0,39682.88120306985,26545.004933367898,0.010216041744024552,1.4997850617739656,-19751.34073987495,53595.307645814944,7916.491691434135,1.5,0.0
119,13,59500.0,67250.88120306985,31239.960862631742,0.010216041744024552,1.4997850617739656,-58987.052843313635,-7042.137088621905,1588.9048567148063,1.5,0.0
119,13,59500.0,63328.88120306985,35474.14194479421,0.010216041744024552,1.4997850617739656,-58690.808798272454,4193.049330543894,-4197.291656925606,1.5,0.0
119,13,59500.0,80779.88120306985,38365.430332582975,0.010216041744024552,1.4997850617739656,-40753.55513862144,-39892.89097909952,-8061.66398264764,1.5,0.0
119,13,59500.0,27468.881203069817,30287.060022979473,0.010216041744024552,1.4997850617739656,14015.540478341627,57504.73424012201,2890.5571561111446,1.5,0.0
119,13,59500.0,72230.88120306985,33497.4787053188,0.010216041744024552,1.4997850617739656,-55601.62697561284,-20945.071891555253,-1503.2990592413596,1.5,0.0
119,13,59500.0,56360.88120306985,25420.067109117637,0.010216041744024552,1.4997850617739656,-51493.21732865161,22327.930624583867,9383.933392820163,1.5,0.0
120,13,60000.0,69864.39498535907,37835.58920939968,0.010118595356568871,1.49981488529387,-56191.32613509991,-14080.680886360917,-7424.8431080857235,1.5,0.0
120,13,60000.0,49837.394985359075,25740.64563741458,0.010118595356568871,1.49981488529387,-42574.2466723665,37749.77153661249,9043.570091090261,1.5,0.0
120,13,60000.0,118159.39498535907,24684.855404606424,0.010118595356568871,1.49981488529387,47478.34065463847,-29414.257995816864,10414.744263998773,1.5,0.0
120,13,60000.0,36724.394985359075,25211.878770308256,0.010118595356568871,1.49981488529387,-11736.593250573405,55158.5361689881,9733.476647235984,1.5,0.0
120,13,60000.0,94762.39498535907,38128.80880497709,0.010118595356568871,1.49981488529387,-6803.110010748657,-57298.18587020002,-7815.293594031888,1.5,0.0
120,13,60000.0,122097.39498535907,28102.196522640712,0.010118595356568871,1.49981488529387,54861.59320536379,-20884.427513173545,5896.284750696337,1.5,0.0
120,13,60000.0,21073.394985359046,33182.02774930266,0.010118595356568871,1.49981488529387,31294.179177985905,51141.97877453327,-1080.4310906943344,1.5,0.0
120,13,60000.0,65096.394985359075,31205.156091516918,0.010118595356568871,1.49981488529387,-59893.17561290567,-860.7022780177477,1650.2404184211346,1.5,0.0
120,13,60000.0,28797.394985359075,37187.513524903356,0.010118595356568871,1.49981488529387,10146.763159051861,57502.68549652651,-6556.6575727190375,1.5,0.0
120,13,60000.0,121561.39498535907,32220.152483824862,0.010118595356568871,1.49981488529387,55498.76029898226,-22795.041584292216,248.52947479671207,1.5,0.0
120,13,60000.0,27964.394985359075,32410.70561871257,0.010118595356568871,1.49981488529387,12803.434873666725,58618.00990864632,-14.79417367783087,1.5,0.0
120,13,60000.0,36369.394985359075,40323.289419898414,0.010118595356568871,1.49981488529387,-10639.087778466264,54600.57302115071,-10681.958700972742,1.5,0.0
120,13,60000.0,26531.394985359046,26732.098819337967,0.010118595356568871,1.49981488529387,16209.839456635606,55427.292617472,7734.316500869854,1.5,0.0
121,13,60500.0,8461.704583972634,28565.739972555064,0.010022871951129927,1.499840769845833,54524.335301846906,23713.213737760947,5311.92937140458,1.5,0.0
121,13,60500.0,100427.70458397263,31080.911620055558,0.010022871951129927,1.499840769845833,9409.389596133273,-59638.61374866247,1836.7609200157951,1.5,0.0
121,13,60500.0,4334.704583972634,30238.61322868462,0.010022871951129927,1.499840769845833,58844.3978623171,12551.614926185115,3006.160882047644,1.5,0.0
121,13,60500.0,19147.704583972634,32747.380004559505,0.010022871951129927,1.499840769845833,36245.874423389825,48429.83080200864,-484.0152986673516,1.5,0.0
121,13,60500.0,32981.704583972634,31788.092468327424,0.010022871951129927,1.499840769845833,-1705.2341543766647,60449.332623567854,852.5049266585257,1.5,0.0
121,13,60500.0,63930.704583972634,29595.75330040723,0.010022871951129927,1.499840769845833,-59888.511957206196,2525.4746423826814,3895.4023408559324,1.5,0.0
121,13,60500.0,88178.70458397263,29248.785920412956,0.010022871951129927,1.499840769845833,-25326.535261330322,-54166.85378562862,4373.830723071549,1.5,0.0
121,13,60500.0,39008.704583972634,28363.81684481298,0.010022871951129927,1.499840769845833,-18690.556664710966,56325.30414484767,5588.182239490927,1.5,0.0
121,13,60500.0,11543.704583972634,30213.765399533087,0.010022871951129927,1.499840769845833,50982.311358056155,31938.81019548027,3040.591666413182,1.5,0.0
121,13,60500.0,40812.704583972634,26729.051942531783,0.010022871951129927,1.499840769845833,-23095.775271311282,53451.4764573591,7802.706557950144,1.5,0.0
121,13,60500.0,112486.70458397263,38428.0896924579,0.010022871951129927,1.499840769845833,39112.563096460886,-42739.1480254744,-8280.463051780325,1.5,0.0
121,13,60500.0,15729.704583972634,34054.33414770152,0.010022871951129927,1.499840769845833,43603.54151118131,41659.16662674387,-2302.6732705956147,1.5,0.0
121,13,60500.0,115078.70458397263,26467.340094620457,0.010022871951129927,1.499840769845833,44221.78216525719,-37551.830506965016,8153.04157961169,1.5,0.0
122,13,61000.0,83391.12164887713,40292.41857907544,0.009928827266517306,1.4998632060654566,-35117.43624833011,-44373.96722600519,-10819.38310737369,1.5,0.0
122,13,61000.0,114737.12164887713,25027.06122411568,0.009928827266517306,1.4998632060654566,42939.83668752625,-37704.681189906834,10138.989065056878,1.5,0.0
122,13,61000.0,20552.12164887716,36418.74953709426,0.009928827266517306,1.4998632060654566,32516.191380324548,50241.66272973009,-5610.245533055606,1.5,0.0
122,13,61000.0,5070.121648877161,25464.16708662355,0.009928827266517306,1.4998632060654566,55852.85435526645,14012.346720750043,9561.48537180905,1.5,0.0
122,13,61000.0,37492.12164887713,33892.551763439405,0.009928827266517306,1.4998632060654566,-14867.742669785912,58995.76811021742,-2095.040475650324,1.5,0.0
122,13,61000.0,55597.12164887713,36548.41957533745,0.009928827266517306,1.4998632060654566,-53919.34333226998,25791.658504279927,-5788.858790918943,1.5,0.0
122,13,61000.0,81410.12164887713,30119.11123573735,0.009928827266517306,1.4998632060654566,-42009.24813863627,-43713.92888902655,3197.869461924384,1.5,0.0
122,13,61000.0,44330.12164887713,24477.142481992752,0.009928827266517306,1.4998632060654566,-30917.252056696627,47356.066985002435,10859.042173656559,1.5,0.0
122,13,61000.0,98774.12164887713,33942.0675044319,0.009928827266517306,1.4998632060654566,4637.741316780035,-60652.55421963908,-2164.416460550848,1.5,0.0
122,13,61000.0,25929.12164887713,40358.16297586845,0.009928827266517306,1.4998632060654566,17440.583417383103,53757.47550899002,-10905.012227486259,1.5,0.0
122,13,61000.0,39525.12164887713,28473.402249983632,0.009928827266517306,1.4998632060654566,-20281.86892434314,56359.733713150345,5483.176388386534,1.5,0.0
122,13,61000.0,30936.12164887713,27369.758690432896,0.009928827266517306,1.4998632060654566,4197.5931785096855,59045.99866409772,6997.090048897839,1.5,0.0
122,13,61000.0,63108.12164887713,26307.599462606944,0.009928827266517306,1.4998632060654566,-58162.19321368438,4781.457381623075,8435.236517035382,1.5,0.0
123,13,61500.0,122162.98093433311,28305.726745887,0.009836418527156192,1.4998826277314552,56415.63219360172,-21270.878835941556,5761.058771976297,1.5,0.0
123,13,61500.0,74041.98093433311,33305.213958987326,0.009836418527156192,1.4998826277314552,-55375.81568337936,-26617.45982443428,-1281.7194558817844,1.5,0.0
123,13,61500.0,95336.98093433311,29118.073737315994,0.009836418527156192,1.4998826277314552,-5477.164890603967,-60475.63023757012,4628.880144904169,1.5,0.0
123,13,61500.0,102670.98093433311,29642.52314873434,0.009836418527156192,1.4998826277314552,15977.853102335474,-58819.7545343503,3894.0240975116135,1.5,0.0
123,13,61500.0,100674.98093433311,39397.49878152594,0.009836418527156192,1.4998826277314552,9724.338764420836,-57173.73067500658,-9722.128082209785,1.5,0.0
123,13,61500.0,52070.980934333114,35346.71366208659,0.009836418527156192,1.4998826277314552,-49645.26725788711,35226.81546738737,-4159.49699578576,1.5,0.0
123,13,61500.0,126053.98093433311,40088.364694667915,0.009836418527156192,1.4998826277314552,56432.59721281111,-9798.379540925984,-10639.263047672497,1.5,0.0
123,13,61500.0,113025.98093433311,31053.98309484366,0.009836418527156192,1.4998826277314552,42600.544811483545,-44174.199918379156,1905.12459948199,1.5,0.0
123,13,61500.0,120973.98093433311,33006.48868833442,0.009836418527156192,1.4998826277314552,56175.69542252589,-24965.42016369585,-858.8973740629137,1.5,0.0
123,13,61500.0,84008.98093433311,32191.26980264603,0.009836418527156192,1.4998826277314552,-36701.89167737035,-49344.03550562104,295.637160172987,1.5,0.0
123,13,61500.0,9448.980934333114,26038.050331884377,0.009836418527156192,1.4998826277314552,52556.03631859195,25914.540966302364,8868.771595459022,1.5,0.0
123,13,61500.0,73900.98093433311,28134.572311330972,0.009836418527156192,1.4998826277314552,-54425.204621155666,-25704.02114649056,5998.518089039763,1.5,0.0
123,13,61500.0,127803.98093433311,32847.70904179261,0.009836418527156192,1.4998826277314552,61252.5754734137,-5346.993862279686,-634.0783337138516,1.5,0.0
124,13,62000.0,39716.63934438667,36056.35572570508,0.009745604381712106,1.4998994177635459,-21196.912777889167,57229.02290591848,-5193.545477643556,1.5,0.0
124,13,62000.0,30694.63934438667,25411.657885163513,0.009745604381712106,1.4998994177635459,4829.141351008574,58275.72202530002,9788.718110493888,1.5,0.0
124,13,62000.0,2619.639344386669,35507.922392827575,0.009745604381712106,1.4998994177635459,60803.82795142039,7764.10087055485,-4420.973871375998,1.5,0.0
124,13,62000.0,13080.63934438664,34532.38238317535,0.009745604381712106,1.4998994177635459,49678.39383589699,36539.29706440257,-3039.3699692858268,1.5,0.0
124,13,62000.0,120848.63934438667,36569.06081038668,0.009745604381712106,1.4998994177635459,55352.608040066116,-25003.518802369425,-5912.477353185911,1.5,0.0
124,13,62000.0,38013.63934438667,37716.80521032724,0.009745604381712106,1.4998994177635459,-16115.574772331436,57745.01731176746,-7507.97949157285,1.5,0.0
124,13,62000.0,34700.63934438667,35937.27912340511,0.009745604381712106,1.4998994177635459,-6799.805337029353,60710.92364081711,-5026.096904186816,1.5,0.0
124,13,62000.0,47621.63934438667,33796.05598338974,0.009745604381712106,1.4998994177635459,-41617.127498054106,45764.96919630476,-1991.881762643703,1.5,0.0
124,13,62000.0,119310.63934438667,29523.9057610248,0.009745604381712106,1.4998994177635459,53916.0785798488,-29373.490607932526,4093.4288222041955,1.5,0.0
124,13,62000.0,121148.63934438667,35595.83332164485,0.009745604381712106,1.4998994177635459,56186.85433581211,-24402.76163509344,-4545.037542653679,1.5,0.0
124,13,62000.0,948.6393443866691,39802.93967101863,0.009745604381712106,1.4998994177635459,57988.10954079508,2668.8324436208604,-10345.046201856765,1.5,0.0
124,13,62000.0,34525.63934438667,33817.852844567766,0.009745604381712106,1.4998994177635459,-6362.97623361654,61525.42397378997,-2022.932732763762,1.5,0.0
124,13,62000.0,41819.63934438667,35062.386868634916,0.009745604381712106,1.4998994177635459,-27112.58574082313,55183.50313730084,-3791.0272442367373,1.5,0.0
125,13,62500.0,7651.475025072519,32098.281435638863,0.009656344844719169,1.4999139136668909,58242.64012426559,22654.119027218072,434.2727570261427,1.5,0.0
125,13,62500.0,74054.47502507252,33559.430509008846,0.009656344844719169,1.4999139136668909,-56225.118203826576,-27067.631741460144,-1667.984605056939,1.5,0.0
125,13,62500.0,77226.47502507252,25094.999573133224,0.009656344844719169,1.4999139136668909,-48300.84972496381,-33218.58371730964,10296.256010230622,1.5,0.0
125,13,62500.0,107606.47502507252,30849.278592553273,0.009656344844719169,1.4999139136668909,30126.373241436362,-54558.35689544526,2229.9782470173486,1.5,0.0
125,13,62500.0,118568.47502507252,33744.24784546209,0.009656344844719169,1.4999139136668909,53658.262931489226,-31787.94505634138,-1933.5166667180822,1.5,0.0
125,13,62500.0,69828.47502507252,33780.099891140395,0.009656344844719169,1.4999139136668909,-60516.208155677385,-15052.475114919878,-1985.008955537736,1.5,0.0
125,13,62500.0,20272.47502507252,34948.81018064765,0.009656344844719169,1.4999139136668909,34402.16149124543,51608.11744970701,-3659.3818367530707,1.5,0.0
125,13,62500.0,85177.47502507252,35967.49966984315,0.009656344844719169,1.4999139136668909,-33888.05208688652,-51401.92668506986,-5109.43120912975,1.5,0.0
125,13,62500.0,41361.47502507252,34693.06469412187,0.009656344844719169,1.4999139136668909,-26145.397134846582,56343.49591954959,-3293.801383927324,1.5,0.0
125,13,62500.0,21404.47502507252,37101.93911730885,0.009656344844719169,1.4999139136668909,30940.00486335435,52435.41636337142,-6709.423663004933,1.5,0.0
125,13,62500.0,46806.47502507252,34421.122281890384,0.009656344844719169,1.4999139136668909,-39996.47094386388,47635.561239946306,-2904.513741216663,1.5,0.0
125,13,62500.0,110140.47502507252,33007.62413310271,0.009656344844719169,1.4999139136668909,36672.78039586463,-50576.36121579784,-874.4766957259851,1.5,0.0
125,13,62500.0,90486.47502507252,34120.382147982535,0.009656344844719169,1.4999139136668909,-19915.803279168966,-59012.70504546339,-2473.4168390990267,1.5,0.0
126,13,63000.0,119999.88650069054,27892.155399721003,0.009568601241042344,1.4999264124638159,54959.55851580533,-27602.10640379049,6488.417986960534,1.5,0.0
126,13,63000.0,32324.88650069054,36191.06826857731,0.009568601241042344,1.4999264124638159,225.55648449507888,61938.4788912874,-5469.482874576266,1.5,0.0
126,13,63000.0,32766.88650069054,37704.541810641706,0.009568601241042344,1.4999264124638159,-1083.6813366670203,60918.4984501358,-7611.717924062326,1.5,0.0
126,13,63000.0,54611.88650069054,33913.991615957566,0.009568601241042344,1.4999264124638159,-55320.55069792891,29787.440221873945,-2194.65371834977,1.5,0.0
126,13,63000.0,128624.88650069054,33880.0742779777,0.009568601241042344,1.4999264124638159,62767.67294221206,-2969.5440275125457,-2145.5731668183657,1.5,0.0
126,13,63000.0,87561.88650069054,29785.181380015187,0.009568601241042344,1.4999264124638159,-28150.60516894439,-55795.161583432935,3783.6441806635758,1.5,0.0
126,13,63000.0,16156.88650069054,31529.25034281321,0.009568601241042344,1.4999264124638159,44600.9719366587,44414.910540796685,1262.9811950953622,1.5,0.0
126,13,63000.0,2749.88650069054,38298.555331808595,0.009568601241042344,1.4999264124638159,59905.13260295552,8034.103258808467,-8441.947753130768,1.5,0.0
126,13,63000.0,91116.88650069054,36017.789361667936,0.009568601241042344,1.4999264124638159,-18030.70326123423,-59355.203747134176,-5222.119720116334,1.5,0.0
126,13,63000.0,107215.88650069054,32720.00928707266,0.009568601241042344,1.4999264124638159,29400.125281348457,-55710.65763756854,-464.27760290818577,1.5,0.0
126,13,63000.0,62107.88650069054,30265.36465722361,0.009568601241042344,1.4999264124638159,-62129.96274673876,8155.398961880425,3091.581950998267,1.5,0.0
126,13,63000.0,30926.88650069054,25116.15176027458,0.009568601241042344,1.4999264124638159,4218.145432446926,58961.863906128405,10349.740268177773,1.5,0.0
126,13,63000.0,70886.88650069054,26616.71990148744,0.009568601241042344,1.4999264124638159,-57922.88656768674,-17607.172915273226,8281.358123297425,1.5,0.0
127,13,63500.0,94627.29185168899,29780.549498568016,0.009482336153014982,1.4999371751518704,-7836.117557940476,-62499.30827085147,3820.362012047666,1.5,0.0
127,13,63500.0,66572.29185168899,37514.83629592712,0.009482336153014982,1.4999371751518704,-61330.543549108785,-5282.719287421389,-7403.447503704548,1.5,0.0
127,13,63500.0,42885.29185168899,30510.153253250228,0.009482336153014982,1.4999371751518704,-30777.650988336776,55237.95307202118,2759.8221595710293,1.5,0.0
127,13,63500.0,38683.29185168899,36814.594057563096,0.009482336153014982,1.4999371751518704,-18611.2042287895,59194.350503180096,-6406.6704593808845,1.5,0.0
127,13,63500.0,66259.29185168899,37303.82061325543,0.009482336153014982,1.4999371751518704,-61559.47257916479,-4362.519286985108,-7103.917888578489,1.5,0.0
127,13,63500.0,7341.291851688991,26095.296469119006,0.009482336153014982,1.4999371751518704,56761.44756615027,21100.910330952316,9077.018341552059,1.5,0.0
127,13,63500.0,10630.291851688991,34160.287992553895,0.009482336153014982,1.4999371751518704,55050.89661214132,31182.569914763484,-2571.0986164514907,1.5,0.0
127,13,63500.0,67337.29185168899,39837.35622661199,0.009482336153014982,1.4999371751518704,-58967.64269066946,-7290.501068467612,-10642.143434813077,1.5,0.0
127,13,63500.0,83336.29185168899,30814.636813437573,0.009482336153014982,1.4999371751518704,-39421.882224923385,-49541.814269344584,2316.1324331322267,1.5,0.0
127,13,63500.0,16015.291851688991,25125.294241848962,0.009482336153014982,1.4999371751518704,42513.14711167373,41758.482607884675,10419.252462016912,1.5,0.0
127,13,63500.0,48304.29185168899,39257.50358217763,0.009482336153014982,1.4999371751518704,-41829.76273856831,43046.663033449586,-9844.602953755608,1.5,0.0
127,13,63500.0,10703.291851688991,38615.393761474224,0.009482336153014982,1.4999371751518704,52656.35235900159,30072.870006565572,-8952.381979293883,1.5,0.0
127,13,63500.0,31574.29185168899,32758.69144478583,0.009482336153014982,1.4999371751518704,2540.934628885993,63439.53336597296,-524.5192539637424,1.5,0.0
128,13,64000.0,15445.12793184229,37732.237943601154,0.009397513370103028,1.4999464307255375,45322.57007133468,42120.94990634964,-7771.896439973598,1.5,0.0
128,13,64000.0,88122.12793184229,28790.609871410743,0.009397513370103028,1.4999464307255375,-26849.963883730925,-57016.93930826995,5292.742194997716,1.5,0.0
128,13,64000.0,99809.12793184229,25163.86637592012,0.009397513370103028,1.4999464307255375,7582.275774522021,-59621.69264080007,10447.852042435186,1.5,0.0
128,13,64000.0,43991.12793184229,39533.69288311852,0.009397513370103028,1.4999464307255375,-32082.530799165997,50950.971495275146,-10305.933494489642,1.5,0.0
128,13,64000.0,113323.12793184229,39480.41614305116,0.009397513370103028,1.4999464307255375,42455.53927332253,-42773.176494144514,-10232.02468142679,1.5,0.0
128,13,64000.0,122750.12793184229,32925.12817934848,0.009397513370103028,1.4999464307255375,60483.60265040198,-20858.56015836346,-773.8984919292427,1.5,0.0
128,13,64000.0,104487.12793184229,34705.54206907887,0.009397513370103028,1.4999464307255375,22004.94839537133,-59672.60894274636,-3391.047965316708,1.5,0.0
128,13,64000.0,81168.12793184229,31794.120983515095,0.009397513370103028,1.4999464307255375,-44865.09703396289,-45602.52145134049,892.8716822633152,1.5,0.0
128,13,64000.0,42193.12793184229,31100.19894699989,0.009397513370103028,1.4999464307255375,-29199.308237059366,56808.06778754911,1914.4983926194982,1.5,0.0
128,13,64000.0,20940.12793184229,26235.064662044948,0.009397513370103028,1.4999464307255375,32259.89787495834,51963.08326121208,8951.765409481734,1.5,0.0
128,13,64000.0,97849.12793184229,25867.396953449756,0.009397513370103028,1.4999464307255375,1913.6316311104304,-60786.86823016312,9468.193354614074,1.5,0.0
128,13,64000.0,105068.12793184229,28070.26077615424,0.009397513370103028,1.4999464307255375,23302.530712428466,-58096.004096538134,6334.805059958241,1.5,0.0
128,13,64000.0,116680.12793184229,37853.58009178602,0.009397513370103028,1.4999464307255375,50048.39374006227,-36213.73275946411,-7944.663284623627,1.5,0.0
129,13,64500.0,8836.849622556358,30263.11099014517,0.009314097840956556,1.4999543797970263,58356.06334207969,26651.982878812232,3168.4554845492753,1.5,0.0
129,13,64500.0,61931.84962255636,34443.7804306156,0.009314097840956556,1.4999543797970263,-63564.12247109225,8896.119870757797,-3030.8619160417616,1.5,0.0
129,13,64500.0,34151.84962255636,39077.726514620554,0.009314097840956556,1.4999543797970263,-5187.2917543434805,60928.84823210026,-9746.714842457794,1.5,0.0
129,13,64500.0,17969.849622556358,26746.0887292481,0.009314097840956556,1.4999543797970263,39981.45325916396,47506.840259140234,8293.532892335716,1.5,0.0
129,13,64500.0,44632.84962255636,39097.625288971634,0.009314097840956556,1.4999543797970263,-34165.579404600634,50690.45042453468,-9774.732400036697,1.5,0.0
129,13,64500.0,4195.849622556358,38920.33747225128,0.009314097840956556,1.4999543797970263,60040.039143862334,12384.675295528496,-9524.792911662787,1.5,0.0
129,13,64500.0,86352.84962255636,37731.21885004162,0.009314097840956556,1.4999543797970263,-31302.133479105338,-53931.797787034426,-7831.105037399167,1.5,0.0
129,13,64500.0,14582.849622556358,34526.83186035858,0.009314097840956556,1.4999543797970263,48779.92864031903,41673.651267018344,-3153.5963366959013,1.5,0.0
129,13,64500.0,43133.84962255636,34346.37585094187,0.009314097840956556,1.4999543797970263,-31928.01368733387,55712.811477675954,-2886.8537717325894,1.5,0.0
129,13,64500.0,60803.84962255636,34655.24509097132,0.009314097840956556,1.4999543797970263,-62915.33818365867,12343.97494834565,-3343.26562922174,1.5,0.0
129,13,64500.0,36403.84962255636,35486.027929728574,0.009314097840956556,1.4999543797970263,-12302.76059792918,62581.62124045466,-4566.896607089483,1.5,0.0
129,13,64500.0,66881.84962255636,24567.011649657743,0.009314097840956556,1.4999543797970263,-59599.885356259016,-6035.981350857571,11357.457883437184,1.5,0.0
129,13,64500.0,88257.84962255636,39821.099782402525,0.009314097840956556,1.4999543797970263,-25360.007895926716,-54785.34789051812,-10787.001370355254,1.5,0.0
130,13,65000.0,2214.929122270958,29803.416277425644,0.00923205562771804,1.499961197849666,64114.20667128427,6911.348166041766,3876.581421709114,1.5,0.0
130,13,65000.0,89870.92912227096,28347.182622517495,0.00923205562771804,1.499961197849666,-22177.9749837678,-59767.148341572865,6027.72216322964,1.5,0.0
130,13,65000.0,36602.92912227096,32846.22696685436,0.00923205562771804,1.499961197849666,-13150.104048580128,63640.37791667079,-667.9072929901405,1.5,0.0
130,13,65000.0,115253.92912227096,30379.505863034603,0.00923205562771804,1.499961197849666,49662.733573072415,-41451.19612677864,3019.653289261346,1.5,0.0
130,13,65000.0,32546.929122270958,40012.8965054069,0.00923205562771804,1.499961197849666,-431.83218318624785,60621.253065077704,-11138.812199270858,1.5,0.0
130,13,65000.0,62871.92912227096,27101.42238582429,0.00923205562771804,1.499961197849666,-62592.68455916363,5867.984163398345,7844.523925066601,1.5,0.0
130,13,65000.0,56725.92912227096,29478.58219555881,0.00923205562771804,1.499961197849666,-59481.75309531548,24550.592041668984,4358.478797552739,1.5,0.0
130,13,65000.0,15582.929122270958,29062.15962897805,0.00923205562771804,1.499961197849666,46698.01030596241,43984.3084926224,4974.651925973303,1.5,0.0
130,13,65000.0,118564.92912227096,33101.6086550225,0.00923205562771804,1.499961197849666,55885.26986608961,-33120.23704124921,-1050.0390171433405,1.5,0.0
130,13,65000.0,80037.92912227096,32388.340162981196,0.00923205562771804,1.499961197849666,-48054.94967902829,-43768.944027247075,17.45366783801391,1.5,0.0
130,13,65000.0,54962.92912227096,34728.595539873226,0.00923205562771804,1.499961197849666,-57379.40362691948,29647.68173981996,-3478.2869652813397,1.5,0.0
130,13,65000.0,79707.92912227096,39690.02868330217,0.00923205562771804,1.499961197849666,-45735.89450219397,-40337.10129272966,-10686.709954067228,1.5,0.0
130,13,65000.0,13976.929122270958,28920.58158500065,0.00923205562771804,1.499961197849666,49920.55979058789,40172.753400635214,5183.6931761091,1.5,0.0
131,13,65500.0,69354.85526905244,35288.63185610768,0.009151353862464792,1.4999670381554728,-63283.7695636491,-14206.35080952613,-4343.021582274466,1.5,0.0
131,13,65500.0,83846.85526905244,36397.05378037636,0.009151353862464792,1.4999670381554728,-38763.50868529622,-51269.29593690551,-5991.544955240124,1.5,0.0
131,13,65500.0,102504.85526905244,32668.506978456797,0.009151353862464792,1.4999670381554728,16659.21660743367,-63340.29939853311,-405.0080318433385,1.5,0.0
131,13,65500.0,11744.855269052438,34083.903572653755,0.009151353862464792,1.4999670381554728,54981.746485626914,35195.56159338346,-2537.2018794190094,1.5,0.0
131,13,65500.0,15966.855269052438,30716.257070711494,0.009151353862464792,1.4999670381554728,46680.07759827408,45636.56197650764,2536.9603698112705,1.5,0.0
131,13,65500.0,43605.85526905244,24968.29912660631,0.009151353862464792,1.4999670381554728,-31685.642458095143,52469.19207482738,10969.105058419402,1.5,0.0
131,13,65500.0,46726.85526905244,25919.22006354711,0.009151353862464792,1.4999670381554728,-39871.97672391376,47861.23372837404,9615.643625471947,1.5,0.0
131,13,65500.0,45818.85526905244,34910.93397206372,0.009151353862464792,1.4999670381554728,-39375.569646833515,51735.3894803009,-3778.1782889900865,1.5,0.0
131,13,65500.0,72819.85526905244,40427.995853289576,0.009151353862464792,1.4999670381554728,-56077.93344365882,-22973.372808640488,-11806.110712358257,1.5,0.0
131,13,65500.0,125850.85526905244,24556.012474445397,0.009151353862464792,1.4999670381554728,59818.61980848142,-10994.194646184382,11548.842557107602,1.5,0.0
131,13,65500.0,16737.855269052438,33332.8526485874,0.009151353862464792,1.4999670381554728,45046.05709987314,47458.75569998505,-1406.6476111237505,1.5,0.0
131,13,65500.0,118454.85526905244,36466.34179669744,0.009151353862464792,1.4999670381554728,55080.77412439758,-33041.900025948074,-6094.069691753753,1.5,0.0
131,13,65500.0,92770.85526905244,37693.75221382483,0.009151353862464792,1.4999670381554728,-13499.895700175854,-61899.60745508225,-7897.792323756405,1.5,0.0
132,13,66000.0,59458.13289458965,37846.435965515964,0.009071960705670632,1.4999720343865026,-61587.766530749635,16316.493321321019,-8182.297774986351,1.5,0.0
132,13,66000.0,82145.13289458965,25543.194910267095,0.009071960705670632,1.4999720343865026,-41598.241766046856,-46493.93998589093,10230.919412049465,1.5,0.0
132,13,66000.0,32030.132894589653,27452.97702799974,0.009071960705670632,1.4999720343865026,1149.552390000235,64100.533120202555,7447.21101515035,1.5,0.0
132,13,66000.0,91828.13289458965,24363.085171374347,0.009071960705670632,1.4999720343865026,-15721.233391949143,-58994.178038472455,11908.731069795855,1.5,0.0
132,13,66000.0,45389.13289458965,31513.158629683858,0.009071960705670632,1.4999720343865026,-38833.282178833404,53290.981215495376,1347.5146375138236,1.5,0.0
132,13,66000.0,101782.13289458965,29716.619472821756,0.009071960705670632,1.4999720343865026,14418.59771294811,-63834.13002269492,4067.0349207282807,1.5,0.0
132,13,66000.0,115303.13289458965,26989.08516608984,0.009071960705670632,1.4999720343865026,49033.500843868096,-40727.94549926904,8130.167543944849,1.5,0.0
132,13,66000.0,122809.13289458965,31607.66060502328,0.009071960705670632,1.4999720343865026,62409.15857741904,-21323.04668641218,1203.9980872086355,1.5,0.0
132,13,66000.0,2296.132894589653,30818.408307389378,0.009071960705670632,1.4999720343865026,65398.75663277019,7310.389544033967,2401.5414246519013,1.5,0.0
132,13,66000.0,27335.132894589653,36736.10872971961,0.009071960705670632,1.4999720343865026,15690.828315136496,62610.81217857707,-6542.112810629731,1.5,0.0
132,13,66000.0,29370.132894589653,38768.71095833452,0.009071960705670632,1.4999720343865026,9203.22716615677,62201.69792512319,-9526.870307858291,1.5,0.0
132,13,66000.0,1920.132894589653,34871.58947862672,0.009071960705670632,1.4999720343865026,65243.025205505444,6091.122044985123,-3747.6404173178357,1.5,0.0
132,13,66000.0,60842.13289458965,26315.448297369687,0.009071960705670632,1.4999720343865026,-61990.200629274535,12043.022159946428,9114.503892635152,1.5,0.0
133,13,66500.0,13643.28220791166,30961.491468192056,0.008993845306578683,1.4999763029476718,52347.95000578524,40748.8416228422,2201.1925645997976,1.5,0.0
133,13,66500.0,116318.28220791166,35111.82958720052,0.008993845306578683,1.4999763029476718,52724.4655960243,-39577.52698347381,-4141.028630449788,1.5,0.0
133,13,66500.0,48554.28220791166,31699.27869333478,0.008993845306578683,1.4999763029476718,-46891.1903757491,47099.51746529051,1072.9006018450534,1.5,0.0
133,13,66500.0,105276.28220791166,36506.060738868735,0.008993845306578683,1.4999763029476718,24876.61050891183,-60253.32073415587,-6246.703845269915,1.5,0.0
133,13,66500.0,128638.28220791166,24811.617557226575,0.008993845306578683,1.4999763029476718,61982.81287998225,-2892.0691100509603,11360.71333521994,1.5,0.0
133,13,66500.0,74556.28220791166,26635.345812526008,0.008993845306578683,1.4999763029476718,-56901.795026996944,-29119.102018983063,8713.698244032921,1.5,0.0
133,13,66500.0,21771.28220791166,34250.020617406306,0.008993845306578683,1.4999763029476718,32638.901794504178,57632.21564612175,-2829.3835982430005,1.5,0.0
133,13,66500.0,58253.28220791166,28067.34665157763,0.008993845306578683,1.4999763029476718,-61789.78784231227,20297.915862718066,6586.478262179843,1.5,0.0
133,13,66500.0,63000.28220791166,35090.047248160205,0.008993845306578683,1.4999763029476718,-65684.43893456667,5745.738216118695,-4107.956043821764,1.5,0.0
133,13,66500.0,2072.2822079116595,29989.811424873034,0.008993845306578683,1.4999763029476718,65713.48485074272,6624.344627345526,3682.6461147213117,1.5,0.0
133,13,66500.0,2820.2822079116595,38663.65804167071,0.008993845306578683,1.4999763029476718,62865.055035263416,8649.58040497772,-9445.61623749149,1.5,0.0
133,13,66500.0,83945.28220791166,37572.00204607178,0.008993845306578683,1.4999763029476718,-38606.13129444132,-51570.855611899235,-7837.830852014374,1.5,0.0
133,13,66500.0,3878.2822079116595,32283.972361114273,0.008993845306578683,1.4999763029476718,65326.932058736675,12429.88405521561,177.68749677167074,1.5,0.0
134,13,67000.0,49444.83820725058,38515.127095833,0.00891697776538391,1.4999799450568188,-47126.61321810602,43416.01060457822,-9297.67665957997,1.5,0.0
134,13,67000.0,109243.83820725058,39845.45944536381,0.00891697776538391,1.4999799450568188,34555.689315171556,-52296.937105459205,-11240.062353704494,1.5,0.0
134,13,67000.0,20258.838207250577,27999.046952437202,0.00891697776538391,1.4999799450568188,36355.80252487246,54460.806133541686,6739.012455321175,1.5,0.0
134,13,67000.0,44215.83820725058,39395.553510884114,0.00891697776538391,1.4999799450568188,-34247.1692645505,53096.88140492457,-10587.996839970077,1.5,0.0
134,13,67000.0,26599.838207250577,33553.65369990237,0.00891697776538391,1.4999799450568188,18563.99548258861,64267.799246570336,-1779.0932280105635,1.5,0.0
134,13,67000.0,73132.83820725058,31144.420359474065,0.00891697776538391,1.4999799450568188,-61492.45694614457,-26288.107798943056,1936.0907981082757,1.5,0.0
134,13,67000.0,47924.83820725058,33378.05711467954,0.00891697776538391,1.4999799450568188,-45748.82106329087,48846.28705797893,-1508.5202863941208,1.5,0.0
134,13,67000.0,34669.83820725058,29850.1581777345,0.00891697776538391,1.4999799450568188,-7301.982293340482,66086.53055515767,3924.246096993463,1.5,0.0
134,13,67000.0,57859.83820725058,28974.558712767423,0.00891697776538391,1.4999799450568188,-62372.977764852134,21816.10078738818,5260.9979455833945,1.5,0.0
134,13,67000.0,120646.83820725058,28209.292275235966,0.00891697776538391,1.4999799450568188,59536.47809499474,-27597.89820182827,6421.6274452546695,1.5,0.0
134,13,67000.0,81394.83820725058,25635.333429205453,0.00891697776538391,1.4999799450568188,-43984.35117364853,-45701.35120143851,10251.388283839078,1.5,0.0
134,13,67000.0,115745.83820725058,32344.351333784434,0.00891697776538391,1.4999799450568188,52446.35888161181,-41693.485889853226,85.8625791256739,1.5,0.0
134,13,67000.0,127518.83820725058,38681.73914656498,0.00891697776538391,1.4999799450568188,63591.776219770996,-6438.117963004506,-9543.22834230399,1.5,0.0
135,13,67500.0,124818.35011856625,27513.804005160753,0.008841329097130032,1.4999830485959351,63859.68268314051,-15075.032211048225,7524.524761914489,1.5,0.0
135,13,67500.0,78334.35011856625,35909.28865898247,0.008841329097130032,1.4999830485959351,-52710.65433606989,-40585.95215663569,-5428.74650945546,1.5,0.0
135,13,67500.0,89567.35011856625,36611.75718623767,0.008841329097130032,1.4999830485959351,-23904.494251405053,-61623.70657492719,-6501.57926809729,1.5,0.0
135,13,67500.0,98484.35011856625,33612.87848084929,0.008841329097130032,1.4999830485959351,4193.050911124265,-67252.75039840302,-1884.2766257569294,1.5,0.0
135,13,67500.0,75418.35011856625,38279.40727426822,0.008841329097130032,1.4999830485959351,-56381.033795873285,-31892.900969468497,-9016.00671759508,1.5,0.0
135,13,67500.0,31861.350118566246,29015.01570970053,0.008841329097130032,1.4999830485959351,1738.84659813267,66570.38891573103,5238.213554932997,1.5,0.0
135,13,67500.0,63445.350118566246,38582.19898413438,0.008841329097130032,1.4999830485959351,-64351.734460697524,4232.405031116108,-9466.702831760973,1.5,0.0
135,13,67500.0,39205.350118566246,36116.449445508726,0.008841329097130032,1.4999830485959351,-21514.590410158493,62825.5571210218,-5745.839757015694,1.5,0.0
135,13,67500.0,68086.35011856625,37239.747209740526,0.008841329097130032,1.4999830485959351,-64818.90302327659,-10415.668622374707,-7454.319699290924,1.5,0.0
135,13,67500.0,87623.35011856625,35066.19129434249,0.008841329097130032,1.4999830485959351,-29973.481850718414,-59850.950048380604,-4132.938266076324,1.5,0.0
135,13,67500.0,35022.350118566246,38010.75687523751,0.008841329097130032,1.4999830485959351,-8243.832244118314,64493.338004871795,-8614.499205861834,1.5,0.0
135,13,67500.0,40225.350118566246,40388.201576025705,0.008841329097130032,1.4999830485959351,-23147.10832724136,58056.70838759135,-12109.204560988097,1.5,0.0
135,13,67500.0,114552.35011856625,31106.638243299145,0.008841329097130032,1.4999830485959351,50221.50158097606,-44901.67089754712,2009.15322859171,1.5,0.0
136,13,68000.0,37079.380859337165,27957.558143873513,0.008766871197231041,1.4999856897556902,-14941.317252456234,64726.81928533153,6903.048655530253,1.5,0.0
136,13,68000.0,112225.38085933717,37919.27796264693,0.008766871197231041,1.4999856897556902,43657.6176084908,-48936.2831418773,-8540.223053713305,1.5,0.0
136,13,68000.0,57739.380859337165,30724.154109827326,0.008766871197231041,1.4999856897556902,-63843.49634695119,22749.757824678316,2621.429224041781,1.5,0.0
136,13,68000.0,103239.38085933717,30684.162248527184,0.008766871197231041,1.4999856897556902,19559.088727286682,-64880.79836678422,2683.843514088244,1.5,0.0
136,13,68000.0,15453.380859337165,28284.892494688047,0.008766871197231041,1.4999856897556902,48804.21803987369,45393.05823897776,6401.449285428394,1.5,0.0
136,13,68000.0,65433.380859337165,32264.08741561876,0.008766871197231041,1.4999856897556902,-67966.46737978134,-2087.714139546697,212.83276955820415,1.5,0.0
136,13,68000.0,124814.38085933717,37354.23477388008,0.008766871197231041,1.4999856897556902,64278.21422271293,-15186.892117794436,-7683.776573422506,1.5,0.0
136,13,68000.0,126874.38085933717,38801.65870793458,0.008766871197231041,1.4999856897556902,64186.6840086662,-8531.45549372205,-9864.607125759698,1.5,0.0
136,13,68000.0,33788.380859337165,25435.85379911578,0.008766871197231041,1.4999856897556902,-4315.4452606084515,64015.55938671996,10699.587601745925,1.5,0.0
136,13,68000.0,57859.380859337165,33612.09584608987,0.008766871197231041,1.4999856897556902,-64075.709894176005,22413.257357469538,-1897.0070746932997,1.5,0.0
136,13,68000.0,59763.380859337165,31869.82855985582,0.008766871197231041,1.4999856897556902,-65961.00979153068,16434.443627468896,830.1383467485147,1.5,0.0
136,13,68000.0,80026.38085933717,34251.365977639565,0.008766871197231041,1.4999856897556902,-50096.0334413162,-45576.6952266194,-2895.2825821995393,1.5,0.0
136,13,68000.0,76380.38085933717,31545.86612791396,0.008766871197231041,1.4999856897556902,-57512.19323681817,-36172.132109346334,1337.1612677028547,1.5,0.0
137,13,68500.0,19332.506526306533,36379.497458053294,0.008693576808533086,1.4999879344936575,39799.16904689694,54182.791944477154,-6238.69179819121,1.5,0.0
137,13,68500.0,42563.50652630653,29830.331605735322,0.008693576808533086,1.4999879344936575,-32152.26711607242,59883.4863728543,4043.1141549413987,1.5,0.0
137,13,68500.0,57266.50652630653,37269.34930374819,0.008693576808533086,1.4999879344936575,-62207.15521297657,23787.414673951873,-7610.136084963844,1.5,0.0
137,13,68500.0,70121.50652630653,38129.1408378729,0.008693576808533086,1.4999879344936575,-63694.39876038129,-16807.33628559576,-8921.826339917028,1.5,0.0
137,13,68500.0,66757.50652630653,26786.573727061885,0.008693576808533086,1.4999879344936575,-65682.0370645448,-6252.177090854949,8746.145951438877,1.5,0.0
137,13,68500.0,45686.50652630653,33739.455880038295,0.008693576808533086,1.4999879344936575,-41048.737598583284,54657.95081671389,-2111.47547007529,1.5,0.0
137,13,68500.0,81029.50652630653,28922.054296307262,0.008693576808533086,1.4999879344936575,-47681.52989945303,-47818.1438768909,5460.4172916824045,1.5,0.0
137,13,68500.0,34962.50652630653,36274.59161521291,0.008693576808533086,1.4999879344936575,-8338.826863174972,66776.35693015257,-6076.195677710358,1.5,0.0
137,13,68500.0,70529.50652630653,28168.32233561067,0.008693576808533086,1.4999879344936575,-64492.81199804652,-18389.876508954938,6628.643383913685,1.5,0.0
137,13,68500.0,21354.506526306533,35176.737091603114,0.008693576808533086,1.4999879344936575,34637.36225684533,58377.9072728275,-4367.019422730772,1.5,0.0
137,13,68500.0,66791.50652630653,28433.01942813367,0.008693576808533086,1.4999879344936575,-66923.88342709387,-6481.718838069659,6219.311899353093,1.5,0.0
137,13,68500.0,107205.50652630653,32580.52896756508,0.008693576808533086,1.4999879344936575,31938.9362846981,-60595.33744120407,-284.77657516547737,1.5,0.0
137,13,68500.0,111593.50652630653,39668.07278024231,0.008693576808533086,1.4999879344936575,41310.12800226716,-49262.980834118425,-11229.42577555357,1.5,0.0
138,13,69000.0,54848.315905947646,30671.49051592879,0.008621419489837169,1.4999898398250036,-60909.225848126,31901.569837941286,2743.368571457576,1.5,0.0
138,13,69000.0,53897.315905947646,38405.88064774939,0.008621419489837169,1.4999898398250036,-57075.2666836644,33332.36351996058,-9408.997667497617,1.5,0.0
138,13,69000.0,12324.315905947646,35457.7858467107,0.008621419489837169,1.4999898398250036,56419.702398600035,38392.05676808783,-4841.010070065041,1.5,0.0
138,13,69000.0,117975.31590594765,32930.394922873624,0.008621419489837169,1.4999898398250036,58309.70980194441,-36848.74964363755,-842.6986819819176,1.5,0.0
138,13,69000.0,34954.315905947646,30583.397206338454,0.008621419489837169,1.4999898398250036,-8489.878492929374,68206.21905567656,2882.8311875351824,1.5,0.0
138,13,69000.0,2788.3159059476457,37459.21053281863,0.008621419489837169,1.4999898398250036,66324.17651147592,9020.808855649771,-7958.66463282848,1.5,0.0
138,13,69000.0,68763.31590594765,35794.84614396118,0.008621419489837169,1.4999898398250036,-66814.86254699148,-12998.640959536575,-5370.050726452719,1.5,0.0
138,13,69000.0,117860.31590594765,31888.166177773906,0.008621419489837169,1.4999898398250036,58104.68090526676,-37174.11802192886,813.214715243297,1.5,0.0
138,13,69000.0,27694.315905947646,38758.246262796485,0.008621419489837169,1.4999898398250036,14869.754669916107,64044.04261054648,-9943.935985906337,1.5,0.0
138,13,69000.0,25976.315905947646,28025.157888661844,0.008621419489837169,1.4999898398250036,20669.140455171422,64209.05027441105,6899.571697261762,1.5,0.0
138,13,69000.0,108304.31590594765,27060.342448369724,0.008621419489837169,1.4999898398250036,34198.999338694506,-57266.31388748425,8390.205220542175,1.5,0.0
138,13,69000.0,110707.31590594765,34713.42098220402,0.008621419489837169,1.4999898398250036,41759.9113444357,-54382.62687539971,-3668.297763784308,1.5,0.0
138,13,69000.0,74864.31590594765,40046.308351768675,0.008621419489837169,1.4999898398250036,-56807.96630674978,-30149.945705352948,-11873.528298829702,1.5,0.0
139,13,69500.0,7541.4100064859085,40352.13414363572,0.008550373585807994,1.4999914549628335,60142.0846056734,23024.21353948913,-12414.448752084887,1.5,0.0
139,13,69500.0,12914.410006485909,24496.682594937105,0.008550373585807994,1.4999914549628335,52233.106320422434,37773.465220991566,12342.017702557887,1.5,0.0
139,13,69500.0,35419.41000648591,33315.074666274864,0.008550373585807994,1.4999914549628335,-10127.495867786296,68689.0333712789,-1464.0977638386712,1.5,0.0
139,13,69500.0,42347.41000648591,32599.08249182012,0.008550373585807994,1.4999914549628335,-32231.638695245387,61570.4597108346,-318.6268283081688,1.5,0.0
139,13,69500.0,35732.41000648591,37380.647497844504,0.008550373585807994,1.4999914549628335,-10855.277992756997,66604.8540327253,-7894.291894245674,1.5,0.0
139,13,69500.0,110590.41000648591,30055.560940754985,0.008550373585807994,1.4999914549628335,41744.26557805688,-55004.84281936811,3744.2035877810213,1.5,0.0
139,13,69500.0,21454.41000648591,30947.530014164473,0.008550373585807994,1.4999914549628335,35086.79555348507,59793.43432089322,2322.7592774456607,1.5,0.0
139,13,69500.0,7229.4100064859085,27020.59528570159,0.008550373585807994,1.4999914549628335,63067.33467329794,23056.521872890095,8512.473669266772,1.5,0.0
139,13,69500.0,114904.41000648591,36301.20675249974,0.008550373585807994,1.4999914549628335,51656.529267194805,-44621.90126798583,-6206.726348944411,1.5,0.0
139,13,69500.0,127987.41000648591,37012.284328848,0.008550373585807994,1.4999914549628335,67562.67492391243,-5292.876480318784,-7320.602341409485,1.5,0.0
139,13,69500.0,32716.41000648591,26513.945796617052,0.008550373585807994,1.4999914549628335,-1022.9741243227958,66681.52213157807,9293.298831889417,1.5,0.0
139,13,69500.0,46513.41000648591,30674.004598610813,0.008550373585807994,1.4999914549628335,-43776.00749551461,53667.19750688373,2759.2350726917966,1.5,0.0
139,13,69500.0,68586.41000648591,38765.06092487546,0.008550373585807994,1.4999914549628335,-65104.51349133924,-12087.336808549117,-10026.373794901978,1.5,0.0
140,13,70000.0,118775.40161038161,32879.92890354364,0.008480414198198406,1.4999928223239118,60563.59773137849,-35062.77710544441,-773.582313897212,1.5,0.0
140,13,70000.0,2637.40161038161,35748.47392527426,0.008480414198198406,1.4999928223239118,68515.70326068805,8808.808018554573,-5374.10940108643,1.5,0.0
140,13,70000.0,93986.40161038161,33619.77823258174,0.008480414198198406,1.4999928223239118,-10842.920481185967,-69031.2618738013,-1965.153740039045,1.5,0.0
140,13,70000.0,41006.40161038161,25808.3711599082,0.008480414198198406,1.4999928223239118,-26931.12909687318,60754.448354857894,10445.858109075965,1.5,0.0
140,13,70000.0,27922.40161038161,37979.419549482285,0.008480414198198406,1.4999928223239118,14528.328262704284,65871.53087971815,-8884.821332181496,1.5,0.0
140,13,70000.0,74220.40161038161,27134.64096729731,0.008480414198198406,1.4999928223239118,-60789.576372444455,-29869.732930336962,8395.949349112758,1.5,0.0
140,13,70000.0,6682.40161038161,36689.95440990028,0.008480414198198406,1.4999928223239118,64928.42968908105,21803.188003128194,-6865.71744898334,1.5,0.0
140,13,70000.0,45585.40161038161,30141.154794568778,0.008480414198198406,1.4999928223239118,-41511.1829692508,55841.662146989496,3634.0162469911616,1.5,0.0
140,13,70000.0,73855.40161038161,36980.73383850886,0.008480414198198406,1.4999928223239118,-61805.77668496441,-29022.86491794793,-7323.658918859008,1.5,0.0
140,13,70000.0,37544.40161038161,27641.6210351666,0.008480414198198406,1.4999928223239118,-16820.369895819313,66037.07109481328,7602.7175172101115,1.5,0.0
140,13,70000.0,79190.40161038161,27323.926079865963,0.008480414198198406,1.4999928223239118,-52027.809630738,-43615.27466799449,8100.3575525121505,1.5,0.0
140,13,70000.0,61907.40161038161,32351.818708723215,0.008480414198198406,1.4999928223239118,-69312.61242288137,9784.427565229182,77.66884618061333,1.5,0.0
140,13,70000.0,105890.40161038161,24833.56343811344,0.008480414198198406,1.4999928223239118,26723.094735571303,-59628.49598921184,11925.48343206489,1.5,0.0
141,13,70500.0,24740.914846241096,38388.88559045284,0.008411517158323115,1.4999939784140826,24510.107376371725,62945.54599652581,-9587.077991823846,1.5,0.0
141,13,70500.0,123810.9148462411,35614.54258417721,0.008411517158323115,1.4999939784140826,66920.4988084097,-19291.308284170133,-5197.7964602746115,1.5,0.0
141,13,70500.0,30413.914846241096,35221.27969016223,0.008411517158323115,1.4999939784140826,6714.525015060627,69518.03376009478,-4566.154913289236,1.5,0.0
141,13,70500.0,5761.914846241096,32806.510380186795,0.008411517158323115,1.4999939784140826,67753.98490241564,19434.949790737704,-659.937862103072,1.5,0.0
141,13,70500.0,95046.9148462411,34875.1530367593,0.008411517158323115,1.4999939784140826,-7292.926292469641,-69612.03862885025,-4008.8406156071123,1.5,0.0
141,13,70500.0,70230.9148462411,39189.576565979005,0.008411517158323115,1.4999939784140826,-64415.76040858192,-17363.6702779781,-10825.075695623604,1.5,0.0
141,13,70500.0,109739.9148462411,25928.456422950676,0.008411517158323115,1.4999939784140826,38302.946446338465,-55042.84426198527,10335.194369637522,1.5,0.0
141,13,70500.0,15257.914846241096,29415.384541106676,0.008411517158323115,1.4999939784140826,51530.91081892676,47026.31693183749,4828.712325537571,1.5,0.0
141,13,70500.0,11684.914846241096,25473.770572253125,0.008411517158323115,1.4999939784140826,56164.404092350276,35722.95171803878,11034.784925279531,1.5,0.0
141,13,70500.0,74730.9148462411,39605.843785493424,0.008411517158323115,1.4999939784140826,-58711.014825017206,-30674.948919640607,-11462.365282828661,1.5,0.0
141,13,70500.0,115532.9148462411,31513.300549190084,0.008411517158323115,1.4999939784140826,54679.92026326908,-44397.93847626759,1439.137164838304,1.5,0.0
141,13,70500.0,53801.914846241096,35240.580424954256,0.008411517158323115,1.4999939784140826,-60138.63882831161,35495.426994229965,-4597.195510887919,1.5,0.0
141,13,70500.0,104573.9148462411,37926.145044970006,0.008411517158323115,1.4999939784140826,23790.028558448237,-63686.59257332756,-8864.899413654317,1.5,0.0
142,13,71000.0,105966.58477918254,34807.268021821,0.008343659000719041,1.4999949546064126,29076.660020729378,-64243.26575153721,-3927.0509970244057,1.5,0.0
142,13,71000.0,128593.58477918254,32627.580775829607,0.008343659000719041,1.4999949546064126,70911.18556244428,-3462.6742895688744,-372.0961716115326,1.5,0.0
142,13,71000.0,37002.584779182536,28507.824483803517,0.008343659000719041,1.4999949546064126,-15432.870987688353,68010.67763477188,6326.164407920783,1.5,0.0
142,13,71000.0,21127.584779182536,26490.586064464573,0.008343659000719041,1.4999949546064126,35394.839206071236,58186.22204528589,9530.492552889918,1.5,0.0
142,13,71000.0,38979.584779182536,26194.545176045176,0.008343659000719041,1.4999949546064126,-21265.89110921087,64390.22367820935,9993.804278804102,1.5,0.0
142,13,71000.0,103776.58477918254,25973.830294877567,0.008343659000719041,1.4999949546064126,21184.737869875687,-64175.845987878165,10337.894532834349,1.5,0.0
142,13,71000.0,28519.584779182536,34632.19865018016,0.008343659000719041,1.4999949546064126,13200.746922225215,69339.25535069472,-3642.6147130241593,1.5,0.0
142,13,71000.0,115170.58477918254,29992.85579267252,0.008343659000719041,1.4999949546064126,53954.509215709455,-45404.485313556885,3926.849932409115,1.5,0.0
142,13,71000.0,20142.584779182536,27809.461698935134,0.008343659000719041,1.4999949546064126,38771.94929198068,57377.2212387989,7443.907105759641,1.5,0.0
142,13,71000.0,6494.584779182536,35508.53850183563,0.008343659000719041,1.4999949546064126,66744.2822325934,21738.720551093273,-5063.367722919732,1.5,0.0
142,13,71000.0,28588.584779182536,35426.962965416766,0.008343659000719041,1.4999949546064126,12904.816605242675,69041.14791171397,-4931.460999735259,1.5,0.0
142,13,71000.0,97890.58477918254,33034.526336183364,0.008343659000719041,1.4999949546064126,2375.5465746725167,-70926.63648426047,-1037.3124519290725,1.5,0.0
142,13,71000.0,78215.58477918254,39446.31663322679,0.008343659000719041,1.4999949546064126,-53239.38174357276,-40506.92151821164,-11298.22969445616,1.5,0.0
143,13,71500.0,45093.057018738065,33690.56845282296,0.008276816937933262,1.4999957778238686,-41193.769669011315,58269.51092641784,-2123.6038942624473,1.5,0.0
143,13,71500.0,57943.057018738065,34453.6102421,0.008276816937933262,1.4999957778238686,-67250.7385750275,23218.09428896931,-3375.7957249991036,1.5,0.0
143,13,71500.0,49070.057018738065,30023.290700878537,0.008276816937933262,1.4999957778238686,-51354.263996352674,49065.4032161355,3904.7252746323875,1.5,0.0
143,13,71500.0,68975.05701873807,35307.66053578128,0.008276816937933262,1.4999957778238686,-69345.52602624414,-14231.288384606481,-4771.778200718308,1.5,0.0
143,13,71500.0,107448.05701873807,36780.4052075375,0.008276816937933262,1.4999957778238686,33314.82962344019,-61443.09635496225,-7158.479311349723,1.5,0.0
143,13,71500.0,91083.05701873807,40471.301394109236,0.008276816937933262,1.4999957778238686,-19315.054503217616,-63210.201535493885,-12953.25712836474,1.5,0.0
143,13,71500.0,8859.057018738065,32277.899255407014,0.008276816937933262,1.4999957778238686,65004.83083554882,29773.189747018954,201.04424482250897,1.5,0.0
143,13,71500.0,58643.057018738065,25293.125865529764,0.008276816937933262,1.4999957778238686,-64321.81065228989,19791.191694600973,11471.687964052713,1.5,0.0
143,13,71500.0,95003.05701873807,33952.89880184196,0.008276816937933262,1.4999957778238686,-7579.599611023874,-70893.42514588713,-2554.5162948323436,1.5,0.0
143,13,71500.0,28140.057018738065,26228.19122971113,0.008276816937933262,1.4999957778238686,14010.519011822855,66871.12126984388,10011.251958631896,1.5,0.0
143,13,71500.0,127223.05701873807,28265.19370560898,0.008276816937933262,1.4999957778238686,69603.47683003047,-8056.621721433883,6762.674286886494,1.5,0.0
143,13,71500.0,103851.05701873807,29626.234563152942,0.008276816937933262,1.4999957778238686,22453.321138889605,-67202.71945191984,4553.400638131128,1.5,0.0
143,13,71500.0,108840.05701873807,36142.68394500425,0.008276816937933262,1.4999957778238686,37613.70244408412,-59422.06223983743,-6128.769176550221,1.5,0.0
144,13,72000.0,101423.98734342516,33350.523602895904,0.008210968836382792,1.4999964711372,14626.113263281432,-70420.70567199032,-1575.474159778554,1.5,0.0
144,13,72000.0,21917.987343425164,28877.057300844717,0.008210968836382792,1.4999964711372,34524.71903938617,61986.14983269538,5812.916848511662,1.5,0.0
144,13,72000.0,115193.98734342516,33966.96687699725,0.008210968836382792,1.4999964711372,54982.66506574241,-46163.253013949994,-2595.6378684146125,1.5,0.0
144,13,72000.0,19577.987343425164,31340.58764603164,0.008210968836382792,1.4999964711372,41874.623493656625,58453.848280761995,1755.804554908266,1.5,0.0
144,13,72000.0,931.9873434251786,39257.66350942612,0.008210968836382792,1.4999964711372,67987.77796955545,3074.0534959192523,-11162.147419225332,1.5,0.0
144,13,72000.0,3923.987343425164,28962.50604237416,0.008210968836382792,1.4999964711372,69721.49154308016,13426.198669158188,5673.2491177057,1.5,0.0
144,13,72000.0,24150.987343425164,35302.15496871008,0.008210968836382792,1.4999964711372,27756.019793438973,65663.17950564872,-4796.106604326935,1.5,0.0
144,13,72000.0,111267.98734342516,25175.679848221305,0.008210968836382792,1.4999964711372,42631.448460970256,-52499.64149832455,11735.003759179925,1.5,0.0
144,13,72000.0,25037.987343425164,39784.94065386059,0.008210968836382792,1.4999964711372,23560.9181066173,63184.45617953646,-11984.796396695177,1.5,0.0
144,13,72000.0,87974.98734342516,40188.2709801153,0.008210968836382792,1.4999964711372,-28945.060259168753,-60345.32016299601,-12608.807542305693,1.5,0.0
144,13,72000.0,52332.987343425164,36273.00899006588,0.008210968836382792,1.4999964711372,-58202.660401439985,40197.2062742913,-6384.04010127451,1.5,0.0
144,13,72000.0,3273.987343425164,31836.442039329886,0.008210968836382792,1.4999964711372,71068.37054130265,11376.196257584039,934.3006620104219,1.5,0.0
144,13,72000.0,55656.987343425164,27863.893717101633,0.008210968836382792,1.4999964711372,-63475.133415371514,30136.485933738404,7460.69023468981,1.5,0.0
145,13,72500.0,754.0413411695772,35378.28388621204,0.008146093193233641,1.4999970542876686,71697.60625244242,2622.2144478863283,-4955.224985793937,1.5,0.0
145,13,72500.0,104735.04134116956,34719.31420534889,0.008146093193233641,1.4999970542876686,25736.19702261011,-67288.33581401124,-3864.1275830609234,1.5,0.0
145,13,72500.0,102390.04134116956,34827.20424552511,0.008146093193233641,1.4999970542876686,17925.75263005517,-69731.40119217742,-4043.0674902134715,1.5,0.0
145,13,72500.0,64747.04134116956,28681.61528599616,0.008146093193233641,1.4999970542876686,-71324.89461947723,183.12765658207334,6174.57258231455,1.5,0.0
145,13,72500.0,92519.04134116956,30321.72240923845,0.008146093193233641,1.4999970542876686,-16229.502775644843,-70282.79648514607,3463.9841528532943,1.5,0.0
145,13,72500.0,13853.041341169563,25039.72902407464,0.008146093193233641,1.4999970542876686,53179.17441400235,42271.3409193445,12029.434125872633,1.5,0.0
145,13,72500.0,25853.041341169563,37048.446400156405,0.008146093193233641,1.4999970542876686,22055.26837038418,67136.77857896393,-7695.428639464762,1.5,0.0
145,13,72500.0,108605.04134116956,31314.571085750984,0.008146093193233641,1.4999970542876686,38023.17507788057,-61611.249306463586,1811.3749313111052,1.5,0.0
145,13,72500.0,55565.04134116956,31399.461384818693,0.008146093193233641,1.4999970542876686,-65277.16416146487,31349.381299287026,1669.8249769700003,1.5,0.0
145,13,72500.0,67931.04134116956,28274.771491924752,0.008146093193233641,1.4999970542876686,-70237.80813732732,-10744.554103023433,6841.579287746197,1.5,0.0
145,13,72500.0,57066.04134116956,27692.721959642746,0.008146093193233641,1.4999970542876686,-65713.85241325214,25863.143845109393,7791.137590631797,1.5,0.0
145,13,72500.0,23287.041341169563,33822.715259018274,0.008146093193233641,1.4999970542876686,30925.49032871938,65382.69398533208,-2373.4549652842047,1.5,0.0
145,13,72500.0,104190.04134116956,28067.358846299547,0.008146093193233641,1.4999970542876686,23571.954404162876,-66873.66879493024,7180.617269992564,1.5,0.0
146,13,73000.0,72218.8940648071,36580.18662237695,0.008082169114249426,1.4999975441432891,-66930.35409510523,-25168.184388939182,-6979.283745307278,1.5,0.0
146,13,73000.0,4414.8940648071,39520.6264206286,0.008082169114249426,1.4999975441432891,67125.60474639517,14591.076100437844,-11734.095028770695,1.5,0.0
146,13,73000.0,5868.8940648071,35006.06477398175,0.008082169114249426,1.4999975441432891,69506.41145034425,20328.367547278365,-4369.394498216178,1.5,0.0
146,13,73000.0,95561.8940648071,31293.233515067797,0.008082169114249426,1.4999975441432891,-5783.058578640076,-72665.17771697043,1859.6863493492367,1.5,0.0
146,13,73000.0,89270.8940648071,36414.19351497597,0.008082169114249426,1.4999975441432891,-26859.364878507182,-66394.85553295544,-6705.7215221454735,1.5,0.0
146,13,73000.0,44883.8940648071,31717.937389972445,0.008082169114249426,1.4999975441432891,-41511.11083262971,60000.0234620298,1146.402740968624,1.5,0.0
146,13,73000.0,76830.8940648071,31013.72179195188,0.008082169114249426,1.4999975441432891,-60792.899612924455,-40114.69133372316,2328.7105880902523,1.5,0.0
146,13,73000.0,45371.8940648071,32809.58724987747,0.008082169114249426,1.4999975441432891,-42933.90553838812,59021.84959980225,-688.5096150996048,1.5,0.0
146,13,73000.0,32024.8940648071,29447.10182391056,0.008082169114249426,1.4999975441432891,1313.8991118202225,72241.26401982113,4947.161702912166,1.5,0.0
146,13,73000.0,51991.8940648071,25988.85350373602,0.008082169114249426,1.4999975441432891,-56527.64219273015,40437.1033298995,10605.040100923656,1.5,0.0
146,13,73000.0,36509.8940648071,31020.602489523877,0.008082169114249426,1.4999975441432891,-14417.134748001567,71395.72097767594,2317.169470515218,1.5,0.0
146,13,73000.0,101722.8940648071,26306.48147429469,0.008082169114249426,1.4999975441432891,15191.289758409366,-68165.34207428157,10095.426221724843,1.5,0.0
146,13,73000.0,49445.8940648071,30949.15187159824,0.008082169114249426,1.4999975441432891,-53558.92536287144,49336.79422260696,2437.0020737650816,1.5,0.0
147,13,73500.0,36694.22970193316,28342.68045020727,0.008019176292562574,1.4999979550963651,-14898.718256288828,70526.1160426121,6823.251778200341,1.5,0.0
147,13,73500.0,79529.22970193316,26219.461088147786,0.008019176292562574,1.4999979550963651,-53068.169777612144,-45992.64692371016,10305.389688058913,1.5,0.0
147,13,73500.0,67292.22970193316,27812.065160849404,0.008019176292562574,1.4999979550963651,-71166.62137519862,-8640.919252811598,7701.701454096998,1.5,0.0
147,13,73500.0,33965.22970193316,28748.037944066877,0.008019176292562574,1.4999979550963651,-5485.049092592974,72142.77243125445,6149.097037076451,1.5,0.0
147,13,73500.0,115734.22970193316,30801.16263319158,0.008019176292562574,1.4999979550963651,57336.21574339799,-45633.47982509441,2703.496243844084,1.5,0.0
147,13,73500.0,24204.22970193316,32870.43817452002,0.008019176292562574,1.4999979550963651,28434.81941438467,67756.190727931,-796.1985335328194,1.5,0.0
147,13,73500.0,129408.22970193315,24316.037901607455,0.008019176292562574,1.4999979550963651,67924.0593746106,-631.527630784631,13335.371899336777,1.5,0.0
147,13,73500.0,92330.22970193316,26922.2836421856,0.008019176292562574,1.4999979550963651,-16589.396381221806,-68955.90032634677,9163.030210097682,1.5,0.0
147,13,73500.0,75655.22970193316,25815.77544686257,0.008019176292562574,1.4999979550963651,-60343.66334529503,-35055.20020499013,10956.210789266492,1.5,0.0
147,13,73500.0,110527.22970193316,33204.70906805645,0.008019176292562574,1.4999979550963651,44220.30207280948,-58639.54797916723,-1361.7117669091072,1.5,0.0
147,13,73500.0,54436.22970193316,29631.012900500573,0.008019176292562574,1.4999979550963651,-63836.2362488786,35077.22310343979,4672.7460190749825,1.5,0.0
147,13,73500.0,126896.22970193315,33184.04332376243,0.008019176292562574,1.4999979550963651,72816.80524479697,-9600.055425186853,-1326.7586951278647,1.5,0.0
147,13,73500.0,127339.22970193315,27893.53749522978,0.008019176292562574,1.4999979550963651,71322.20599558322,-7848.742280650076,7567.138239825512,1.5,0.0
148,13,74000.0,47203.74125841187,34186.69721760238,0.00795709498832381,1.499998299409292,-48484.22726436411,55536.4237241289,-3040.9442582345832,1.5,0.0
148,13,74000.0,126888.74125841187,40284.510864600175,0.00795709498832381,1.499998299409292,68066.90833776147,-8998.978752405405,-13111.34473359069,1.5,0.0
148,13,74000.0,57985.74125841187,25732.708062249407,0.00795709498832381,1.499998299409292,-66373.2693540995,22761.536548196353,11165.056155880753,1.5,0.0
148,13,74000.0,116149.74125841187,40086.914459185085,0.00795709498832381,1.499998299409292,54779.3061083326,-41824.14537310633,-12798.322162400349,1.5,0.0
148,13,74000.0,45720.74125841187,27605.012974175464,0.00795709498832381,1.499998299409292,-43338.44505034222,57507.759055290466,8097.845324261806,1.5,0.0
148,13,74000.0,8184.741258411872,34393.75835770497,0.00795709498832381,1.499998299409292,67931.57685285682,28465.711825567498,-3392.319654202734,1.5,0.0
148,13,74000.0,85785.74125841187,31105.353757905224,0.00795709498832381,1.499998299409292,-38815.21261771085,-62831.79404673452,2204.787105674014,1.5,0.0
148,13,74000.0,10588.741258411872,30520.01937833029,0.00795709498832381,1.499998299409292,64193.90714863913,36190.85098492177,3199.2829298597294,1.5,0.0
148,13,74000.0,19243.741258411872,39386.14192136729,0.00795709498832381,1.499998299409292,41560.418305916086,56073.1898199291,-11678.92120595867,1.5,0.0
148,13,74000.0,13140.741258411872,26717.489200732154,0.00795709498832381,1.499998299409292,57240.7157001664,42359.08501614681,9561.66149142905,1.5,0.0
148,13,74000.0,108671.74125841187,40452.51797943514,0.00795709498832381,1.499998299409292,36127.606890348914,-58118.39144058175,-13376.548062383734,1.5,0.0
148,13,74000.0,121321.74125841187,30441.825989683086,0.00795709498832381,1.499998299409292,67813.0604723494,-28778.180472829048,3331.957623859932,1.5,0.0
148,13,74000.0,67973.74125841187,34810.15344299458,0.00795709498832381,1.499998299409292,-72627.10841713882,-11263.97109737956,-4097.856262896852,1.5,0.0
149,13,74500.0,73245.13025489025,32940.87637946272,0.007895906009187902,1.4999985875148565,-68318.87829145078,-29647.349034813473,-927.8407546220803,1.5,0.0
149,13,74500.0,31984.130254890246,35210.92217854895,0.007895906009187902,1.4999985875148565,1488.0370458738244,73794.27960298145,-4807.6067803525075,1.5,0.0
149,13,74500.0,118637.13025489025,31691.206379680447,0.007895906009187902,1.4999985875148565,64184.83826799804,-37735.993223915546,1215.7926849570063,1.5,0.0
149,13,74500.0,70042.13025489025,26810.75988531812,0.007895906009187902,1.4999985875148565,-69475.80827309711,-18047.214280294033,9472.183047210967,1.5,0.0
149,13,74500.0,662.1302548902604,28254.729016386344,0.007895906009187902,1.4999985875148565,72962.9831924498,2342.9881603897275,7064.001439148331,1.5,0.0
149,13,74500.0,46017.130254890246,38141.163214094675,0.007895906009187902,1.4999985875148565,-43929.249135963844,56581.512910906626,-9723.05785449168,1.5,0.0
149,13,74500.0,112800.13025489025,24858.43008389076,0.007895906009187902,1.4999985875148565,47745.97232144823,-50607.13380863449,12652.23477758457,1.5,0.0
149,13,74500.0,44176.130254890246,35783.56567074116,0.007895906009187902,1.4999985875148565,-39719.98419781804,61842.991069849166,-5778.968357697333,1.5,0.0
149,13,74500.0,66785.13025489025,40490.118591535334,0.007895906009187902,1.4999985875148565,-68524.0940771511,-6615.321663558181,-13526.560064638146,1.5,0.0
149,13,74500.0,72593.13025489025,24421.224536929618,0.007895906009187902,1.4999985875148565,-64129.177285907084,-25452.16576609272,13349.845403448277,1.5,0.0
149,13,74500.0,84486.13025489025,26908.940061683024,0.007895906009187902,1.4999985875148565,-41550.583030134505,-58648.596786252456,9309.781212327449,1.5,0.0
149,13,74500.0,106249.13025489025,35221.13767446878,0.007895906009187902,1.4999985875148565,31350.26305226184,-66814.89121921522,-4824.969773440114,1.5,0.0
149,13,74500.0,12531.130254890246,25271.851520282642,0.007895906009187902,1.4999985875148565,57552.73983205764,40013.150752689195,11987.340305585547,1.5,0.0
150,13,75000.0,14198.106435701542,33422.79580607878,0.007835590691596036,1.4999988282765888,57851.25159036364,47585.850116387,-1765.7981727750596,1.5,0.0
150,13,75000.0,68695.10643570154,38586.89691765062,0.007835590691596036,1.4999988282765888,-70377.58944167673,-13450.374359131223,-10526.188433074196,1.5,0.0
150,13,75000.0,25352.106435701542,35102.69922818529,0.007835590691596036,1.4999988282765888,24915.66835926501,70058.44165287653,-4654.621661460991,1.5,0.0
150,13,75000.0,80905.10643570154,31943.022419780325,0.007835590691596036,1.4999988282765888,-53263.35400651434,-52775.51136076021,789.2043670281702,1.5,0.0
150,13,75000.0,45623.10643570154,29509.662466485108,0.007835590691596036,1.4999988282765888,-44414.60579921236,59519.85296825068,4975.726093814808,1.5,0.0
150,13,75000.0,68482.10643570154,25691.356592888682,0.007835590691596036,1.4999988282765888,-69938.59342253684,-12619.319767483803,11383.62954716146,1.5,0.0
150,13,75000.0,53813.10643570154,28262.959550696265,0.007835590691596036,1.4999988282765888,-63314.25515167005,37323.45434693164,7097.479750612178,1.5,0.0
150,13,75000.0,39586.10643570154,24481.225400007406,0.007835590691596036,1.4999988282765888,-23740.21591794708,65362.661057396945,13343.409050763501,1.5,0.0
150,13,75000.0,36634.10643570154,40283.339863904424,0.007835590691596036,1.4999988282765888,-14184.710780611556,68127.59514290163,-13286.643343308802,1.5,0.0
150,13,75000.0,82626.10643570154,27904.212484485586,0.007835590691596036,1.4999988282765888,-47539.68090969752,-55695.194330511134,7703.564610055683,1.5,0.0
150,13,75000.0,58923.10643570154,37500.99027150303,0.007835590691596036,1.4999988282765888,-69786.51735652854,20439.672905598498,-8720.647478466075,1.5,0.0
150,13,75000.0,69279.10643570154,27032.047085240654,0.007835590691596036,1.4999988282765888,-70772.42672329811,-15614.673898001285,9166.961214497727,1.5,0.0
150,13,75000.0,67078.10643570154,28894.338623610296,0.007835590691596036,1.4999988282765888,-73468.98876518241,-8147.49048416686,6025.695930271419,1.5,0.0
151,13,75500.0,18243.387489573273,36882.3565568585,0.007776130882817211,1.4999990292141046,46719.37842172489,57031.32483239698,-7732.119490613595,1.5,0.0
151,13,75500.0,87806.38748957327,26696.739995536325,0.007776130882817211,1.4999990292141046,-31946.212919497528,-65229.44352242995,9790.18426161902,1.5,0.0
151,13,75500.0,45542.38748957327,39096.77392630604,0.007776130882817211,1.4999990292141046,-42569.56578637831,57515.5421069138,-11439.961719238197,1.5,0.0
151,13,75500.0,7579.387489573273,32689.63292583097,0.007776130882817211,1.4999990292141046,70452.9132870956,27120.34573188359,-503.55788212677805,1.5,0.0
151,13,75500.0,33376.38748957327,29749.37362651865,0.007776130882817211,1.4999990292141046,-3543.121000867445,74793.58651672376,4595.875834106001,1.5,0.0
151,13,75500.0,61139.38748957327,26843.813056813924,0.007776130882817211,1.4999990292141046,-71634.24677361295,12848.211161643332,9543.939632752756,1.5,0.0
151,13,75500.0,94800.38748957327,24491.307228499874,0.007776130882817211,1.4999990292141046,-8127.272666636432,-69544.59171508039,13416.10860104149,1.5,0.0
151,13,75500.0,123659.38748957326,28316.741264906334,0.007776130882817211,1.4999990292141046,70976.43073504513,-21026.46922967002,7053.137227836872,1.5,0.0
151,13,75500.0,115451.38748957327,39107.12502515725,0.007776130882817211,1.4999990292141046,55361.90383615258,-45315.93865320219,-11457.01713230757,1.5,0.0
151,13,75500.0,75522.38748957327,37215.64751481009,0.007776130882817211,1.4999990292141046,-63748.741646862036,-36486.216600957734,-8296.93763845707,1.5,0.0
151,13,75500.0,104772.38748957327,40010.658065561656,0.007776130882817211,1.4999990292141046,25275.267742502732,-65726.31416816902,-12934.168249957735,1.5,0.0
151,13,75500.0,111868.38748957327,25932.336642166243,0.007776130882817211,1.4999990292141046,46876.10866626902,-54411.00335334766,11061.728430101866,1.5,0.0
151,13,75500.0,11237.387489573273,33893.29564479185,0.007776130882817211,1.4999990292141046,64400.6421065244,39025.40939681259,-2594.0723878164677,1.5,0.0
152,13,76000.0,5077.698781587009,34843.15869371336,0.007717508923713157,1.4999991966978294,73192.29088218404,18391.041262121744,-4265.972122733377,1.5,0.0
152,13,76000.0,23748.69878158701,26376.549585561428,0.007717508923713157,1.4999991966978294,29639.684071775526,66473.77819512172,10392.91432720543,1.5,0.0
152,13,76000.0,110553.69878158701,39375.62718820585,0.007717508923713157,1.4999991966978294,43240.71528204529,-57187.734643479285,-11977.201066796122,1.5,0.0
152,13,76000.0,60787.69878158701,32492.74013115682,0.007717508923713157,1.4999991966978294,-74565.90198654331,14690.455977102874,-162.31122978968432,1.5,0.0
152,13,76000.0,34286.69878158701,37576.35314452634,0.007717508923713157,1.4999991966978294,-6724.553888981719,73311.56094343035,-8964.746725405386,1.5,0.0
152,13,76000.0,31952.69878158701,34893.26797606122,0.007717508923713157,1.4999991966978294,1635.9647770798629,75427.7085839966,-4353.045142054849,1.5,0.0
152,13,76000.0,99009.69878158701,35802.01524780523,0.007717508923713157,1.4999991966978294,6569.061406737163,-74680.25552618968,-5927.174993677971,1.5,0.0
152,13,76000.0,27159.69878158701,35901.32124408398,0.007717508923713157,1.4999991966978294,18826.751512040373,72503.1884809448,-6098.550189888704,1.5,0.0
152,13,76000.0,11014.698781587009,38476.618332395854,0.007717508923713157,1.4999991966978294,62600.43130966007,37016.46171431699,-10481.99342890787,1.5,0.0
152,13,76000.0,64792.69878158701,34240.40804776017,0.007717508923713157,1.4999991966978294,-75697.67069489275,26.794937063537716,-3216.7702704366397,1.5,0.0
152,13,76000.0,119051.69878158701,28807.11785788651,0.007717508923713157,1.4999991966978294,65273.79684775925,-36631.19985510347,6256.434287696109,1.5,0.0
152,13,76000.0,14180.698781587009,25912.056214420405,0.007717508923713157,1.4999991966978294,55853.75859050262,45863.82581492361,11168.741851146948,1.5,0.0
152,13,76000.0,23511.69878158701,34121.26003509229,0.007717508923713157,1.4999991966978294,31635.0458519298,68812.02349252957,-3009.0170008129335,1.5,0.0
153,13,76500.0,50322.77309586681,37112.015119984935,0.0076597076321930834,1.4999993361169894,-56900.169720375285,48109.09277756279,-8229.108317813841,1.5,0.0
153,13,76500.0,14477.77309586681,37614.467676504166,0.0076597076321930834,1.4999993361169894,56559.78899852078,47823.869317585086,-9088.751708740268,1.5,0.0
153,13,76500.0,127722.77309586681,29314.604831829565,0.0076597076321930834,1.4999993361169894,75332.66713401348,-6875.058188043151,5415.270087981243,1.5,0.0
153,13,76500.0,86138.77309586681,33193.063429650836,0.0076597076321930834,1.4999993361169894,-39057.06726591094,-65712.61916780527,-1396.7897484657249,1.5,0.0
153,13,76500.0,20794.77309586681,33420.774313399015,0.0076597076321930834,1.4999993361169894,40756.57805724393,64628.40094105633,-1797.5565823144898,1.5,0.0
153,13,76500.0,53991.77309586681,31960.7723508975,0.0076597076321930834,1.4999993361169894,-66220.66534164899,38267.74336240371,773.7256110208353,1.5,0.0
153,13,76500.0,126990.77309586681,34912.84504108119,0.0076597076321930834,1.4999993361169894,75326.28089322409,-9579.8443090644,-4415.918282635361,1.5,0.0
153,13,76500.0,114391.77309586681,27703.411405941246,0.0076597076321930834,1.4999993361169894,55169.393252964976,-50103.69385399428,8202.635282931516,1.5,0.0
153,13,76500.0,60658.77309586681,40163.74048130607,0.0076597076321930834,1.4999993361169894,-69715.53343459476,14188.104102407788,-13356.649264702843,1.5,0.0
153,13,76500.0,110255.77309586681,25888.893198873106,0.0076597076321930834,1.4999993361169894,43016.50284683754,-58632.68637876119,11281.016224251038,1.5,0.0
153,13,76500.0,10302.77309586681,37733.38248749053,0.0076597076321930834,1.4999993361169894,64921.25938269973,35423.87983534686,-9291.432151574667,1.5,0.0
153,13,76500.0,16193.77309586681,33924.354988609244,0.0076597076321930834,1.4999993361169894,53962.29952538452,53929.72812624205,-2683.0010506967114,1.5,0.0
153,13,76500.0,68631.77309586681,28266.646904538196,0.0076597076321930834,1.4999993361169894,-73679.2611932505,-13847.023224353792,7233.060760151177,1.5,0.0
154,13,77000.0,25024.35038849956,29045.56168536216,0.007602710287326361,1.4999994520242987,26595.146789714203,71177.7126878119,5921.928257066884,1.5,0.0
154,13,77000.0,85276.35038849956,38706.689982428856,0.007602710287326361,1.4999994520242987,-40122.36243374921,-61497.71349085628,-11009.632158070146,1.5,0.0
154,13,77000.0,127284.35038849957,36645.58294068885,0.007602710287326361,1.4999994520242987,74900.13551843147,-8444.23404702722,-7475.250692088356,1.5,0.0
154,13,77000.0,129185.35038849957,35610.681964427,0.007602710287326361,1.4999994520242987,76053.67648257547,-1529.0963468428722,-5670.240213409929,1.5,0.0
154,13,77000.0,40044.35038849956,28813.418052661906,0.007602710287326361,1.4999994520242987,-27467.533537997228,70689.95811009362,6327.751807628382,1.5,0.0
154,13,77000.0,89001.35038849956,35784.90120815021,0.007602710287326361,1.4999994520242987,-29406.069048850357,-70043.13914639616,-5975.226045586366,1.5,0.0
154,13,77000.0,73788.35038849956,39659.99248914031,0.007602710287326361,1.4999994520242987,-65524.650776967654,-30509.60366513071,-12609.302383746597,1.5,0.0
154,13,77000.0,65099.35038849956,25783.269316803216,0.007602710287326361,1.4999994520242987,-73064.31882278665,-1060.450802801597,11532.636457757133,1.5,0.0
154,13,77000.0,57860.35038849956,29583.83480045777,0.007602710287326361,1.4999994520242987,-72006.58536617612,25183.62620764319,4978.143305508344,1.5,0.0
154,13,77000.0,2990.350388499559,28101.690700477826,0.007602710287326361,1.4999994520242987,74543.85324571995,10883.447316523529,7566.747356859504,1.5,0.0
154,13,77000.0,31637.35038849956,30670.6521772908,0.007602710287326361,1.4999994520242987,2836.373988495222,76677.08653134167,3062.899935470195,1.5,0.0
154,13,77000.0,128540.35038849957,36325.78900863393,0.007602710287326361,1.4999994520242987,75509.80483262207,-3882.6013246148896,-6919.283644027625,1.5,0.0
154,13,77000.0,86894.35038849956,31982.729819091262,0.007602710287326361,1.4999994520242987,-36883.34781458125,-67573.60849836053,739.8558370436054,1.5,0.0
155,13,77500.0,85071.17755021801,30423.416505795187,0.007546500614082947,1.4999995482603832,-42793.272026051316,-64187.22357603982,3522.253452947188,1.5,0.0
155,13,77500.0,2370.17755021801,37096.47690411652,0.007546500614082947,1.4999995482603832,75001.82164391497,8656.552576179825,-8309.663784168999,1.5,0.0
155,13,77500.0,61729.17755021801,25344.21040576952,0.007546500614082947,1.4999995482603832,-72202.09695250553,10829.408394967693,12348.461263966627,1.5,0.0
155,13,77500.0,10445.17755021801,28413.035624342647,0.007546500614082947,1.4999995482603832,66511.43983990123,36889.72130506083,7071.392179937579,1.5,0.0
155,13,77500.0,28477.17755021801,28027.671095728896,0.007546500614082947,1.4999995482603832,14322.628703277764,74399.23038973988,7745.078579261881,1.5,0.0
155,13,77500.0,41534.17755021801,40262.9059071252,0.007546500614082947,1.4999995482603832,-30825.286648444842,64997.76751206551,-13695.679826365244,1.5,0.0
155,13,77500.0,6074.17755021801,35738.79703476271,0.007546500614082947,1.4999995482603832,73194.2834891462,22200.056123287028,-5932.8332192812295,1.5,0.0
155,13,77500.0,38240.17755021801,34308.13216949458,0.007546500614082947,1.4999995482603832,-21558.735857928576,74095.99549718661,-3400.62825934844,1.5,0.0
155,13,77500.0,22357.17755021801,24380.756437770462,0.007546500614082947,1.4999995482603832,33554.54428646674,63382.255832661365,13954.274273420866,1.5,0.0
155,13,77500.0,97892.17755021801,27285.82203385569,0.007546500614082947,1.4999995482603832,2520.718158671727,-75087.70803788655,9034.149392182188,1.5,0.0
155,13,77500.0,99177.17755021801,34595.768946163866,0.007546500614082947,1.4999995482603832,7375.500353155662,-76707.51801123114,-3911.437396138941,1.5,0.0
155,13,77500.0,117955.177550218,30451.453089002986,0.007546500614082947,1.4999995482603832,65182.059664195855,-41280.83228784441,3472.442305785627,1.5,0.0
155,13,77500.0,65836.17755021801,39273.34221560079,0.007546500614082947,1.4999995482603832,-73144.41746259271,-3677.5261761680313,-12041.230541732077,1.5,0.0
156,13,78000.0,74120.00817840052,28328.529524986006,0.007491062768672872,1.4999996280605972,-68809.47452991622,-33395.63071878784,7265.919476203074,1.5,0.0
156,13,78000.0,86009.00817840052,38662.23820139371,0.007491062768672872,1.4999996280605972,-38431.51372494261,-63743.63645314932,-11076.444555750399,1.5,0.0
156,13,78000.0,44570.008178400516,25880.22424972232,0.007491062768672872,1.4999996280605972,-41247.412578324365,61601.67452630744,11517.011205993047,1.5,0.0
156,13,78000.0,44881.008178400516,34804.860363519874,0.007491062768672872,1.4999996280605972,-44068.39670465031,63715.366787764055,-4309.914852049888,1.5,0.0
156,13,78000.0,37321.008178400516,36981.97811190371,0.007491062768672872,1.4999996280605972,-17980.05531414053,73928.34277385034,-8162.787690227847,1.5,0.0
156,13,78000.0,84038.00817840052,34256.620751889306,0.007491062768672872,1.4999996280605972,-46274.90595076482,-62397.70068326721,-3330.426031700728,1.5,0.0
156,13,78000.0,14196.008178400516,32327.663827271197,0.007491062768672872,1.4999996280605972,60244.01526824118,49543.75640889379,129.93251196418532,1.5,0.0
156,13,78000.0,113313.00817840052,34301.02301879611,0.007491062768672872,1.4999996280605972,54688.13473263024,-55151.383728994406,-3409.8522875420895,1.5,0.0
156,13,78000.0,9700.008178400516,26756.952082227002,0.007491062768672872,1.4999996280605972,66946.81050744964,34029.411425925995,10010.268200669247,1.5,0.0
156,13,78000.0,46644.008178400516,27792.245507349537,0.007491062768672872,1.4999996280605972,-48449.570351934395,58634.84430568583,8207.944055732733,1.5,0.0
156,13,78000.0,27674.008178400516,28672.36937209274,0.007491062768672872,1.4999996280605972,17427.092348096216,74724.47488834088,6659.3138713508515,1.5,0.0
156,13,78000.0,70172.00817840052,33984.025318206615,0.007491062768672872,1.4999996280605972,-75147.40186507812,-20026.42221668113,-2842.48611451745,1.5,0.0
156,13,78000.0,75118.00817840052,31458.797394670142,0.007491062768672872,1.4999996280605972,-68371.55163143841,-37372.07247608733,1690.0345998346024,1.5,0.0
157,13,78500.0,105108.60235796531,36152.35764996978,0.0074363813244576445,1.499999694146587,28881.797603575244,-71598.8402337397,-6745.968918383402,1.5,0.0
157,13,78500.0,4029.602357965312,31565.0238487555,0.0074363813244576445,1.499999694146587,76943.66490976262,15225.961464622409,1509.0154392531426,1.5,0.0
157,13,78500.0,17734.602357965312,24563.365180262037,0.0074363813244576445,1.499999694146587,47575.2908702796,55238.762673786056,13828.303076848411,1.5,0.0
157,13,78500.0,7378.602357965312,39917.02197822871,0.0074363813244576445,1.499999694146587,68701.5132443852,25681.137459559126,-13290.085850260515,1.5,0.0
157,13,78500.0,100462.60235796531,37515.3705078457,0.0074363813244576445,1.499999694146587,11986.752980323205,-75148.32590118579,-9152.80795330341,1.5,0.0
157,13,78500.0,27461.602357965312,36021.66153628721,0.0074363813244576445,1.499999694146587,18329.23355608063,75088.3137587204,-6513.468028470037,1.5,0.0
157,13,78500.0,34510.60235796531,38379.28830240017,0.0074363813244576445,1.499999694146587,-7683.938474300149,74831.27341346398,-10658.303943307172,1.5,0.0
157,13,78500.0,124856.6023579653,38990.27750840991,0.0074363813244576445,1.499999694146587,72565.17939737417,-16988.083804354686,-11711.905209965926,1.5,0.0
157,13,78500.0,43855.60235796531,29767.333243427907,0.0074363813244576445,1.499999694146587,-41053.93205586145,66158.75480140046,4746.2904850123605,1.5,0.0
157,13,78500.0,104494.60235796531,34197.53059035052,0.0074363813244576445,1.499999694146587,27083.451462321453,-73362.49359372002,-3245.3733801070853,1.5,0.0
157,13,78500.0,39147.60235796531,34162.686509130624,0.0074363813244576445,1.499999694146587,-25132.306796559435,74065.67243847989,-3182.6184484126247,1.5,0.0
157,13,78500.0,70451.60235796531,28630.25463473167,0.0074363813244576445,1.499999694146587,-74313.09390737172,-20886.922829543135,6776.880456505459,1.5,0.0
157,13,78500.0,9629.602357965312,27895.626473442488,0.0074363813244576445,1.499999694146587,68434.67088653678,34492.25931571041,8078.212572694113,1.5,0.0
158,13,79000.0,14350.72645075788,33158.378055896275,0.007382441258407786,1.4999997488046444,60597.66262705666,50601.28783179727,-1379.3788197082679,1.5,0.0
158,13,79000.0,129573.72645075788,39189.2114730906,0.007382441258407786,1.4999997488046444,74759.01032307082,-95.22640517575624,-12129.54654783557,1.5,0.0
158,13,79000.0,17572.72645075788,38472.13509923968,0.007382441258407786,1.4999997488046444,49784.85620258839,56895.08333871072,-10887.946842615556,1.5,0.0
158,13,79000.0,70658.72645075788,39140.14496708961,0.007382441258407786,1.4999997488046444,-71821.68622667856,-20967.083636661388,-12045.039373159496,1.5,0.0
158,13,79000.0,24417.72645075788,38074.25063920287,0.007382441258407786,1.4999997488046444,28693.86497603389,70407.05590349759,-10193.247248737835,1.5,0.0
158,13,79000.0,86418.72645075788,39926.21551186824,0.007382441258407786,1.4999997488046444,-36841.523173625224,-63945.39203087809,-13390.361229782886,1.5,0.0
158,13,79000.0,91390.72645075788,31841.09995413873,0.007382441258407786,1.4999997488046444,-21948.637347636526,-75859.58251431987,1016.6621341859457,1.5,0.0
158,13,79000.0,83830.72645075788,25069.07065841613,0.007382441258407786,1.4999997488046444,-44713.22382506251,-59042.46732795139,13057.878267946013,1.5,0.0
158,13,79000.0,55134.72645075788,25653.704920805347,0.007382441258407786,1.4999997488046444,-66747.89482470266,33786.97826631956,12055.635448708521,1.5,0.0
158,13,79000.0,26200.72645075788,30622.47349671196,0.007382441258407786,1.4999997488046444,23300.756928193132,75178.72574922642,3229.7882831463817,1.5,0.0
158,13,79000.0,105725.72645075788,28474.530878622558,0.007382441258407786,1.4999997488046444,31158.96020187749,-71040.79190038436,7098.432293429187,1.5,0.0
158,13,79000.0,11812.72645075788,27053.03758004929,0.007382441258407786,1.4999997488046444,64176.57497123647,41379.79670849639,9618.952912337463,1.5,0.0
158,13,79000.0,45411.72645075788,39741.90114704011,0.007382441258407786,1.4999997488046444,-43674.46248781024,59796.816858424274,-13076.589542494672,1.5,0.0
159,13,79500.0,43172.15289305191,34772.11801654417,0.007329227938082043,1.4999997939526606,-39395.05391910002,68447.47739345119,-4333.254778030357,1.5,0.0
159,13,79500.0,13077.152893051913,27324.4123161565,0.007329227938082043,1.4999997939526606,62121.00947012832,45674.87223315641,9198.781160507724,1.5,0.0
159,13,79500.0,9710.152893051913,39490.82800708287,0.007329227938082043,1.4999997939526606,66706.65498675249,33948.63458526292,-12727.54153377071,1.5,0.0
159,13,79500.0,121007.15289305193,29189.052107361615,0.007329227938082043,1.4999997939526606,71821.47668468495,-31780.448331721473,5854.818415439198,1.5,0.0
159,13,79500.0,108719.15289305191,28434.021499155384,0.007329227938082043,1.4999997939526606,41349.511271841424,-66179.09838045832,7216.16969039089,1.5,0.0
159,13,79500.0,75901.15289305191,35820.83733074535,0.007329227938082043,1.4999997939526606,-67324.71939149391,-40191.79650933387,-6234.123100382467,1.5,0.0
159,13,79500.0,82988.15289305191,34934.46923267215,0.007329227938082043,1.4999997939526606,-50162.887052040016,-60901.47737920536,-4628.383144496007,1.5,0.0
159,13,79500.0,22042.152893051913,31611.042477161544,0.007329227938082043,1.4999997939526606,38237.13249986731,69634.25458561305,1444.053850560594,1.5,0.0
159,13,79500.0,67450.15289305191,34545.62900199074,0.007329227938082043,1.4999997939526606,-78418.51697881128,-10131.259317987231,-3921.0897608649075,1.5,0.0
159,13,79500.0,121735.15289305193,26883.78776252587,0.007329227938082043,1.4999997939526606,71167.40126158357,-28532.378247070807,9979.008683708536,1.5,0.0
159,13,79500.0,71996.15289305191,35207.91857991167,0.007329227938082043,1.4999997939526606,-74019.43877796204,-26925.23905911334,-5124.812399148779,1.5,0.0
159,13,79500.0,59507.15289305191,28683.893262162142,0.007329227938082043,1.4999997939526606,-75652.35651901207,19850.34502734527,6766.621615981289,1.5,0.0
159,13,79500.0,27343.152893051913,28719.94282215861,0.007329227938082043,1.4999997939526606,18989.49434640785,75898.55651336332,6701.680785437948,1.5,0.0
160,13,80000.0,67931.66000080213,26387.813955661695,0.007276727109105076,1.499999831197238,-75744.12053719736,-11589.201396804325,10920.029403827322,1.5,0.0
160,13,80000.0,4585.660000802134,35460.13152941913,0.007276727109105076,1.499999831197238,77173.9210524745,17445.606788636534,-5616.997975426118,1.5,0.0
160,13,80000.0,102604.66000080213,39591.94343897406,0.007276727109105076,1.499999831197238,19475.99931849251,-72619.78902607287,-12982.81864685983,1.5,0.0
160,13,80000.0,26643.660000802134,31214.089070962928,0.007276727109105076,1.499999831197238,22000.929086819433,76777.77286502215,2183.59098796537,1.5,0.0
160,13,80000.0,87568.66000080213,38897.90607304096,0.007276727109105076,1.499999831197238,-34240.26453810319,-67920.46145386138,-11774.016478790205,1.5,0.0
160,13,80000.0,26497.660000802134,25892.728776239004,0.007276727109105076,1.499999831197238,21466.695786831246,72959.25318430626,11790.419535559953,1.5,0.0
160,13,80000.0,86060.66000080213,24995.913563485443,0.007276727109105076,1.499999831197238,-38512.5445299557,-64241.30208421161,13349.437190325098,1.5,0.0
160,13,80000.0,42428.660000802134,35986.17581572421,0.007276727109105076,1.499999831197238,-36818.22282046897,69662.75336777965,-6573.548823836242,1.5,0.0
160,13,80000.0,121265.66000080215,36628.549482300245,0.007276727109105076,1.499999831197238,72017.46766611993,-30793.76599335842,-7735.771205544906,1.5,0.0
160,13,80000.0,8245.660000802134,37957.54350364517,0.007276727109105076,1.499999831197238,71033.56892785033,30012.491303002203,-10115.186775114336,1.5,0.0
160,13,80000.0,72140.66000080213,25220.446390079698,0.007276727109105076,1.499999831197238,-70490.18830768284,-26202.07382673993,12961.364129951113,1.5,0.0
160,13,80000.0,8580.660000802134,36885.894290300654,0.007276727109105076,1.499999831197238,71453.1736092997,31567.00607562751,-8199.333584049657,1.5,0.0
160,13,80000.0,19248.660000802134,30399.927471304625,0.007276727109105076,1.499999831197238,47397.46863854264,63980.40812422063,3678.9465356875085,1.5,0.0
161,13,80500.0,52971.03178230618,36208.303197042245,0.007224924883121538,1.499999861882338,-66471.95067875535,42933.94971259615,-7019.815097130512,1.5,0.0
161,13,80500.0,114449.03178230618,35829.817342733106,0.007224924883121538,1.499999861882338,58918.19075016494,-53210.56874889187,-6328.957615088994,1.5,0.0
161,13,80500.0,22074.031782306178,38206.638658185555,0.007224924883121538,1.499999861882338,37116.42085660166,67841.62005244548,-10622.767223181287,1.5,0.0
161,13,80500.0,59891.03178230618,27277.431531668954,0.007224924883121538,1.499999861882338,-75830.78228257524,18395.871123048128,9398.934161871466,1.5,0.0
161,13,80500.0,5185.031782306178,24313.358792721905,0.007224924883121538,1.499999861882338,72054.14386584394,18504.20169561972,14609.97664435874,1.5,0.0
161,13,80500.0,43168.03178230618,33996.161522500915,0.007224924883121538,1.499999861882338,-40021.77206417229,69568.52370514168,-2956.0222888027793,1.5,0.0
161,13,80500.0,111845.03178230618,30032.50995703801,0.007224924883121538,1.499999861882338,52128.03187798672,-60645.8578691193,4379.238101971985,1.5,0.0
161,13,80500.0,121498.03178230618,26305.354764097632,0.007224924883121538,1.499999861882338,71146.44911909931,-29477.778178586148,11134.606735604075,1.5,0.0
161,13,80500.0,120612.03178230618,27315.447816488668,0.007224924883121538,1.499999861882338,70771.56363816709,-32951.07695543778,9330.605601565774,1.5,0.0
161,13,80500.0,17915.031782306178,29674.33886183941,0.007224924883121538,1.499999861882338,51544.656960822715,60917.13611828433,5038.155718480615,1.5,0.0
161,13,80500.0,89942.03178230618,25437.780608364592,0.007224924883121538,1.499999861882338,-26179.527964605764,-71303.51924541559,12662.920966254567,1.5,0.0
161,13,80500.0,35353.03178230618,25221.993874480904,0.007224924883121538,1.499999861882338,-10797.13003833259,74900.35146836561,13039.675622241306,1.5,0.0
161,13,80500.0,65640.03178230618,39139.6253282856,0.007224924883121538,1.499999861882338,-76177.66303315415,-3104.1194819745106,-12272.829290941238,1.5,0.0
162,13,81000.0,42336.05775795039,25858.294200234493,0.007173807726205659,1.499999887130651,-35655.61729360765,68202.44026896352,11998.844143551287,1.5,0.0
162,13,81000.0,22415.057757950388,27354.67327387984,0.007173807726205659,1.499999887130651,36575.07334213545,69559.16725356803,9317.586306576293,1.5,0.0
162,13,81000.0,82577.05775795039,25541.54631550428,0.007173807726205659,1.499999887130651,-49845.03702158222,-58115.60527449567,12558.77744661878,1.5,0.0
162,13,81000.0,109264.05775795039,34086.97412451655,0.007173807726205659,1.499999887130651,44570.6975810944,-67310.20436731924,-3143.2409422563705,1.5,0.0
162,13,81000.0,127174.0577579504,40282.775428755274,0.007173807726205659,1.499999887130651,74637.31573521743,-8819.020044151632,-14348.586722355343,1.5,0.0
162,13,81000.0,106948.05775795039,35186.14951005865,0.007173807726205659,1.499999887130651,36535.510476817064,-71464.48954519206,-5181.273089239132,1.5,0.0
162,13,81000.0,104275.05775795039,35814.33686735526,0.007173807726205659,1.499999887130651,26869.693655055486,-75238.8147796389,-6339.78823818566,1.5,0.0
162,13,81000.0,444.05775795040245,40250.277673001154,0.007173807726205659,1.499999887130651,75186.60284117381,1618.9069730649167,-14292.323330344201,1.5,0.0
162,13,81000.0,118661.0577579504,35283.7871775831,0.007173807726205659,1.499999887130651,69191.86355172083,-40571.82215350207,-5361.6809662745145,1.5,0.0
162,13,81000.0,74621.05775795039,24950.941476581218,0.007173807726205659,1.499999887130651,-67346.70752407107,-34731.52748574835,13594.813015296428,1.5,0.0
162,13,81000.0,121632.0577579504,38345.49073387688,0.007173807726205659,1.499999887130651,71935.68429727768,-29258.5800438963,-10937.311121619154,1.5,0.0
162,13,81000.0,59831.05775795039,30207.7883041365,0.007173807726205659,1.499999887130651,-78217.14491545975,19215.76212691357,4081.484023662171,1.5,0.0
162,13,81000.0,119959.0577579504,24370.690668538387,0.007173807726205659,1.499999887130651,66901.97092908807,-33765.889265787504,14601.836583824477,1.5,0.0
163,13,81500.0,70689.53278672963,25604.828136752432,0.007123362447706379,1.4999999078787223,-73994.90768470232,-21721.5023471078,12523.977107641616,1.5,0.0
163,13,81500.0,115600.53278672963,36077.57667657395,0.007123362447706379,1.4999999078787223,62432.42240956814,-50353.96556157301,-6865.6943098540105,1.5,0.0
163,13,81500.0,46919.53278672963,38298.00642602281,0.007123362447706379,1.4999999078787223,-50606.326964340464,59605.33954660292,-10919.352653771975,1.5,0.0
163,13,81500.0,62177.53278672963,26621.441195890355,0.007123362447706379,1.4999999078787223,-77690.4024935863,9931.189390482077,10704.09002695635,1.5,0.0
163,13,81500.0,102619.53278672963,28970.760798529594,0.007123362447706379,1.4999999078787223,20876.414030719592,-77617.75446138009,6406.507877610999,1.5,0.0
163,13,81500.0,79633.53278672963,27459.477375846203,0.007123362447706379,1.4999999078787223,-59567.2739496522,-52155.02583340538,9184.13704113749,1.5,0.0
163,13,81500.0,14532.53278672963,24735.063586208133,0.007123362447706379,1.4999999078787223,57856.46338594802,49184.27338818483,14057.006977962921,1.5,0.0
163,13,81500.0,86823.53278672963,33265.58819216913,0.007123362447706379,1.4999999078787223,-39257.645999608314,-71340.00800715097,-1624.0895103697226,1.5,0.0
163,13,81500.0,44882.53278672963,35638.73915622989,0.007123362447706379,1.4999999078787223,-45795.12897138775,66201.46659845712,-6053.632366057521,1.5,0.0
163,13,81500.0,88235.53278672963,34795.61519033814,0.007123362447706379,1.4999999078787223,-34084.906223229314,-73425.28961930219,-4486.073222383143,1.5,0.0
163,13,81500.0,3703.532786729629,30586.46746629641,0.007123362447706379,1.4999999078787223,79880.03590100653,14498.792033079788,3399.317877967345,1.5,0.0
163,13,81500.0,114180.53278672963,33291.16598422646,0.007123362447706379,1.4999999078787223,59712.41450628774,-55355.996923793056,-1672.051283322917,1.5,0.0
163,13,81500.0,118258.53278672963,25824.40876750684,0.007123362447706379,1.4999999078787223,65985.9789171477,-40442.716534992906,12133.320208850366,1.5,0.0
164,13,82000.0,53646.25689924654,31050.606469935905,0.007073576189509165,1.4999999249067297,-70150.1428819587,42121.501363938085,2546.3092482526326,1.5,0.0
164,13,82000.0,405.256899246524,24358.583165516044,0.007073576189509165,1.4999999249067297,75832.30255782533,1490.0999984870812,14803.255912335711,1.5,0.0
164,13,82000.0,54127.25689924654,25313.65207670778,0.007073576189509165,1.4999999249067297,-67101.12186393289,38190.82125167354,13119.8121441172,1.5,0.0
164,13,82000.0,101168.25689924654,26073.694676353207,0.007073576189509165,1.4999999249067297,14946.882046710974,-76731.03923480555,11759.856595424571,1.5,0.0
164,13,82000.0,50012.25689924654,25844.725941562334,0.007073576189509165,1.4999999249067297,-58718.29013445686,51181.85083053363,12171.318861061776,1.5,0.0
164,13,82000.0,79099.25689924654,29997.57873177427,0.007073576189509165,1.4999999249067297,-62644.99890715441,-52046.12233526563,4526.360509013291,1.5,0.0
164,13,82000.0,20545.25689924654,35660.58707517159,0.007073576189509165,1.4999999249067297,44020.369762312796,67967.48357810033,-6131.516677011612,1.5,0.0
164,13,82000.0,99994.25689924654,37108.51066692802,0.007073576189509165,1.4999999249067297,10787.251015326285,-79140.98159676266,-8814.293898253154,1.5,0.0
164,13,82000.0,85741.25689924654,33861.45504438292,0.007073576189509165,1.4999999249067297,-43138.15938573145,-69493.88359737708,-2757.4292539880194,1.5,0.0
164,13,82000.0,99209.25689924654,26672.26602782307,0.007073576189509165,1.4999999249067297,7669.605054920508,-78484.8697328242,10677.493263996255,1.5,0.0
164,13,82000.0,76518.25689924654,36416.005954800436,0.007073576189509165,1.4999999249067297,-67813.10211073226,-43286.14169733062,-7535.798980624426,1.5,0.0
164,13,82000.0,64569.25689924654,30047.791090029103,0.007073576189509165,1.4999999249067297,-81462.28595144808,911.3355271698074,4432.171135365308,1.5,0.0
164,13,82000.0,48448.25689924654,24510.4922484831,0.007073576189509165,1.4999999249067297,-53395.53663277477,54187.004805958924,14537.524433053242,1.5,0.0
165,13,82500.0,99943.03513691179,26551.8822718987,0.00702443641569649,1.499999938863691,10502.305843694612,-78506.8580299888,10962.36673973949,1.5,0.0
165,13,82500.0,85645.03513691179,37386.90933724177,0.00702443641569649,1.499999938863691,-42561.88853528849,-67857.02863267282,-9382.414514756618,1.5,0.0
165,13,82500.0,16008.035136911785,35270.250578945845,0.00702443641569649,1.499999938863691,58307.577462593945,57232.24968913739,-5435.503220258316,1.5,0.0
165,13,82500.0,118961.0351369118,27456.37052099855,0.00702443641569649,1.499999938863691,69715.53473848425,-39527.81341418102,9302.559609893471,1.5,0.0
165,13,82500.0,22489.035136911785,34799.12167056056,0.00702443641569649,1.499999938863691,37875.50194216089,72663.82528279022,-4547.733850075605,1.5,0.0
165,13,82500.0,87959.03513691179,32132.888584259632,0.00702443641569649,1.499999938863691,-35734.101657540064,-74351.7493424507,507.4610983356276,1.5,0.0
165,13,82500.0,15186.035136911785,31417.471002070844,0.00702443641569649,1.499999938863691,61063.05981875704,55336.432920820705,1865.9653333518024,1.5,0.0
165,13,82500.0,49523.035136911785,26116.3952482527,0.00702443641569649,1.499999938863691,-58084.05895248436,53105.02279408032,11754.19825099791,1.5,0.0
165,13,82500.0,84862.03513691179,32696.52926869168,0.00702443641569649,1.499999938863691,-46452.9351692943,-68168.674912441,-563.3457878647005,1.5,0.0
165,13,82500.0,113612.0351369118,25918.895305352293,0.00702443641569649,1.499999938863691,56047.54267036101,-54906.91798417088,12111.600043391003,1.5,0.0
165,13,82500.0,78130.03513691179,26960.904873519117,0.00702443641569649,1.499999938863691,-63586.60569560979,-47964.46482059148,10214.198063870017,1.5,0.0
165,13,82500.0,17058.035136911785,26447.250291251155,0.00702443641569649,1.499999938863691,53549.68751194219,58201.05850949326,11153.074905500567,1.5,0.0
165,13,82500.0,69787.03513691179,39756.554120934125,0.00702443641569649,1.499999938863691,-75059.63891847529,-18509.88007847119,-13682.02041223151,1.5,0.0
166,13,83000.0,10209.677397078078,26160.321725797574,0.006975930902589897,1.4999999502887658,69721.7264578264,37635.85316180108,11745.314745007732,1.5,0.0
166,13,83000.0,15807.677397078078,33310.73893413163,0.006975930902589897,1.4999999502887658,59737.202489172036,57506.911034026314,-1740.2008020372111,1.5,0.0
166,13,83000.0,10337.677397078078,29897.699266998283,0.006975930902589897,1.4999999502887658,72257.16172114825,39585.494446472745,4771.119448907921,1.5,0.0
166,13,83000.0,24923.677397078078,37290.890702550125,0.006975930902589897,1.4999999502887658,28606.473403274707,75435.69455910838,-9260.985888773921,1.5,0.0
166,13,83000.0,71854.67739707808,38546.65922436887,0.006975930902589897,1.4999999502887658,-74746.30089856846,-26610.560075795256,-11575.474566298637,1.5,0.0
166,13,83000.0,20630.677397078078,31955.690876694563,0.006975930902589897,1.4999999502887658,44820.479604071515,69835.00977391834,849.1770133659536,1.5,0.0
166,13,83000.0,64109.67739707808,40036.01619018523,0.006975930902589897,1.4999999502887658,-77333.69915906215,2589.1543266865715,-14264.205871534785,1.5,0.0
166,13,83000.0,95302.67739707808,33258.810702779374,0.006975930902589897,1.4999999502887658,-7617.36862980438,-82577.47841714455,-1641.0376484125443,1.5,0.0
166,13,83000.0,101514.67739707808,28688.910372858263,0.006975930902589897,1.4999999502887658,16957.50510827187,-79880.14072151428,7055.0877894117175,1.5,0.0
166,13,83000.0,51849.67739707808,32221.403348577245,0.006975930902589897,1.4999999502887658,-67168.7743688332,48752.83872601865,341.36144635836115,1.5,0.0
166,13,83000.0,71324.67739707808,24904.426736927428,0.006975930902589897,1.4999999502887658,-73730.58319119891,-24133.20552567256,14013.623507922439,1.5,0.0
166,13,83000.0,98012.67739707808,37324.818796261694,0.006975930902589897,1.4999999502887658,3176.5841619200723,-80582.82959711572,-9324.00820676864,1.5,0.0
166,13,83000.0,80844.67739707808,25943.24782384162,0.006975930902589897,1.4999999502887658,-56256.66754632921,-55415.73032166294,12140.727163301544,1.5,0.0
167,13,83500.0,17014.99828385524,32028.7424332075,0.006928047729157359,1.4999999596292326,56655.82374992015,61319.728492227885,713.8497785082325,1.5,0.0
167,13,83500.0,83099.99828385524,29786.869261416155,0.006928047729157359,1.4999999596292326,-52314.15360347606,-64219.72361781135,5011.338646954841,1.5,0.0
167,13,83500.0,18157.99828385524,27994.886408893944,0.006928047729157359,1.4999999596292326,51973.021599520434,62911.47243684786,8406.314835438412,1.5,0.0
167,13,83500.0,13638.998283855239,27358.21814539138,0.006928047729157359,1.4999999596292326,63942.03958085029,49752.622423685985,9598.551972199832,1.5,0.0
167,13,83500.0,51409.99828385524,36667.262958467785,0.006928047729157359,1.4999999596292326,-65096.76884110721,49401.197606661466,-8147.079185616039,1.5,0.0
167,13,83500.0,3405.9982838552387,39714.98352903458,0.006928047729157359,1.4999999596292326,77238.77759380903,12871.44500422682,-13772.929412221758,1.5,0.0
167,13,83500.0,113313.99828385524,26570.911823693976,0.006928047729157359,1.4999999596292326,56464.43729291067,-56937.26626520689,11060.108159338177,1.5,0.0
167,13,83500.0,108320.99828385524,39846.835750620856,0.006928047729157359,1.4999999596292326,40106.52837602829,-67035.26250933098,-14010.406733500171,1.5,0.0
167,13,83500.0,118023.99828385524,33935.15255629668,0.006928047729157359,1.4999999596292326,70495.91965170481,-44317.32585383679,-2949.208554283429,1.5,0.0
167,13,83500.0,128289.99828385524,34694.89856688477,0.006928047729157359,1.4999999596292326,82816.41461116723,-5266.809744929419,-4403.7442175938395,1.5,0.0
167,13,83500.0,68360.99828385524,35800.807325909824,0.006928047729157359,1.4999999596292326,-81143.18597329065,-14149.585074572324,-6509.7987239401955,1.5,0.0
167,13,83500.0,16758.99828385524,35706.72602374421,0.006928047729157359,1.4999999596292326,56685.481863004774,59844.329865508495,-6331.276754690988,1.5,0.0
167,13,83500.0,117046.99828385524,37580.93995260815,0.006928047729157359,1.4999999596292326,66358.36312519031,-46239.65230668461,-9857.963554065154,1.5,0.0
168,13,84000.0,683.8169643662259,25826.523804026823,0.0068807752677704625,1.4999999672556332,79726.45917038672,2644.090787994187,12501.622137236925,1.5,0.0
168,13,84000.0,40066.81696436624,27389.779948628035,0.0068807752677704625,1.4999999672556332,-29613.00353513605,75966.30019238988,9596.778456277076,1.5,0.0
168,13,84000.0,31373.81696436624,34647.44078893757,0.0068807752677704625,1.4999999672556332,4152.567581828983,83398.54839973956,-4338.8672475414605,1.5,0.0
168,13,84000.0,46532.81696436624,34481.32140931967,0.0068807752677704625,1.4999999672556332,-52885.74568589488,64710.880463427704,-4019.293170314635,1.5,0.0
168,13,84000.0,125422.81696436623,31121.089590530537,0.0068807752677704625,1.4999999672556332,82125.23716258335,-16862.79900063429,2472.347949078363,1.5,0.0
168,13,84000.0,19376.81696436624,25760.78601912976,0.0068807752677704625,1.4999999672556332,47035.51561711055,64323.55614979072,12622.31889481046,1.5,0.0
168,13,84000.0,101065.81696436624,31320.657446642414,0.0068807752677704625,1.4999999672556332,15629.85908423229,-82416.0436652462,2086.934677184571,1.5,0.0
168,13,84000.0,120650.81696436623,30014.466924104352,0.0068807752677704625,1.4999999672556332,75707.91800403882,-35076.3648979587,4604.310558314758,1.5,0.0
168,13,84000.0,59744.81696436624,35971.43827626639,0.0068807752677704625,1.4999999672556332,-80271.36384998905,20076.67079205603,-6874.145214550476,1.5,0.0
168,13,84000.0,63546.81696436624,33680.23105282464,0.0068807752677704625,1.4999999672556332,-83683.5647033586,5090.54611632956,-2474.8976962640004,1.5,0.0
168,13,84000.0,38906.81696436624,32263.365430859383,0.0068807752677704625,1.4999999672556332,-26060.698979774654,79853.17997969862,264.30488404149776,1.5,0.0
168,13,84000.0,111364.81696436623,32189.10973334092,0.0068807752677704625,1.4999999672556332,53254.18923535086,-64955.78306655395,407.94042348805596,1.5,0.0
168,13,84000.0,111461.81696436623,39954.00957361879,0.0068807752677704625,1.4999999672556332,50009.882111433384,-60416.8635160855,-14288.062673182627,1.5,0.0
169,13,84500.0,12405.957030213496,28446.21312646805,0.0068341021752966495,1.4999999734745157,68395.17639432562,46938.174283027016,7646.727733382873,1.5,0.0
169,13,84500.0,24647.957030213496,40490.42459128027,0.0068341021752966495,1.4999999734745157,28659.862994472478,72632.91000764999,-15342.740275635908,1.5,0.0
169,13,84500.0,74698.9570302135,35942.772678373294,0.0068341021752966495,1.4999999734745157,-73851.4900020949,-38439.90623259898,-6860.109144745531,1.5,0.0
169,13,84500.0,100671.9570302135,25067.293127448465,0.0068341021752966495,1.4999999734745157,13271.248013576022,-78096.85503456683,13970.211455324443,1.5,0.0
169,13,84500.0,41091.957030213496,25302.54472781434,0.0068341021752966495,1.4999999734745157,-32537.515735523804,72587.81907643477,13540.154933417685,1.5,0.0
169,13,84500.0,88375.9570302135,24713.125336155204,0.0068341021752966495,1.4999999734745157,-32650.30655971065,-71607.36070314705,14614.210156977013,1.5,0.0
169,13,84500.0,38790.957030213496,34013.82617210848,0.0068341021752966495,1.4999999734745157,-25685.946974632316,80230.05461213122,-3137.1751288777828,1.5,0.0
169,13,84500.0,123427.9570302135,25459.34490100362,0.0068341021752966495,1.4999999734745157,76216.85731250703,-23512.27323393297,13252.531489620762,1.5,0.0
169,13,84500.0,109714.9570302135,39420.89138088787,0.0068341021752966495,1.4999999734745157,45417.1015642452,-65434.898275549844,-13399.80812700869,1.5,0.0
169,13,84500.0,123859.9570302135,39477.88594836738,0.0068341021752966495,1.4999999734745157,76512.36782422426,-21859.474643136662,-13504.300706548605,1.5,0.0
169,13,84500.0,98832.9570302135,33146.075881318895,0.0068341021752966495,1.4999999734745157,6678.338294571707,-84180.2358117289,-1451.4881367636258,1.5,0.0
169,13,84500.0,38257.957030213496,34289.5506886144,0.0068341021752966495,1.4999999734745157,-23577.566134663357,80774.96297243219,-3671.775633429013,1.5,0.0
169,13,84500.0,18047.957030213496,29028.68930470905,0.0068341021752966495,1.4999999734745157,53443.02051565015,63992.482278985146,6531.133880084211,1.5,0.0
170,13,85000.0,38888.24636393844,35764.43074329724,0.006788017384512502,1.4999999785391371,-25949.68968468329,79756.422482794,-6556.491675173382,1.5,0.0
170,13,85000.0,113857.24636393842,37281.85268903541,0.006788017384512502,1.4999999785391371,59709.27499005254,-57119.00952598275,-9466.944758670525,1.5,0.0
170,13,85000.0,908.2463639384223,34089.77832154252,0.006788017384512502,1.4999999785391371,84632.81363261575,3729.0493143609406,-3303.933150607185,1.5,0.0
170,13,85000.0,71541.24636393844,38019.362090445386,0.006788017384512502,1.4999999785391371,-77531.68210015912,-26281.769986193252,-10863.976429296288,1.5,0.0
170,13,85000.0,88466.24636393844,30885.335701027187,0.006788017384512502,1.4999999785391371,-34831.08229132244,-77284.57516694545,2962.193418361333,1.5,0.0
170,13,85000.0,118758.24636393842,38050.10777797972,0.006788017384512502,1.4999999785391371,70784.67607595264,-41058.82564199429,-10921.927417076247,1.5,0.0
170,13,85000.0,118126.24636393842,32504.867630073742,0.006788017384512502,1.4999999785391371,72183.96461188063,-44880.82553018305,-205.27071330285054,1.5,0.0
170,13,85000.0,116655.24636393842,27913.185273572384,0.006788017384512502,1.4999999785391371,67181.94712565158,-48734.710949947985,8713.550231618232,1.5,0.0
170,13,85000.0,78555.24636393844,39595.15947589955,0.006788017384512502,1.4999999785391371,-62767.017630145936,-49408.770562270794,-13800.159525557943,1.5,0.0
170,13,85000.0,16301.246363938437,28754.528156161286,0.006788017384512502,1.4999999785391371,58876.667444135855,59457.522847348635,7098.684132822035,1.5,0.0
170,13,85000.0,18315.246363938437,24724.46404384225,0.006788017384512502,1.4999999785391371,49964.54096503316,61428.07117673596,14680.011196777155,1.5,0.0
170,13,85000.0,107182.24636393842,28231.319495871438,0.006788017384512502,1.4999999785391371,38743.996263334964,-73707.45105629286,8104.485878787738,1.5,0.0
170,13,85000.0,102015.24636393844,30240.33849237033,0.006788017384512502,1.4999999785391371,19555.794210226308,-82241.43584528325,4219.677823362391,1.5,0.0
171,13,85500.0,31510.517010265758,37612.72356184585,0.006742510095824701,1.4999999826584398,3568.8245747287465,82707.20829108545,-10154.68681909433,1.5,0.0
171,13,85500.0,129139.51701026576,26853.14451527335,0.006742510095824701,1.4999999826584398,82406.47312934611,-1840.0174647511462,10790.31829474811,1.5,0.0
171,13,85500.0,20793.517010265758,25976.86634662295,0.006742510095824701,1.4999999826584398,43418.00877262507,68839.38552624115,12443.418368212824,1.5,0.0
171,13,85500.0,18533.517010265758,32448.523102449148,0.006742510095824701,1.4999999826584398,53245.882505796566,66896.08015880096,-95.53945443379659,1.5,0.0
171,13,85500.0,43255.51701026576,35184.57888940097,0.006742510095824701,1.4999999826584398,-42558.35937131197,73257.17552972141,-5466.056889652349,1.5,0.0
171,13,85500.0,48190.51701026576,37187.508257670415,0.006742510095824701,1.4999999826584398,-57656.86456597148,59992.787104562936,-9341.952821063995,1.5,0.0
171,13,85500.0,89712.51701026576,33851.92261706613,0.006742510095824701,1.4999999826584398,-30284.458110718857,-79730.41876487291,-2856.4021995181515,1.5,0.0
171,13,85500.0,79817.51701026576,36836.36613336781,0.006742510095824701,1.4999999826584398,-62351.82413953441,-55583.3722731388,-8667.790339233039,1.5,0.0
171,13,85500.0,13146.517010265758,30661.902948686966,0.006742510095824701,1.4999999826584398,68469.87816470535,50698.530936821495,3418.1769088022343,1.5,0.0
171,13,85500.0,92244.51701026576,24832.456258316797,0.006742510095824701,1.4999999826584398,-18990.29749622096,-77517.6826766268,14568.084263933384,1.5,0.0
171,13,85500.0,42750.51701026576,26180.808788005215,0.006742510095824701,1.4999999826584398,-39271.111707625445,71577.52982202121,12060.576698858384,1.5,0.0
171,13,85500.0,129182.51701026576,24927.30613990974,0.006742510095824701,1.4999999826584398,79933.72780320325,-1618.0913251601303,14393.60486883293,1.5,0.0
171,13,85500.0,19341.517010265758,29628.887137719183,0.006742510095824701,1.4999999826584398,50129.501593955036,68309.0825963042,5439.78304026388,1.5,0.0
172,13,86000.0,501.6050519339915,29908.674176849683,0.006697569769285879,1.4999999860045687,85348.21329451494,2075.9497017750855,4921.993055206917,1.5,0.0
172,13,86000.0,38775.60505193399,33779.39471058911,0.006697569769285879,1.4999999860045687,-26102.68426084022,81741.19117328583,-2729.805644214955,1.5,0.0
172,13,86000.0,13384.605051933991,33962.20597983163,0.006697569769285879,1.4999999860045687,68323.78002391296,51821.97416915515,-3090.9355294619427,1.5,0.0
172,13,86000.0,20738.60505193399,29398.138600921557,0.006697569769285879,1.4999999860045687,45584.88644613317,71850.34351352755,5924.114000636314,1.5,0.0
172,13,86000.0,47773.60505193399,29651.14974956189,0.006697569769285879,1.4999999860045687,-57809.46437993549,62637.73597489178,5427.898445092786,1.5,0.0
172,13,86000.0,47213.60505193399,35543.529213615584,0.006697569769285879,1.4999999860045687,-55933.644772645064,64007.57513880428,-6201.574074564148,1.5,0.0
172,13,86000.0,95727.60505193399,34788.055330592324,0.006697569769285879,1.4999999860045687,-6092.724557976096,-85206.71304592214,-4718.898763720906,1.5,0.0
172,13,86000.0,36846.60505193399,26487.82303581235,0.006697569769285879,1.4999999860045687,-17645.86025010482,80581.94370207934,11549.183029796492,1.5,0.0
172,13,86000.0,47684.60505193399,31444.878450741373,0.006697569769285879,1.4999999860045687,-57991.18937264277,63381.18585394827,1890.9078366230488,1.5,0.0
172,13,86000.0,62421.60505193399,38761.83847511157,0.006697569769285879,1.4999999860045687,-81397.61721241484,9427.603403851712,-12400.577292837745,1.5,0.0
172,13,86000.0,126740.60505193399,24888.1519528925,0.006697569769285879,1.4999999860045687,79588.72347940205,-11104.400563949173,14550.261858938486,1.5,0.0
172,13,86000.0,60998.60505193399,38153.65593304426,0.006697569769285879,1.4999999860045687,-81275.70749815597,15150.778426851075,-11247.708088846399,1.5,0.0
172,13,86000.0,86263.60505193399,26943.486144439128,0.006697569769285879,1.4999999860045687,-41978.61424668854,-71611.29674672439,10680.828227298873,1.5,0.0
173,13,86500.0,15091.350489924283,28945.25119586333,0.006653186116893279,1.4999999887191575,63461.68142390057,56981.74511166786,6849.653472975136,1.5,0.0
173,13,86500.0,21017.350489924283,38333.66752933875,0.006653186116893279,1.4999999887191575,43485.0170953503,70632.85507873476,-11657.385332858345,1.5,0.0
173,13,86500.0,39609.35048992428,39242.71109872921,0.006653186116893279,1.4999999887191575,-28006.493055136743,76838.8085737043,-13381.887767342021,1.5,0.0
173,13,86500.0,67928.35048992428,33320.68514520665,0.006653186116893279,1.4999999887191575,-85421.86779753216,-13055.915146167741,-1833.375826652249,1.5,0.0
173,13,86500.0,28864.350489924283,27583.380163457023,0.006653186116893279,1.4999999887191575,14354.26975890801,82919.00429001507,9507.640555048773,1.5,0.0
173,13,86500.0,53148.35048992428,35401.00840011267,0.006653186116893279,1.4999999887191575,-72290.17092292011,45816.04275080829,-5956.87531404044,1.5,0.0
173,13,86500.0,104782.35048992428,33193.444677777254,0.006653186116893279,1.4999999887191575,31063.316924202896,-80661.35430082386,-1580.1347606482711,1.5,0.0
173,13,86500.0,59216.35048992428,39601.38058681254,0.006653186116893279,1.4999999887191575,-78321.41802363626,21735.375715948157,-14055.336971840597,1.5,0.0
173,13,86500.0,92505.35048992428,31416.207401329968,0.006653186116893279,1.4999999887191575,-19495.92506758531,-84173.33694756962,1958.950514329555,1.5,0.0
173,13,86500.0,42066.35048992428,28649.921091765114,0.006653186116893279,1.4999999887191575,-38425.6450707868,75901.98184343937,7428.99023878301,1.5,0.0
173,13,86500.0,32828.35048992428,26540.249424204536,0.006653186116893279,1.4999999887191575,-1724.2209568681906,83014.95670184688,11516.120409862775,1.5,0.0
173,13,86500.0,12376.350489924283,35617.86381272421,0.006653186116893279,1.4999999887191575,70523.44641528522,48250.00509540422,-6383.945519789838,1.5,0.0
173,13,86500.0,97543.35048992428,40080.57582748543,0.006653186116893279,1.4999999887191575,1341.1497294794162,-80560.95617841948,-14948.421867554283,1.5,0.0
174,13,87000.0,57361.597127906454,25415.004128123182,0.006609349095158595,1.4999999909185766,-76780.68334092492,28955.17559499615,13728.440789437804,1.5,0.0
174,13,87000.0,106461.59712790647,37817.648584848735,0.006609349095158595,1.4999999909185766,36469.630226752095,-75688.15159614716,-10729.847177211423,1.5,0.0
174,13,87000.0,5221.597127906454,32779.46633508726,0.006609349095158595,1.4999999909185766,84212.9047821755,21785.894953889347,-760.2150912181118,1.5,0.0
174,13,87000.0,69149.59712790645,38996.59744805312,0.006609349095158595,1.4999999909185766,-80759.14132140504,-17287.040061454893,-12992.09098290232,1.5,0.0
174,13,87000.0,85057.59712790645,38523.45227208181,0.006609349095158595,1.4999999909185766,-46194.770745850976,-69190.51431286875,-12088.874988067839,1.5,0.0
174,13,87000.0,93318.59712790645,37462.625858612686,0.006609349095158595,1.4999999909185766,-15787.079816631249,-82902.81879595666,-10041.400601476462,1.5,0.0
174,13,87000.0,83499.59712790645,32657.562119159626,0.006609349095158595,1.4999999909185766,-53626.15477770253,-68498.57950581546,-516.0103770502733,1.5,0.0
174,13,87000.0,112479.59712790647,28377.7123963408,0.006609349095158595,1.4999999909185766,57600.057484221856,-62984.39831864012,8007.6456032058895,1.5,0.0
174,13,87000.0,67755.59712790645,32496.803163360346,0.006609349095158595,1.4999999909185766,-86107.418482803,-12423.597356183902,-193.94370470814667,1.5,0.0
174,13,87000.0,117066.59712790647,25933.144320388838,0.006609349095158595,1.4999999909185766,67945.13984434686,-47249.50170225141,12745.079143297924,1.5,0.0
174,13,87000.0,112709.59712790647,34973.3076052695,0.006609349095158595,1.4999999909185766,58963.23701354093,-63048.70708550609,-5142.239021399565,1.5,0.0
174,13,87000.0,62865.597127906454,26470.430951509923,0.006609349095158595,1.4999999909185766,-83063.18167208352,7812.7909944101475,11716.894963758854,1.5,0.0
174,13,87000.0,35158.597127906454,32581.001992511716,0.006609349095158595,1.4999999909185766,-11600.32706295571,86219.77487488835,-362.63148955126104,1.5,0.0
175,13,87500.0,56491.192460731516,38074.595699517224,0.006566048897937983,1.4999999926983092,-77469.26029981043,33011.51626244187,-11290.656165971965,1.5,0.0
175,13,87500.0,42291.192460731516,38244.43665826459,0.006566048897937983,1.4999999926983092,-38760.122677809,74535.19195247874,-11619.630711486941,1.5,0.0
175,13,87500.0,109162.19246073152,29844.75900346597,0.006566048897937983,1.4999999926983092,47580.50605936359,-72632.27604765087,5135.668731500311,1.5,0.0
175,13,87500.0,33831.192460731516,34975.86586871922,0.006566048897937983,1.4999999926983092,-6019.176634671718,86609.68035569708,-5176.906926413222,1.5,0.0
175,13,87500.0,11331.192460731516,30822.331113595883,0.006566048897937983,1.4999999926983092,74407.34337022497,45553.186846149234,3175.9148350013866,1.5,0.0
175,13,87500.0,52524.192460731516,26797.89229147203,0.006566048897937983,1.4999999926983092,-69799.76114259349,47257.04125415685,11150.01570119667,1.5,0.0
175,13,87500.0,2592.192460731516,32864.33118072239,0.006566048897937983,1.4999999926983092,86787.93890463546,10964.689100449998,-935.5514985657564,1.5,0.0
175,13,87500.0,28897.192460731516,25699.026726925866,0.006566048897937983,1.4999999926983092,14014.471155609388,81730.16115330877,13266.243735885833,1.5,0.0
175,13,87500.0,52871.192460731516,38531.248917415,0.006566048897937983,1.4999999926983092,-70057.42865170325,45731.87495945375,-12173.373456039584,1.5,0.0
175,13,87500.0,110415.19246073152,39273.49410243566,0.006566048897937983,1.4999999926983092,49425.79664427827,-66288.37885135876,-13595.222473328447,1.5,0.0
175,13,87500.0,74482.19246073152,37610.13281958474,0.006566048897937983,1.4999999926983092,-75559.4679773085,-38325.180679905396,-10387.168650681695,1.5,0.0
175,13,87500.0,65274.192460731516,33412.95555624685,0.006566048897937983,1.4999999926983092,-87371.41384454032,-2008.9789915787292,-2040.2920679667607,1.5,0.0
175,13,87500.0,109541.19246073152,33333.09717623237,0.006566048897937983,1.4999999926983092,49234.2492234282,-72225.90374083347,-1879.5559971249052,1.5,0.0
176,13,88000.0,88663.9875668062,33959.078434676514,0.006523275949511714,1.4999999941365925,-35286.03837382411,-80341.37187387446,-3156.4978287643066,1.5,0.0
176,13,88000.0,99454.9875668062,28577.345976864948,0.006523275949511714,1.4999999941365925,9437.021561024156,-85976.71909388587,7702.420498816213,1.5,0.0
176,13,88000.0,29918.9875668062,27343.308480721433,0.006523275949511714,1.4999999941365925,10243.65846924468,84751.9560018098,10145.152914378199,1.5,0.0
176,13,88000.0,3977.9875668062014,24954.99728856666,0.006523275949511714,1.4999999941365925,80803.26504737067,15779.703946084295,14761.982943840936,1.5,0.0
176,13,88000.0,68726.9875668062,30202.657538904903,0.006523275949511714,1.4999999941365925,-85920.09979310236,-16558.509947085975,4444.54331372974,1.5,0.0
176,13,88000.0,111291.98756680619,38539.29573266061,0.006523275949511714,1.4999999941365925,53109.79506516447,-65248.1917352396,-12258.5265440865,1.5,0.0
176,13,88000.0,121030.98756680619,29754.067083077432,0.006523275949511714,1.4999999941365925,79853.16624791281,-35224.12482818144,5347.345519243308,1.5,0.0
176,13,88000.0,44676.9875668062,35301.002203937416,0.006523275949511714,1.4999999941365925,-48852.53240748248,72147.44784391187,-5859.579829038148,1.5,0.0
176,13,88000.0,100179.9875668062,36556.0608071109,0.006523275949511714,1.4999999941365925,12413.203967295234,-85321.43214329286,-8365.471329143715,1.5,0.0
176,13,88000.0,14459.987566806201,29615.233108881235,0.006523275949511714,1.4999999941365925,66635.17490640585,56244.60105123998,5626.260589639933,1.5,0.0
176,13,88000.0,29303.9875668062,37610.57990719507,0.006523275949511714,1.4999999941365925,12741.515688529,84249.00287892306,-10447.401168254093,1.5,0.0
176,13,88000.0,13624.987566806201,35508.450486604575,0.006523275949511714,1.4999999941365925,68701.60221868087,53381.10823010794,-6275.52372801342,1.5,0.0
176,13,88000.0,28938.9875668062,33359.724104955414,0.006523275949511714,1.4999999941365925,14680.828868665403,86670.18052175727,-1944.1995563891214,1.5,0.0
177,13,88500.0,101710.83700419357,24631.176326912566,0.006481020897903393,1.4999999952974452,17854.443901835268,-80336.42253815656,15461.436453300668,1.5,0.0
177,13,88500.0,54123.83700419357,37127.926094615395,0.006481020897903393,1.4999999952974452,-74895.99764049669,42643.74207155139,-9551.52604483487,1.5,0.0
177,13,88500.0,100920.83700419357,31608.561052980705,0.006481020897903393,1.4999999952974452,15866.496871387408,-86999.8783041921,1612.5849264238975,1.5,0.0
177,13,88500.0,104686.83700419357,37090.84290481062,0.006481020897903393,1.4999999952974452,30613.229859338455,-80603.5865475864,-9477.910521230431,1.5,0.0
177,13,88500.0,105339.83700419357,24408.795703446838,0.006481020897903393,1.4999999952974452,31503.55211745131,-75642.75852067163,15881.980660801302,1.5,0.0
177,13,88500.0,121395.83700419357,28968.82867944914,0.006481020897903393,1.4999999952974452,80464.98680466606,-33806.753960643335,6960.6430415674995,1.5,0.0
177,13,88500.0,99608.83700419357,36471.445167819096,0.006481020897903393,1.4999999952974452,10111.644663994583,-86190.38994894197,-8243.971214850628,1.5,0.0
177,13,88500.0,53404.83700419357,37146.936775345755,0.006481020897903393,1.4999999952974452,-73348.51328906752,45218.29549565067,-9589.25305488156,1.5,0.0
177,13,88500.0,72575.83700419357,34339.37653967691,0.006481020897903393,1.4999999952974452,-81922.02430530726,-32434.475112184467,-3946.697177784767,1.5,0.0
177,13,88500.0,9499.83700419357,29180.350269029474,0.006481020897903393,1.4999999952974452,78314.5797810257,38855.996051561444,6535.146702665718,1.5,0.0
177,13,88500.0,92700.83700419357,29327.87397886338,0.006481020897903393,1.4999999952974452,-18939.370666848976,-85446.3890160301,6237.97887468939,1.5,0.0
177,13,88500.0,126571.83700419357,39961.57621100093,0.006481020897903393,1.4999999952974452,81730.69243104543,-12085.794349367314,-15067.891696716104,1.5,0.0
177,13,88500.0,88130.83700419357,31415.237303594113,0.006481020897903393,1.4999999952974452,-37627.52887561421,-79991.12521902194,2006.21900115984,1.5,0.0
178,13,89000.0,35768.59871029074,39400.18620900886,0.006439274608429188,1.4999999962331807,-13645.075386791148,82806.89136283082,-14073.398448055354,1.5,0.0
178,13,89000.0,28490.59871029074,33441.59853443606,0.006439274608429188,1.4999999962331807,16746.2608339699,87294.79299481586,-2133.900913051902,1.5,0.0
178,13,89000.0,73385.59871029074,31462.806630924824,0.006439274608429188,1.4999999962331807,-81316.72717553267,-35947.857805350664,1920.1636768242681,1.5,0.0
178,13,89000.0,42125.59871029074,35724.88895242778,0.006439274608429188,1.4999999962331807,-39902.59281570541,78260.72610982596,-6785.052642071577,1.5,0.0
178,13,89000.0,31212.59871029074,37880.842178993684,0.006439274608429188,1.4999999962331807,4940.906137111948,85734.20145529007,-11101.535037283942,1.5,0.0
178,13,89000.0,23614.59871029074,33420.312321475314,0.006439274608429188,1.4999999962331807,36726.82121238762,80949.20952120422,-2090.328244186839,1.5,0.0
178,13,89000.0,19148.59871029074,35639.69255352063,0.006439274608429188,1.4999999962331807,52668.45802648148,70379.18260813382,-6612.644658220773,1.5,0.0
178,13,89000.0,42169.59871029074,36445.61548168422,0.006439274608429188,1.4999999962331807,-39817.36948535735,77683.6275355083,-8238.629580055427,1.5,0.0
178,13,89000.0,59836.59871029074,35257.579182820045,0.006439274608429188,1.4999999962331807,-85607.52122171447,21006.98725644967,-5838.034017574903,1.5,0.0
178,13,89000.0,26573.59871029074,36387.36360281482,0.006439274608429188,1.4999999962331807,24344.93367903588,83880.7874307883,-8121.495851500935,1.5,0.0
178,13,89000.0,75086.59871029074,27680.054387407174,0.006439274608429188,1.4999999962331807,-76122.46912654421,-41458.31929114797,9589.560153487027,1.5,0.0
178,13,89000.0,77685.59871029074,32373.66766175312,0.006439274608429188,1.4999999962331807,-72190.68142818077,-52052.78672142775,53.96942504893821,1.5,0.0
178,13,89000.0,26151.59871029074,33829.95058460241,0.006439274608429188,1.4999999962331807,26486.620604908032,84743.44132738268,-2928.4079814988486,1.5,0.0
179,13,89500.0,87715.13390494091,36584.45260411092,0.0063980281574679086,1.4999999969864888,-38905.90935781953,-78558.33992687907,-8565.389955984754,1.5,0.0
179,13,89500.0,98551.13390494091,30651.08788216207,0.0063980281574679086,1.4999999969864888,5837.4430674755995,-88987.2134666362,3600.3025416110927,1.5,0.0
179,13,89500.0,99823.13390494091,38138.08060845887,0.0063980281574679086,1.4999999969864888,10914.926105846935,-85364.10956768916,-11674.599325278905,1.5,0.0
179,13,89500.0,93913.13390494091,31007.246830544267,0.0063980281574679086,1.4999999969864888,-14169.337911775083,-88164.69934540946,2868.372862150293,1.5,0.0
179,13,89500.0,80834.13390494091,33542.24827771858,0.0063980281574679086,1.4999999969864888,-63695.122977325045,-62678.875280278495,-2353.0438854318404,1.5,0.0
179,13,89500.0,38508.133904940914,24310.405319937956,0.0063980281574679086,1.4999999969864888,-24134.947798364232,79104.59048809088,16249.013835229445,1.5,0.0
179,13,89500.0,48961.133904940914,34746.94445778137,0.0063980281574679086,1.4999999969864888,-63968.00056338913,61766.38456526318,-4826.77233020273,1.5,0.0
179,13,89500.0,17749.133904940914,35934.44783247258,0.0063980281574679086,1.4999999969864888,57504.38743014991,66862.45264057933,-7249.126471840647,1.5,0.0
179,13,89500.0,116238.13390494091,33487.171720918435,0.0063980281574679086,1.4999999969864888,71269.29409338455,-53932.412684646326,-2239.6933295661374,1.5,0.0
179,13,89500.0,43965.133904940914,32344.252836106578,0.0063980281574679086,1.4999999969864888,-47593.568161983254,75796.0669047931,114.89834199798268,1.5,0.0
179,13,89500.0,75701.13390494091,37420.97087412968,0.0063980281574679086,1.4999999969864888,-75010.33513802,-43799.01181943392,-10246.644997767664,1.5,0.0
179,13,89500.0,129453.13390494091,35338.23801807692,0.0063980281574679086,1.4999999969864888,88591.22418935559,-630.8040267957766,-6035.436872637267,1.5,0.0
179,13,89500.0,62832.133904940914,28804.799443464373,0.0063980281574679086,1.4999999969864888,-87743.06533479298,8396.60416054094,7372.476289873422,1.5,0.0
180,13,90000.0,36542.30699684413,27089.164751663375,0.006357272826443168,1.4999999975921579,-17361.16943369792,85284.0479652876,10885.907366549878,1.5,0.0
180,13,90000.0,93563.30699684413,33102.29296226487,0.006357272826443168,1.4999999975921579,-15776.83301565214,-88553.4022088492,-1455.2760720695403,1.5,0.0
180,13,90000.0,47374.30699684413,36699.0996627881,0.006357272826443168,1.4999999975921579,-58454.758519438285,65850.06468236604,-8845.8492464852,1.5,0.0
180,13,90000.0,60929.30699684413,32737.8859710302,0.006357272826443168,1.4999999975921579,-88408.10856558927,16787.881255620152,-700.2638763222193,1.5,0.0
180,13,90000.0,114955.30699684414,38365.47388017166,0.006357272826443168,1.4999999975921579,65418.21475815414,-56228.23390319212,-12192.269172721748,1.5,0.0
180,13,90000.0,97304.30699684413,26076.425566905513,0.006357272826443168,1.4999999975921579,433.9020015125188,-85802.44093950321,12901.763024833323,1.5,0.0
180,13,90000.0,981.3069968441414,30471.233638387872,0.006357272826443168,1.4999999975921579,89505.41920839291,4261.445373984825,3991.696517592601,1.5,0.0
180,13,90000.0,95143.30699684413,32496.623581217245,0.006357272826443168,1.4999999975921579,-8959.054787376872,-89551.98262537517,-200.25922368130924,1.5,0.0
180,13,90000.0,27038.306996844127,31303.66979307955,0.006357272826443168,1.4999999975921579,23099.555900323237,86853.6056724225,2271.1606799686742,1.5,0.0
180,13,90000.0,88358.30699684413,26059.10207470916,0.006357272826443168,1.4999999975921579,-35654.74832334787,-78019.65567061861,12935.988645402167,1.5,0.0
180,13,90000.0,84846.30699684413,26787.158363523013,0.006357272826443168,1.4999999975921579,-48870.899136616485,-71599.60063195466,11490.017396876347,1.5,0.0
180,13,90000.0,67164.30699684413,37869.40014425889,0.006357272826443168,1.4999999975921579,-86284.4985526814,-9933.89145908959,-11203.387417972232,1.5,0.0
180,13,90000.0,88034.30699684413,32147.024999063506,0.006357272826443168,1.4999999975921579,-38686.734754939294,-81253.41971191751,524.2974012078697,1.5,0.0
181,13,90500.0,47623.98549313686,27998.40667700511,0.006317000096009314,1.4999999980785004,-59513.36180185136,65429.90872975882,9103.865560258457,1.5,0.0
181,13,90500.0,31460.98549313686,33893.266507084845,0.006317000096009314,1.4999999980785004,4107.774871882851,90169.42395431444,-3109.388221459941,1.5,0.0
181,13,90500.0,104555.98549313685,26802.003224463253,0.006317000096009314,1.4999999980785004,30438.577585340976,-81701.52630611938,11524.048170427204,1.5,0.0
181,13,90500.0,95502.98549313686,29218.03895582907,0.006317000096009314,1.4999999980785004,-7349.040694535008,-89122.79028469979,6605.230741457187,1.5,0.0
181,13,90500.0,100378.98549313685,38698.48700573922,0.006317000096009314,1.4999999980785004,13250.151401491661,-85290.28699371498,-12923.583259909485,1.5,0.0
181,13,90500.0,101621.98549313685,33114.38908201343,0.006317000096009314,1.4999999980785004,19241.91923139138,-88375.21052387658,-1488.555510870777,1.5,0.0
181,13,90500.0,30003.98549313686,38651.39686133604,0.006317000096009314,1.4999999980785004,10010.979812644106,85793.1669612469,-12829.949495075414,1.5,0.0
181,13,90500.0,98711.98549313685,27949.01442770801,0.006317000096009314,1.4999999980785004,6474.274107211119,-88163.6867573815,9204.442502914788,1.5,0.0
181,13,90500.0,119544.98549313685,29646.39436062839,0.006317000096009314,1.4999999980785004,79246.72017360784,-42013.1748042037,5721.738977791127,1.5,0.0
181,13,90500.0,49993.98549313686,31929.424643000435,0.006317000096009314,1.4999999980785004,-68150.85477532556,59510.07336472142,980.6376472542255,1.5,0.0
181,13,90500.0,60025.98549313686,32077.297218151594,0.006317000096009314,1.4999999980785004,-88076.00390249092,20757.239379238326,672.5151130625349,1.5,0.0
181,13,90500.0,7284.985493136861,40461.89706837595,0.006317000096009314,1.4999999980785004,78510.1343762852,28942.23533745857,-16377.210729185723,1.5,0.0
181,13,90500.0,71714.98549313686,26154.01416733231,0.006317000096009314,1.4999999980785004,-81573.33978887495,-28420.081882112685,12819.185944976993,1.5,0.0
182,13,91000.0,129285.0399120161,32372.122371107347,0.006277201640433135,1.4999999984685255,90989.30815762375,-1389.4870659937046,58.42054033884485,1.5,0.0
182,13,91000.0,78437.0399120161,39298.6432978147,0.006277201640433135,1.4999999984685255,-67845.59621569025,-52779.59773512856,-14188.824369993472,1.5,0.0
182,13,91000.0,27576.039912016102,34387.59977856791,0.006277201640433135,1.4999999984685255,20991.052710119795,88111.97294074975,-4158.785205178974,1.5,0.0
182,13,91000.0,79956.0399120161,32631.97319645787,0.006277201640433135,1.4999999984685255,-67515.41354315051,-61005.09477869064,-486.11443901871286,1.5,0.0
182,13,91000.0,51841.0399120161,35819.323534437965,0.006277201640433135,1.4999999984685255,-72613.94307193666,52751.52456871874,-7132.784603095292,1.5,0.0
182,13,91000.0,39717.0399120161,32463.714023769797,0.006277201640433135,1.4999999984685255,-31608.395653289394,85333.64114311927,-133.51935073297304,1.5,0.0
182,13,91000.0,4507.039912016102,38953.00287679504,0.006277201640433135,1.4999999984685255,84390.5666784338,18739.159002896275,-13502.673347212787,1.5,0.0
182,13,91000.0,12610.039912016102,27288.02456636683,0.006277201640433135,1.4999999984685255,72240.58917397262,50635.82607907084,10603.361858113303,1.5,0.0
182,13,91000.0,116767.0399120161,40068.248676683674,0.006277201640433135,1.4999999984685255,68896.92606730631,-49411.091764472185,-15702.019984748196,1.5,0.0
182,13,91000.0,35314.0399120161,37457.48693998931,0.006277201640433135,1.4999999984685255,-12430.204048773483,87398.70325542726,-10492.627407534783,1.5,0.0
182,13,91000.0,4359.039912016102,38243.88046221089,0.006277201640433135,1.4999999984685255,85428.26264861453,18327.402018289366,-12083.296792450097,1.5,0.0
182,13,91000.0,5926.039912016102,32123.106884411354,0.006277201640433135,1.4999999984685255,87262.2048961077,25784.014115728478,580.2417620230318,1.5,0.0
182,13,91000.0,102748.0399120161,37862.66509926908,0.006277201640433135,1.4999999984685255,23339.657944596805,-84669.3169042181,-11314.248172246474,1.5,0.0
183,13,91500.0,70975.34369829018,30569.677273111774,0.006237869322163721,1.4999999987809085,-87085.79800206718,-26880.514775645956,3851.6528903656176,1.5,0.0
183,13,91500.0,126101.34369829019,37585.696865495906,0.006237869322163721,1.4999999987809085,87351.65530002992,-14960.306068479638,-10812.147364778484,1.5,0.0
183,13,91500.0,7168.343698290177,28458.149452703114,0.006237869322163721,1.4999999987809085,84463.60446821565,30595.517393571405,8255.492295583392,1.5,0.0
183,13,91500.0,120326.34369829019,36373.55498890407,0.006237869322163721,1.4999999987809085,80882.44463771771,-39030.73463379325,-8321.071419770053,1.5,0.0
183,13,91500.0,66159.34369829018,25494.13551960876,0.006237869322163721,1.4999999987809085,-86231.78520425914,-5691.161376661026,14281.15684763059,1.5,0.0
183,13,91500.0,96864.34369829018,36704.97354174398,0.006237869322163721,1.4999999987809085,-1456.6094438064897,-89502.48868344844,-9005.388805618468,1.5,0.0
183,13,91500.0,115213.34369829019,37130.77653384232,0.006237869322163721,1.4999999987809085,68294.60179619887,-57230.72736238914,-9881.155596548204,1.5,0.0
183,13,91500.0,127222.34369829019,30807.52016314021,0.006237869322163721,1.4999999987809085,90622.00533167382,-10492.698177235497,3352.215865367694,1.5,0.0
183,13,91500.0,7204.343698290177,36004.14073531302,0.006237869322163721,1.4999999987809085,84666.12606463511,30836.142971796693,-7555.776255902517,1.5,0.0
183,13,91500.0,82629.34369829018,39125.242140670605,0.006237869322163721,1.4999999987809085,-56263.86946902544,-65936.98670057286,-13921.153443901316,1.5,0.0
183,13,91500.0,25177.343698290177,37271.55017158334,0.006237869322163721,1.4999999987809085,30517.871429382154,83561.46525583457,-10169.78270795907,1.5,0.0
183,13,91500.0,3949.3436982901767,30625.23346843075,0.006237869322163721,1.4999999987809085,89495.58361628727,17348.20075530523,3735.035996144131,1.5,0.0
183,13,91500.0,9183.343698290177,32144.258931337044,0.006237869322163721,1.4999999987809085,82573.81942221202,39402.12392146606,538.8636882755038,1.5,0.0
184,13,92000.0,63473.77314174175,40462.34224739112,0.006198995186583188,1.4999999990307853,-84885.28581011533,5465.427746269356,-16649.52823807463,1.5,0.0
184,13,92000.0,67810.77314174175,38385.205396401965,0.006198995186583188,1.4999999990307853,-87216.49201667086,-12821.868779364606,-12503.270472921404,1.5,0.0
184,13,92000.0,17158.773141741753,38602.129556152504,0.006198995186583188,1.4999999990307853,59180.78107102854,64955.103234020135,-12942.941313308449,1.5,0.0
184,13,92000.0,4726.773141741753,39710.7351512272,0.006198995186583188,1.4999999990307853,84025.92951225382,19599.71496806994,-15166.52272000793,1.5,0.0
184,13,92000.0,24539.773141741753,31400.724212514702,0.006198995186583188,1.4999999990307853,34176.32424598136,85300.22891234692,2116.2733890149084,1.5,0.0
184,13,92000.0,70989.77314174175,28946.735985818465,0.006198995186583188,1.4999999990307853,-86659.70137618291,-26815.406667139046,7282.078789908031,1.5,0.0
184,13,92000.0,104259.77314174174,26406.404919290027,0.006198995186583188,1.4999999990307853,29582.971959338993,-83030.57114517651,12520.301052509363,1.5,0.0
184,13,92000.0,9324.773141741753,32419.587963323123,0.006198995186583188,1.4999999990307853,82757.77200691229,40188.848444580726,-41.49975387198145,1.5,0.0
184,13,92000.0,126198.77314174174,27864.782791721045,0.006198995186583188,1.4999999990307853,88567.20561820372,-14738.213289811632,9531.241139277146,1.5,0.0
184,13,92000.0,71262.77314174175,39455.923879176975,0.006198995186583188,1.4999999990307853,-82449.83655387131,-26713.466086405337,-14659.081680683317,1.5,0.0
184,13,92000.0,27673.773141741753,24364.851231573022,0.006198995186583188,1.4999999990307853,19330.7525024246,82882.78328574955,16596.246077258045,1.5,0.0
184,13,92000.0,107655.77314174174,26619.78715143857,0.006198995186583188,1.4999999990307853,42921.71132735523,-77293.36360520896,12086.511415878596,1.5,0.0
184,13,92000.0,733.7731417417381,28292.908819951514,0.006198995186583188,1.4999999990307853,90125.16358710079,3207.4951091873377,8644.045562644185,1.5,0.0
185,13,92500.0,101562.2072981959,34061.419601516376,0.006160571456931322,1.4999999992304074,19353.980407693667,-90145.88596315433,-3535.2474962640326,1.5,0.0
185,13,92500.0,45586.20729819592,35551.43121883938,0.006160571456931322,1.4999999992304074,-54544.66076616118,73368.56782438688,-6686.934496998118,1.5,0.0
185,13,92500.0,121593.2072981959,30221.153431185987,0.006160571456931322,1.4999999992304074,85140.70494908279,-34816.52831841221,4632.64353130892,1.5,0.0
185,13,92500.0,128450.2072981959,26887.76317548789,0.006160571456931322,1.4999999992304074,89077.96849896724,-4970.669393516272,11602.627095134889,1.5,0.0
185,13,92500.0,125069.2072981959,29493.46181168848,0.006160571456931322,1.4999999992304074,89382.57920573767,-19955.682193782108,6170.893225847635,1.5,0.0
185,13,92500.0,12461.20729819592,39921.378909006555,0.006160571456931322,1.4999999992304074,71121.4954496351,49089.93785850259,-15668.95976747685,1.5,0.0
185,13,92500.0,51232.20729819592,34373.34442814082,0.006160571456931322,1.4999999992304074,-72864.97648023129,56292.71638771851,-4197.110437401795,1.5,0.0
185,13,92500.0,18044.20729819592,28795.680134831047,0.006160571456931322,1.4999999992304074,58402.70284344682,69905.35426216228,7638.728805981687,1.5,0.0
185,13,92500.0,8654.20729819592,31604.827328026084,0.006160571456931322,1.4999999992304074,84414.25394411347,37653.33804834098,1693.4176289144798,1.5,0.0
185,13,92500.0,33290.20729819592,37835.31120638211,0.006160571456931322,1.4999999992304074,-3853.1578255823715,89223.86187979164,-11444.500274515756,1.5,0.0
185,13,92500.0,45916.20729819592,35128.78584543353,0.006160571456931322,1.4999999992304074,-55875.51823974408,72700.04305528279,-5795.782555777885,1.5,0.0
185,13,92500.0,97799.2072981959,33382.57601981252,0.006160571456931322,1.4999999992304074,2683.7351805605067,-92356.08258480877,-2092.2429065045203,1.5,0.0
185,13,92500.0,81586.20729819592,38639.63860146822,0.006160571456931322,1.4999999992304074,-60637.960343804094,-64186.4417297577,-13089.576855363892,1.5,0.0
186,13,93000.0,122089.52791318911,33842.137298745525,0.006122590529397448,1.4999999993896782,86690.43702309561,-33038.728377805324,-3086.0584389369365,1.5,0.0
186,13,93000.0,52766.527913189115,25301.35376936179,0.006122590529397448,1.4999999993896782,-73065.99878141879,48226.30566044126,14904.583162048835,1.5,0.0
186,13,93000.0,84155.52791318911,37618.461837246534,0.006122590529397448,1.4999999993896782,-53221.74347650485,-72626.10820488172,-11057.347353810033,1.5,0.0
186,13,93000.0,48915.527913189115,27809.65767614224,0.006122590529397448,1.4999999993896782,-65112.786686126325,63150.56035946923,9750.0242603477,1.5,0.0
186,13,93000.0,113762.52791318911,37333.64530235074,0.006122590529397448,1.4999999993896782,65001.7049698936,-62756.023161886726,-10465.748507444656,1.5,0.0
186,13,93000.0,119811.52791318911,32956.93078087049,0.006122590529397448,1.4999999993896782,82692.83994222464,-42480.46934302181,-1192.61392426603,1.5,0.0
186,13,93000.0,121501.52791318911,28780.466621241823,0.006122590529397448,1.4999999993896782,84603.89490716081,-35036.738607030275,7712.103197060281,1.5,0.0
186,13,93000.0,109005.52791318911,24789.401161521542,0.006122590529397448,1.4999999993896782,46979.551956004856,-72917.18602163221,15932.024571164058,1.5,0.0
186,13,93000.0,63301.527913189115,37516.50035629101,0.006122590529397448,1.4999999993896782,-89915.63977550638,6543.705335692229,-10845.79727764065,1.5,0.0
186,13,93000.0,90700.52791318911,27158.65429180277,0.006122590529397448,1.4999999993896782,-27896.53192170529,-85581.70951329374,11104.789956068502,1.5,0.0
186,13,93000.0,32605.527913189115,25139.24287336595,0.006122590529397448,1.4999999993896782,-869.8402757477977,87293.00813416662,15230.948214172862,1.5,0.0
186,13,93000.0,43230.527913189115,36545.21923937927,0.006122590529397448,1.4999999993896782,-45680.90507429469,78851.90246752166,-8818.031685317013,1.5,0.0
186,13,93000.0,65889.52791318911,29970.700202442255,0.006122590529397448,1.4999999993896782,-92226.92461432928,-4876.128395051396,5190.725327906816,1.5,0.0
187,13,93500.0,18906.619348139706,27591.023117711833,0.00608504496837318,1.4999999995165918,55356.04754406567,72189.3616600931,10261.03421353356,1.5,0.0
187,13,93500.0,125325.6193481397,29446.014577044363,0.00608504496837318,1.4999999995165918,90562.84450511323,-19040.47861014909,6338.738755330478,1.5,0.0
187,13,93500.0,15491.619348139706,25643.566810464403,0.00608504496837318,1.4999999995165918,64711.689730856604,60412.81566684915,14289.046256773525,1.5,0.0
187,13,93500.0,325.61934813970583,26868.186471735225,0.00608504496837318,1.4999999995165918,90146.34027456799,1423.2108592425484,11768.711487098899,1.5,0.0
187,13,93500.0,126653.6193481397,31056.256711017595,0.00608504496837318,1.4999999995165918,92351.38733685075,-13282.357139680964,2891.2733714528226,1.5,0.0
187,13,93500.0,20788.619348139706,38547.363060555996,0.00608504496837318,1.4999999995165918,47698.538389837304,75586.39647482218,-13041.290041872635,1.5,0.0
187,13,93500.0,76383.6193481397,25228.11009690103,0.00608504496837318,1.4999999995165918,-74403.43315587843,-46812.134379076226,15133.079637180179,1.5,0.0
187,13,93500.0,63884.619348139706,27745.330249512495,0.00608504496837318,1.4999999995165918,-91039.63740008695,4042.8940332223747,9937.488500160476,1.5,0.0
187,13,93500.0,3567.619348139706,39015.199943773856,0.00608504496837318,1.4999999995165918,87408.52563012113,15271.035146253356,-14000.782191075237,1.5,0.0
187,13,93500.0,87226.6193481397,38718.23772139073,0.00608504496837318,1.4999999995165918,-41444.854635888056,-78927.97838675187,-13392.542681774048,1.5,0.0
187,13,93500.0,121874.6193481397,35307.103499394245,0.00608504496837318,1.4999999995165918,86155.46454707561,-33867.02059549361,-6238.810732390707,1.5,0.0
187,13,93500.0,83065.6193481397,28195.671576342855,0.00608504496837318,1.4999999995165918,-57948.328028735814,-70894.47566704615,8990.115063758913,1.5,0.0
187,13,93500.0,5112.619348139706,31100.931089103728,0.00608504496837318,1.4999999995165918,90462.74148958648,22893.482938901914,2795.2787932540277,1.5,0.0
188,13,94000.0,8476.368508925778,29902.778549724804,0.00604792750185994,1.4999999996175928,85543.0935429152,37275.94209626934,5392.521845915006,1.5,0.0
188,13,94000.0,121431.36850892579,37108.91218464267,0.00604792750185994,1.4999999996175928,84474.33145572698,-35320.169945947295,-10105.036623116004,1.5,0.0
188,13,94000.0,7762.368508925778,38528.6986404805,0.00604792750185994,1.4999999996175928,83591.13414369876,33032.184989430476,-13072.402568564845,1.5,0.0
188,13,94000.0,110722.36850892579,29516.952120803042,0.00604792750185994,1.4999999996175928,56745.552491793416,-73786.42403861662,6220.61240619313,1.5,0.0
188,13,94000.0,90126.36850892578,33558.55598179348,0.00604792750185994,1.4999999996175928,-31558.284437496277,-88386.80561633894,-2506.599632786989,1.5,0.0
188,13,94000.0,13704.368508925778,28806.228999054743,0.00604792750185994,1.4999999996175928,72884.16939580643,57082.149004590494,7740.111760777553,1.5,0.0
188,13,94000.0,107973.36850892579,25164.021195660327,0.00604792750185994,1.4999999996175928,44038.7049055232,-76505.2232555951,15344.362279947503,1.5,0.0
188,13,94000.0,39083.36850892578,36253.28633803861,0.00604792750185994,1.4999999996175928,-29406.907263667894,87558.1938186405,-8292.750475100316,1.5,0.0
188,13,94000.0,78909.36850892578,27070.256428425637,0.00604792750185994,1.4999999996175928,-70433.7930479425,-57429.43851938154,11409.302133230667,1.5,0.0
188,13,94000.0,11104.368508925778,31196.54288470006,0.00604792750185994,1.4999999996175928,80566.68283304143,48114.07804215196,2603.637507617992,1.5,0.0
188,13,94000.0,74000.36850892578,32190.13699274234,0.00604792750185994,1.4999999996175928,-84798.62411346719,-40549.70632555713,454.2811630687359,1.5,0.0
188,13,94000.0,43619.36850892578,27288.439663701516,0.00604792750185994,1.4999999996175928,-47159.20534948531,77976.83196334536,10952.052123101717,1.5,0.0
188,13,94000.0,60263.36850892578,25831.79668074702,0.00604792750185994,1.4999999996175928,-87123.67164032612,19477.248528420798,13979.070281302389,1.5,0.0
189,13,94500.0,2280.6647767792456,25794.573783153035,0.006011231017025415,1.4999999996978688,89147.87104548508,9897.42481475355,14130.336457559291,1.5,0.0
189,13,94500.0,40948.664776779246,33089.21395096993,0.006011231017025415,1.4999999996978688,-38032.72126149191,86451.11462298698,-1499.5934231209208,1.5,0.0
189,13,94500.0,8988.664776779246,36481.59823400223,0.006011231017025415,1.4999999996978688,83996.23179121835,39111.90350713536,-8824.549553560923,1.5,0.0
189,13,94500.0,11876.664776779246,31162.08264237554,0.006011231017025415,1.4999999996978688,79119.98412165721,51362.931609048,2692.3479825871477,1.5,0.0
189,13,94500.0,87302.66477677925,29150.466216027697,0.006011231017025415,1.4999999996978688,-43084.16655659687,-82790.0265034293,7042.443355539784,1.5,0.0
189,13,94500.0,42415.664776779246,25067.624587845097,0.006011231017025415,1.4999999996978688,-41347.102529007796,78351.17163114021,15622.814389626568,1.5,0.0
189,13,94500.0,43607.664776779246,24701.401577617868,0.006011231017025415,1.4999999996978688,-45494.33393496871,75320.47958302601,16367.461581534042,1.5,0.0
189,13,94500.0,9292.664776779246,31266.430428257445,0.006011231017025415,1.4999999996978688,84942.38393812675,41086.45479622911,2465.640914932222,1.5,0.0
189,13,94500.0,13316.664776779246,38610.19338538808,0.006011231017025415,1.4999999996978688,72084.93489799983,54301.62230495772,-13311.411866100461,1.5,0.0
189,13,94500.0,52761.664776779246,28253.817016449684,0.006011231017025415,1.4999999996978688,-77269.15756077813,51026.7069897429,8962.313088283077,1.5,0.0
189,13,94500.0,98528.66477677926,33599.6991936655,0.006011231017025415,1.4999999996978688,6072.7682026349175,-94144.54326122873,-2609.322498556239,1.5,0.0
189,13,94500.0,124240.66477677926,35385.75427881214,0.006011231017025415,1.4999999996978688,90372.87828510386,-24024.4797094542,-6474.952969477866,1.5,0.0
189,13,94500.0,41681.664776779246,25285.443853522054,0.006011231017025415,1.4999999996978688,-38682.28212708313,80080.90416293433,15177.568185515514,1.5,0.0
190,13,95000.0,103395.39994140906,40374.40475847464,0.0059749485559033606,1.4999999997615914,26032.701131790676,-84049.02284344888,-17014.419316742726,1.5,0.0
190,13,95000.0,112763.39994140906,36520.649313452726,0.0059749485559033606,1.4999999997615914,63776.0778361704,-67839.44994853779,-8954.990037572587,1.5,0.0
190,13,95000.0,48960.399941409065,38105.3029591207,0.0059749485559033606,1.4999999997615914,-65740.96044543198,63482.84416968027,-12323.065679947833,1.5,0.0
190,13,95000.0,6255.399941409065,37784.33500713301,0.0059749485559033606,1.4999999997615914,87593.14058812954,27409.923598310805,-11646.103145847377,1.5,0.0
190,13,95000.0,124148.39994140906,36130.30534893675,0.0059749485559033606,1.4999999997615914,90205.61220017032,-24412.54758701734,-8116.456751964324,1.5,0.0
190,13,95000.0,50166.399941409065,37289.18942982543,0.0059749485559033606,1.4999999997615914,-70062.59294479534,60154.68142484345,-10596.305415849827,1.5,0.0
190,13,95000.0,68993.39994140906,39441.86829145205,0.0059749485559033606,1.4999999997615914,-87673.68711596046,-18073.912230847356,-15108.123657316419,1.5,0.0
190,13,95000.0,20220.399941409065,31998.35953212594,0.0059749485559033606,1.4999999997615914,52882.44481436025,78898.83096092902,878.6220559951371,1.5,0.0
190,13,95000.0,77610.39994140906,34640.2497873832,0.0059749485559033606,1.4999999997615914,-76804.34627540878,-54954.97721157125,-4891.41321118807,1.5,0.0
190,13,95000.0,58473.399941409065,32642.023489478917,0.0059749485559033606,1.4999999997615914,-90559.96029743819,28681.89504486834,-529.4678991019912,1.5,0.0
190,13,95000.0,56150.399941409065,38086.79919251158,0.0059749485559033606,1.4999999997615914,-83491.90004738484,37219.560668566584,-12284.118350965507,1.5,0.0
190,13,95000.0,75762.39994140906,31288.02556651842,0.0059749485559033606,1.4999999997615914,-81776.90418651463,-48076.33566535172,2431.51245785412,1.5,0.0
190,13,95000.0,116743.39994140906,37579.57369254467,0.0059749485559033606,1.4999999997615914,74716.3288866835,-53714.399766795104,-11212.75159880527,1.5,0.0
191,13,95500.0,61049.46813627108,38991.8191724996,0.005939073311231422,1.4999999998121092,-89169.90627981337,16394.93095176018,-14251.457014815005,1.5,0.0
191,13,95500.0,63643.46813627108,33591.11895967687,0.005939073311231422,1.4999999998121092,-95190.98071051577,5342.9821946181455,-2618.0960980060286,1.5,0.0
191,13,95500.0,66360.46813627108,33682.28161099648,0.005939073311231422,1.4999999998121092,-95042.88190197186,-7204.088414168287,-2818.223872553739,1.5,0.0
191,13,95500.0,73576.46813627108,27010.117900148514,0.005939073311231422,1.4999999998121092,-84031.79161512994,-38081.5187198083,11719.184079179891,1.5,0.0
191,13,95500.0,87424.46813627108,40094.39577926509,0.005939073311231422,1.4999999998121092,-40587.48949392267,-79130.0478642797,-16532.055625181794,1.5,0.0
191,13,95500.0,41569.46813627108,28431.282895795513,0.005939073311231422,1.4999999998121092,-40311.90913187583,84626.85077984259,8674.39102564397,1.5,0.0
191,13,95500.0,124624.46813627108,36040.72673891093,0.005939073311231422,1.4999999998121092,91294.17261926836,-22459.350470838646,-7965.307026378404,1.5,0.0
191,13,95500.0,35799.46813627108,37191.87907784606,0.005939073311231422,1.4999999998121092,-15247.361276390382,91675.13177972665,-10443.93321668474,1.5,0.0
191,13,95500.0,54730.46813627108,31447.691174704374,0.005939073311231422,1.4999999998121092,-84254.36016539313,44744.00399674077,2093.607936516523,1.5,0.0
191,13,95500.0,105415.46813627108,27721.338264470738,0.005939073311231422,1.4999999998121092,36090.8292471573,-85769.7476238921,10201.474456113967,1.5,0.0
191,13,95500.0,60860.46813627108,27361.158224358926,0.005939073311231422,1.4999999998121092,-90979.53115870233,17590.955171205922,10971.710427568909,1.5,0.0
191,13,95500.0,33293.46813627108,38175.23521460578,0.005939073311231422,1.4999999998121092,-3974.3948594595527,91694.93183630955,-12535.804015486223,1.5,0.0
191,13,95500.0,84105.46813627108,32574.255085325938,0.005939073311231422,1.4999999998121092,-56634.192342210845,-76890.61941196621,-383.2235089691875,1.5,0.0
192,13,96000.0,93690.76577590416,32586.80441352989,0.005903598622421822,1.4999999998521074,-16253.373174696395,-94610.10504919825,-412.9722838962721,1.5,0.0
192,13,96000.0,103493.76577590416,31601.948922656255,0.005903598622421822,1.4999999998521074,28818.49938077777,-91497.02161110671,1763.851580360304,1.5,0.0
192,13,96000.0,106297.76577590416,36471.25674257091,0.005903598622421822,1.4999999998521074,40187.54290836243,-85126.69772180272,-8942.204340472397,1.5,0.0
192,13,96000.0,55137.765775904176,31826.56191252719,0.005903598622421822,1.4999999998521074,-85625.24744641565,43326.61764475969,1267.5651752290335,1.5,0.0
192,13,96000.0,118184.76577590416,29869.81869657481,0.005903598622421822,1.4999999998521074,81056.27749326291,-50078.93661269576,5579.581928848185,1.5,0.0
192,13,96000.0,124234.76577590416,28538.809633253695,0.005903598622421822,1.4999999998521074,91149.92105244403,-24258.95909852845,8486.361161917217,1.5,0.0
192,13,96000.0,73810.76577590418,28805.977276613532,0.005903598622421822,1.4999999998521074,-85667.2455668937,-40001.74158911635,7905.343058000601,1.5,0.0
192,13,96000.0,75792.76577590418,39331.136009610585,0.005903598622421822,1.4999999998521074,-78061.65881684527,-46046.93057564721,-15036.264419786787,1.5,0.0
192,13,96000.0,61103.765775904176,26974.27335382256,0.005903598622421822,1.4999999998521074,-91213.43476631558,16522.547642620422,11857.076481388387,1.5,0.0
192,13,96000.0,2332.765775904176,40308.45807782583,0.005903598622421822,1.4999999998521074,88460.99260702523,10047.430017466515,-17058.399678880975,1.5,0.0
192,13,96000.0,37371.765775904176,29596.09517411404,0.005903598622421822,1.4999999998521074,-22704.824732602534,92364.68884522792,6179.66033758498,1.5,0.0
192,13,96000.0,117767.76577590416,25731.92181376346,0.005903598622421822,1.4999999998521074,76456.38117793057,-49400.00917734584,14486.02719663757,1.5,0.0
192,13,96000.0,73396.76577590418,28328.784168763414,0.005903598622421822,1.4999999998521074,-86077.64817573565,-38108.25087212161,8942.115651808284,1.5,0.0
193,13,96500.0,102264.19149525673,39525.92784548696,0.005868517971660026,1.4999999998837363,22069.404616357297,-88075.35751209874,-15522.566703098531,1.5,0.0
193,13,96500.0,65764.19149525673,39872.42037132375,0.005868517971660026,1.4999999998837363,-90137.96415393034,-4216.59994567418,-16244.845160951705,1.5,0.0
193,13,96500.0,98837.19149525673,35327.07716577956,0.005868517971660026,1.4999999998837363,7574.567873254454,-95229.20004525656,-6482.9301000022815,1.5,0.0
193,13,96500.0,16805.19149525673,37548.618021355534,0.005868517971660026,1.4999999998837363,64152.85675934043,68032.35171492591,-11323.148094602493,1.5,0.0
193,13,96500.0,64054.19149525673,37137.28662542989,0.005868517971660026,1.4999999998837363,-93904.6405989726,3396.8672480495284,-10435.19722718553,1.5,0.0
193,13,96500.0,69701.19149525673,32259.117229738375,0.005868517971660026,1.4999999998837363,-93786.33473687188,-22714.290503142292,313.0763744772928,1.5,0.0
193,13,96500.0,28093.19149525673,35712.224266141355,0.005868517971660026,1.4999999998837363,19745.757486392897,93189.5027384078,-7329.045908739009,1.5,0.0
193,13,96500.0,120106.19149525673,25567.795924473838,0.005868517971660026,1.4999999998837363,81757.68658946875,-40534.529802731195,14906.848477160114,1.5,0.0
193,13,96500.0,5340.191495256731,36579.94154703497,0.005868517971660026,1.4999999998837363,91374.9849487519,24200.09974829942,-9225.48930019094,1.5,0.0
193,13,96500.0,120075.19149525673,39881.69471651636,0.005868517971660026,1.4999999998837363,80771.6334206425,-40197.0015493224,-16264.115844693262,1.5,0.0
193,13,96500.0,47468.19149525673,25676.591000636963,0.005868517971660026,1.4999999998837363,-61000.196049980455,68090.7433631622,14678.013039298645,1.5,0.0
193,13,96500.0,129193.19149525673,37845.075710388046,0.005868517971660026,1.4999999998837363,93138.9211383267,-1837.1829641345141,-11960.34652056817,1.5,0.0
193,13,96500.0,43398.19149525673,39414.27643171819,0.005868517971660026,1.4999999998837363,-46241.827459323176,78344.95997832465,-15288.881597859314,1.5,0.0
194,13,97000.0,15352.64609093027,27889.24769005207,0.0058338249801266895,1.499999999908715,69649.10573462314,64149.44960989374,9995.902812153145,1.5,0.0
194,13,97000.0,120041.64609093027,29561.28418387859,0.0058338249801266895,1.499999999908715,85949.64389605151,-42948.44567130167,6321.065575675681,1.5,0.0
194,13,97000.0,7323.64609093027,24677.31517207603,0.0058338249801266895,1.499999999908715,84649.12607507821,31385.67926255756,16850.551136318318,1.5,0.0
194,13,97000.0,29142.64609093027,26787.05123108542,0.0058338249801266895,1.499999999908715,14693.40417975281,92268.01112502087,12383.915899799564,1.5,0.0
194,13,97000.0,50308.64609093027,33409.73780956745,0.0058338249801266895,1.499999999908715,-73940.74960503184,62603.79723746871,-2254.630383636854,1.5,0.0
194,13,97000.0,81377.64609093027,34880.05907412776,0.0058338249801266895,1.499999999908715,-66836.09628131185,-69329.40163545951,-5526.565349365222,1.5,0.0
194,13,97000.0,115985.64609093027,34812.37166375256,0.0058338249801266895,1.499999999908715,76103.2467881907,-59069.2868938633,-5376.428756212367,1.5,0.0
194,13,97000.0,85572.64609093027,36909.43962660711,0.0058338249801266895,1.499999999908715,-50595.90178863044,-80040.35313517952,-9993.040384514215,1.5,0.0
194,13,97000.0,29517.64609093027,31027.55890256842,0.0058338249801266895,1.499999999908715,13480.855764667356,95841.90978990341,3063.4685102375306,1.5,0.0
194,13,97000.0,107300.64609093027,28730.54960310672,0.0058338249801266895,1.499999999908715,44904.37781039732,-84249.30408035323,8153.574108449511,1.5,0.0
194,13,97000.0,81197.64609093027,24552.407340688904,0.0058338249801266895,1.499999999908715,-63071.59824768054,-64292.0535855294,17109.92818309638,1.5,0.0
194,13,97000.0,6357.64609093027,27647.403182048667,0.0058338249801266895,1.499999999908715,89985.98670343717,28649.20795085432,10522.564272544905,1.5,0.0
194,13,97000.0,41554.64609093027,29360.682557673004,0.0058338249801266895,1.499999999908715,-41200.5702476829,86652.74428010738,6764.622408484107,1.5,0.0
195,13,97500.0,51073.03246427036,37230.326320636406,0.005799513404338371,1.4999999999284168,-74600.7787750621,58558.56363968814,-10746.64201826568,1.5,0.0
195,13,97500.0,26244.032464270364,33497.6490928273,0.005799513404338371,1.4999999999284168,28628.201156149327,93057.94335821134,-2463.3811645023243,1.5,0.0
195,13,97500.0,113289.03246427035,26528.41282939002,0.005799513404338371,1.4999999999284168,65811.47235629015,-66523.42215899301,13006.107273085712,1.5,0.0
195,13,97500.0,125589.03246427035,33437.96346658754,0.005799513404338371,1.4999999999284168,95541.29149977493,-18816.46421917057,-2329.549006446269,1.5,0.0
195,13,97500.0,92804.03246427035,25297.83998680973,0.005799513404338371,1.4999999999284168,-19412.04784281043,-89700.73998384301,15633.199285693749,1.5,0.0
195,13,97500.0,96726.03246427035,31280.335338055815,0.005799513404338371,1.4999999999284168,-2236.916080044426,-97330.6853091154,2512.7411874208333,1.5,0.0
195,13,97500.0,110599.03246427035,30622.189788944568,0.005799513404338371,1.4999999999284168,58755.96682616042,-77353.34984527537,3986.7650142571074,1.5,0.0
195,13,97500.0,19292.032464270364,31230.583711679654,0.005799513404338371,1.4999999999284168,57780.44885088451,78339.94130276877,2624.2762270402573,1.5,0.0
195,13,97500.0,46920.03246427036,28833.179877995553,0.005799513404338371,1.4999999999284168,-62164.205318861634,73214.88952490946,7968.704096116652,1.5,0.0
195,13,97500.0,62762.03246427036,35410.45325150594,0.005799513404338371,1.4999999999284168,-95992.92523807238,9515.416325293229,-6735.378676527779,1.5,0.0
195,13,97500.0,42188.03246427036,37923.30037024023,0.005799513404338371,1.4999999999284168,-42962.654743229934,83635.8517655662,-12253.753493639715,1.5,0.0
195,13,97500.0,40537.03246427036,36749.975280103434,0.005799513404338371,1.4999999999284168,-36643.05692111846,88016.87212778848,-9694.732549496099,1.5,0.0
195,13,97500.0,81858.03246427036,34469.58395181226,0.005799513404338371,1.4999999999284168,-65684.14246434814,-71389.50388336528,-4639.030152636352,1.5,0.0
196,13,98000.0,103529.25556623706,34414.668370899075,0.005765577132602691,1.4999999999439364,29460.6130224693,-92977.0903369098,-4539.493086486959,1.5,0.0
196,13,98000.0,29835.255566237058,32009.78144145196,0.005765577132602691,1.4999999999439364,12151.996434490555,97225.98464625607,880.595711821252,1.5,0.0
196,13,98000.0,32313.255566237058,34358.93218327621,0.005765577132602691,1.4999999999439364,410.27942716529594,97557.50769963651,-4414.290342634782,1.5,0.0
196,13,98000.0,93694.25556623706,31002.625664767642,0.005765577132602691,1.4999999999439364,-16538.299290285624,-96366.35039525093,3151.1933929737197,1.5,0.0
196,13,98000.0,31126.255566237058,31916.95282588886,0.005765577132602691,1.4999999999439364,6046.2775489018695,97786.38083337221,1090.0449313882727,1.5,0.0
196,13,98000.0,53758.25556623706,29003.00995866426,0.005765577132602691,1.4999999999439364,-83149.86470151508,49314.87567914269,7631.744407322911,1.5,0.0
196,13,98000.0,7705.255566237058,31425.623469584643,0.005765577132602691,1.4999999999439364,91139.5080847872,35723.58265573611,2198.1626841507027,1.5,0.0
196,13,98000.0,30695.255566237058,35406.59416549415,0.005765577132602691,1.4999999999439364,8004.523938255912,96629.76617046125,-6761.302342346887,1.5,0.0
196,13,98000.0,126741.25556623706,24947.059186400802,0.005765577132602691,1.4999999999439364,90792.88911333935,-12664.712217520217,16456.240129332255,1.5,0.0
196,13,98000.0,124754.25556623706,37179.443998197705,0.005765577132602691,1.4999999999439364,92760.85866353168,-22202.118178927725,-10690.022991025355,1.5,0.0
196,13,98000.0,106448.25556623706,28884.268561953268,0.005765577132602691,1.4999999999439364,41866.942734569246,-87033.5109926394,7895.967024618705,1.5,0.0
196,13,98000.0,2554.255566237058,35357.4686536065,0.005765577132602691,1.4999999999439364,96251.61613833574,11980.506099239023,-6651.592151576255,1.5,0.0
196,13,98000.0,64160.25556623706,34712.15009781697,0.005765577132602691,1.4999999999439364,-97338.09504573821,3019.976172780213,-5207.156964345366,1.5,0.0
197,13,98500.0,80798.22234399128,28127.534751908952,0.005732010181583801,1.4999999999561462,-68824.70120203406,-67491.15468940006,9622.174588025455,1.5,0.0
197,13,98500.0,26182.222343991278,28889.554594826575,0.005732010181583801,1.4999999999561462,28822.296644728405,92699.52524046662,7924.435639066889,1.5,0.0
197,13,98500.0,44124.22234399128,31169.07699014288,0.005732010181583801,1.4999999999561462,-52927.14604652713,82864.07757234164,2790.472771759698,1.5,0.0
197,13,98500.0,98293.22234399128,28798.70647350399,0.005732010181583801,1.4999999999561462,5138.814067230168,-96866.27802312703,8127.453655400324,1.5,0.0
197,13,98500.0,38357.22234399128,30241.238202665347,0.005732010181583801,1.4999999999561462,-27900.849978525323,93903.70018582513,4887.832210160559,1.5,0.0
197,13,98500.0,94605.22234399128,30633.561945638558,0.005732010181583801,1.4999999999561462,-12313.19180258723,-97363.50377824075,4001.9543442785716,1.5,0.0
197,13,98500.0,83843.22234399128,34082.60588720117,0.005732010181583801,1.4999999999561462,-59221.356998353294,-78298.53427665675,-3812.460356448921,1.5,0.0
197,13,98500.0,74785.22234399128,27862.218692308,0.005732010181583801,1.4999999999561462,-85080.63782635477,-44737.93000214981,10210.320138314255,1.5,0.0
197,13,98500.0,25425.222343991278,37329.52822720233,0.005732010181583801,1.4999999999561462,31747.585089472544,90280.97356176439,-11075.617420939303,1.5,0.0
197,13,98500.0,8024.222343991278,31388.088979698376,0.005732010181583801,1.4999999999561462,91030.3466107926,37314.79130607539,2294.419425384131,1.5,0.0
197,13,98500.0,54452.22234399128,35741.1546092686,0.005732010181583801,1.4999999999561462,-85232.14091987682,46748.00737965122,-7545.714912071495,1.5,0.0
197,13,98500.0,42174.22234399128,25619.368196101248,0.005732010181583801,1.4999999999561462,-42541.700339467876,82952.97842897009,15105.127727072719,1.5,0.0
197,13,98500.0,50970.22234399128,31913.439384814745,0.005732010181583801,1.4999999999561462,-77155.19325628533,61187.64882777434,1103.5737995718098,1.5,0.0
198,13,99000.0,64008.84168913483,34345.82458894691,0.005698806692974204,1.4999999999657398,-98487.31745582985,3779.476274639191,-4429.58471959289,1.5,0.0
198,13,99000.0,92284.84168913482,31866.0860721584,0.005698806692974204,1.4999999999657398,-23360.60585298284,-96170.24813919076,1217.1004470793105,1.5,0.0
198,13,99000.0,74044.84168913483,30304.177836391253,0.005698806692974204,1.4999999999657398,-88761.34254960931,-42680.016720655425,4769.913992209998,1.5,0.0
198,13,99000.0,46624.84168913483,27599.767455098914,0.005698806692974204,1.4999999999657398,-61291.61484838874,74317.12528700096,10845.227194915195,1.5,0.0
198,13,99000.0,89671.84168913482,26106.645772337575,0.005698806692974204,1.4999999999657398,-33703.68404742354,-88207.86079592654,14126.239462194111,1.5,0.0
198,13,99000.0,3571.8416891348315,26242.041970098107,0.005698806692974204,1.4999999999657398,93205.58657936951,16303.49518910626,13831.512880368244,1.5,0.0
198,13,99000.0,117203.84168913482,40484.44828358996,0.005698806692974204,1.4999999999657398,75461.30736717007,-51734.79678293957,-17962.926806583564,1.5,0.0
198,13,99000.0,82050.84168913483,30979.4337750872,0.005698806692974204,1.4999999999657398,-66190.57793507555,-73303.42835551442,3236.0988286737825,1.5,0.0
198,13,99000.0,30926.84168913483,24331.2612675481,0.005698806692974204,1.4999999999657398,6530.968723824188,91288.06527323293,17929.82234023091,1.5,0.0
198,13,99000.0,1033.841689134817,39737.44640814143,0.005698806692974204,1.4999999999657398,92685.33160100682,4649.473859193113,-16377.595658863946,1.5,0.0
198,13,99000.0,124662.84168913482,24623.674772522965,0.005698806692974204,1.4999999999657398,89423.01618085615,-21822.675045979864,17311.74648539418,1.5,0.0
198,13,99000.0,32096.84168913483,31081.095233983448,0.005698806692974204,1.4999999999657398,1452.0295881757604,98787.01150649738,3004.8384250339673,1.5,0.0
198,13,99000.0,89287.84168913482,35923.13689272462,0.005698806692974204,1.4999999999657398,-36511.984943410156,-90469.34367664624,-7993.1761713754795,1.5,0.0
199,13,99500.0,121474.0243875449,38060.143137676714,0.00566596093026909,1.499999999973268,88440.35939857806,-36763.749457823236,-12807.215238308534,1.5,0.0
199,13,99500.0,26301.024387544894,39348.66627744702,0.00566596093026909,1.499999999973268,27364.237872297934,89831.77606224507,-15622.377355337441,1.5,0.0
199,13,99500.0,77049.0243875449,28427.313270380095,0.00566596093026909,1.499999999973268,-80940.08168134645,-54646.31345249024,9046.644089713647,1.5,0.0
199,13,99500.0,19117.024387544894,26607.820771005172,0.00566596093026909,1.499999999973268,57397.95892120518,76454.81151866335,13098.172218749836,1.5,0.0
199,13,99500.0,50907.024387544894,35045.707525837744,0.00566596093026909,1.499999999973268,-77131.50395225223,61554.75614165491,-6045.634121131525,1.5,0.0
199,13,99500.0,72417.0243875449,32656.922895375144,0.00566596093026909,1.499999999973268,-92785.11948636688,-35911.49739189294,-588.6852231675343,1.5,0.0
199,13,99500.0,18602.024387544894,32775.32096405895,0.00566596093026909,1.499999999973268,61695.5559044777,78042.49354874592,-859.9444828334578,1.5,0.0
199,13,99500.0,124959.0243875449,39278.83069142813,0.00566596093026909,1.499999999973268,91648.12363452288,-20976.079923949073,-15471.264844597676,1.5,0.0
199,13,99500.0,84804.0243875449,34345.31068778285,0.00566596093026909,1.499999999973268,-56011.844690773796,-81701.43823909391,-4450.7840661299215,1.5,0.0
199,13,99500.0,117509.0243875449,29339.234128694356,0.00566596093026909,1.499999999973268,81978.15372953811,-54437.37596531188,6987.577892718146,1.5,0.0
199,13,99500.0,93212.0243875449,30781.07821396959,0.00566596093026909,1.499999999973268,-19059.09367197403,-97345.4550886732,3705.710056485255,1.5,0.0
199,13,99500.0,33445.024387544894,26462.63252848799,0.00566596093026909,1.499999999973268,-4831.610770163958,95283.74850187422,13417.491475382583,1.5,0.0
199,13,99500.0,86418.0243875449,27415.487452466168,0.00566596093026909,1.499999999973268,-48231.285323352145,-83707.87933839047,11310.42779480671,1.5,0.0
200,13,100000.0,13644.683070746483,38575.978093881684,0.005633467275639561,1.4999999999791682,75395.65355448208,58697.92497343123,-14010.881919170271,1.5,0.0
200,13,100000.0,106189.68307074647,33161.6628969426,0.005633467275639561,1.4999999999791682,42187.71013191787,-90590.10804955738,-1753.608226570122,1.5,0.0
200,13,100000.0,53233.68307074648,37582.13897347915,0.005633467275639561,1.4999999999791682,-82026.94804158313,51512.59832948808,-11808.61854254514,1.5,0.0
200,13,100000.0,63024.68307074648,32583.156445285662,0.005633467275639561,1.4999999999791682,-99625.90032434331,8596.017624359138,-421.7790218474732,1.5,0.0
200,13,100000.0,56293.68307074648,31987.387444843833,0.005633467275639561,1.4999999999791682,-91597.90687770731,40072.71366810063,950.1276354923998,1.5,0.0
200,13,100000.0,49362.68307074648,38319.996061078025,0.005633467275639561,1.4999999999791682,-70278.95294348367,65264.81234681154,-13446.553191071269,1.5,0.0
200,13,100000.0,118086.68307074647,30559.257767487557,0.005633467275639561,1.4999999999791682,84484.43433477789,-52753.679865734935,4233.356476312012,1.5,0.0
200,13,100000.0,26743.683070746483,30713.785400459376,0.005633467275639561,1.4999999999791682,26989.753337754184,95942.02077312944,3878.800811001829,1.5,0.0
200,13,100000.0,101191.68307074647,29239.56379361564,0.005633467275639561,1.4999999999791682,19006.34856959623,-96983.60464944488,7249.613382633679,1.5,0.0
200,13,100000.0,6529.683070746483,32702.96799837279,0.005633467275639561,1.4999999999791682,95020.69168328376,31127.332759398672,-697.6693079002854,1.5,0.0
200,13,100000.0,23564.683070746483,33126.57054576927,0.005633467275639561,1.4999999999791682,41511.11821875589,90908.8779751264,-1672.84787137228,1.5,0.0
200,13,100000.0,44647.68307074648,34999.4705540294,0.005633467275639561,1.4999999999791682,-55506.439743991075,82225.59802408994,-5970.396224716066,1.5,0.0
200,13,100000.0,100156.68307074647,31274.137423775042,0.005633467275639561,1.4999999999791682,14264.089830252544,-98826.97955588372,2591.4222683522908,1.5,0.0
201,13,100500.0,62863.732168767776,32993.16451517712,0.005601320226901219,1.4999999999837863,-100016.14544104054,9416.482969546638,-1372.618473025242,1.5,0.0
201,13,100500.0,20919.732168767776,37724.09513641732,0.005601320226901219,1.4999999999837863,51333.74720333537,82504.38555198221,-12185.6041438208,1.5,0.0
201,13,100500.0,115342.73216876776,26549.392465363442,0.005601320226901219,1.4999999999837863,74338.55954960038,-61505.90165701226,13359.687444737308,1.5,0.0
201,13,100500.0,69587.73216876778,39040.98220126287,0.005601320226901219,1.4999999999837863,-92779.157655238,-21930.791463265108,-15105.58470624026,1.5,0.0
201,13,100500.0,69853.73216876778,32909.13638918754,0.005601320226901219,1.4999999999837863,-97468.811782934,-24370.6397865832,-1178.2150725998686,1.5,0.0
201,13,100500.0,109779.73216876776,33794.97201941274,0.005601320226901219,1.4999999999837863,57431.91780295737,-82193.05509067411,-3226.033841422626,1.5,0.0
201,13,100500.0,2352.732168767776,32564.693951423826,0.005601320226901219,1.4999999999837863,99843.74701948973,11438.19334599443,-381.1602236052042,1.5,0.0
201,13,100500.0,122355.73216876776,24883.60349074752,0.005601320226901219,1.4999999999837863,88168.72139420063,-32305.25006494218,17013.33955202941,1.5,0.0
201,13,100500.0,77124.73216876778,32352.86872126689,0.005601320226901219,1.4999999999837863,-83086.49560953729,-56540.52981935947,109.07956144370695,1.5,0.0
201,13,100500.0,95564.73216876776,28569.504535367247,0.005601320226901219,1.4999999999837863,-7822.444764234652,-98461.74188482977,8814.350947301866,1.5,0.0
201,13,100500.0,113983.73216876776,29851.54852212087,0.005601320226901219,1.4999999999837863,72489.80783823364,-68498.74728061541,5883.088919964213,1.5,0.0
201,13,100500.0,127922.73216876776,34815.445906831665,0.005601320226901219,1.4999999999837863,99481.87785439467,-8107.3695890223935,-5577.489905067337,1.5,0.0
201,13,100500.0,30094.732168767776,32362.693497480515,0.005601320226901219,1.4999999999837863,11208.748186626044,99872.82374748559,86.34135049333895,1.5,0.0
202,13,101000.0,60478.08786442678,27698.122701937293,0.005569514394574766,1.4999999999873963,-96235.32974312152,20464.775350854343,10841.600860470007,1.5,0.0
202,13,101000.0,98698.08786442677,25776.3294159074,0.005569514394574766,1.4999999999873963,6954.460026704853,-95584.32628499468,15142.535529887036,1.5,0.0
202,13,101000.0,3660.0878644267796,38487.08546502628,0.005569514394574766,1.4999999999873963,95116.40757112227,17057.43917950464,-13953.304119674105,1.5,0.0
202,13,101000.0,96083.08786442677,29084.306732443074,0.005569514394574766,1.4999999999873963,-5395.944796442138,-99551.74042829058,7678.779502707678,1.5,0.0
202,13,101000.0,77198.08786442678,31191.84660330652,0.005569514394574766,1.4999999999873963,-83154.62369501268,-57020.61989866902,2808.429798080165,1.5,0.0
202,13,101000.0,110678.08786442677,39836.22742100157,0.005569514394574766,1.4999999999873963,57452.60555210473,-75038.61464411848,-16923.633592548693,1.5,0.0
202,13,101000.0,63271.08786442678,39598.78135035594,0.005569514394574766,1.4999999999873963,-94650.37862238535,7028.7186157193555,-16405.752836332067,1.5,0.0
202,13,101000.0,111355.08786442677,35881.65360609167,0.005569514394574766,1.4999999999873963,63088.76862398996,-77025.39615762091,-8059.556397511859,1.5,0.0
202,13,101000.0,128614.08786442677,25416.811018067387,0.005569514394574766,1.4999999999873963,95158.00091073521,-4551.864309095837,15933.651049661466,1.5,0.0
202,13,101000.0,35852.08786442678,33912.11003166464,0.005569514394574766,1.4999999999873963,-16779.56530790251,99321.30573374157,-3513.857741844996,1.5,0.0
202,13,101000.0,64763.08786442678,40323.062547684574,0.005569514394574766,1.4999999999873963,-93639.80069055513,167.57336216385568,-17978.355600275176,1.5,0.0
202,13,101000.0,109661.08786442677,39640.042900468485,0.005569514394574766,1.4999999999873963,53874.529322238755,-78054.37767569214,-16495.904169149228,1.5,0.0
202,13,101000.0,114237.08786442677,26017.240378823073,0.005569514394574766,1.4999999999873963,70729.56360738385,-65209.68781863738,14609.825165676395,1.5,0.0
203,13,101500.0,70797.66804899822,25763.81380256297,0.00553804449903538,1.499999999990215,-92249.81903461678,-27606.419041517787,15245.254429731473,1.5,0.0
203,13,101500.0,93702.66804899822,32367.074452214383,0.00553804449903538,1.499999999990215,-17127.512302014584,-100044.35052138972,76.96040479988463,1.5,0.0
203,13,101500.0,7844.668048998225,26862.319391163313,0.00553804449903538,1.499999999990215,90871.14802320297,36328.83979371594,12788.883065174145,1.5,0.0
203,13,101500.0,455.66804899822455,31299.864861987724,0.00553804449903538,1.499999999990215,101330.93260598459,2238.907450589091,2570.245612930292,1.5,0.0
203,13,101500.0,127020.66804899822,26622.143998073487,0.00553804449903538,1.499999999990215,96782.13434673645,-12166.042806037038,13329.280982608498,1.5,0.0
203,13,101500.0,25028.668048998225,39752.36821719236,0.00553804449903538,1.499999999990215,33274.19761042769,89110.02511950165,-16823.861625184185,1.5,0.0
203,13,101500.0,102939.66804899822,26648.71703779371,0.00553804449903538,1.499999999990215,26804.18580626141,-93826.26505259662,13269.578861280655,1.5,0.0
203,13,101500.0,102904.66804899822,32754.571892380256,0.00553804449903538,1.499999999990215,27711.263385449012,-97628.33533631952,-828.7383468138877,1.5,0.0
203,13,101500.0,46572.668048998225,27491.073170167598,0.00553804449903538,1.499999999990215,-62567.33927450959,76256.10210766605,11366.154968637637,1.5,0.0
203,13,101500.0,84871.66804899822,25537.06121625627,0.00553804449903538,1.499999999990215,-53985.335937035394,-79301.87024522772,15747.141079016461,1.5,0.0
203,13,101500.0,121617.66804899822,27577.39962524199,0.00553804449903538,1.499999999990215,91436.40826055125,-37264.52092395032,11169.963339973756,1.5,0.0
203,13,101500.0,77305.66804899822,25187.340539725064,0.00553804449903538,1.499999999990215,-78361.5923144248,-54336.99682449705,16517.44886112163,1.5,0.0
203,13,101500.0,1221.6680489982245,26558.23760656002,0.00553804449903538,1.499999999990215,97285.50841793725,5768.78671576361,13472.769842464078,1.5,0.0
204,13,102000.0,45093.39227921312,25463.72488968446,0.005506905367747757,1.4999999999924125,-55584.420667653816,78622.69834452674,15987.42665645228,1.5,0.0
204,13,102000.0,19998.39227921312,27866.12349977614,0.005506905367747757,1.4999999999924125,56310.187367963335,82088.54411679688,10564.17217942342,1.5,0.0
204,13,102000.0,81428.39227921312,31861.397399886828,0.005506905367747757,1.4999999999924125,-70587.40751821068,-73582.10095462308,1264.991883671226,1.5,0.0
204,13,102000.0,40518.39227921312,40345.163298590225,0.005506905367747757,1.4999999999924125,-36251.417286389566,87298.41003308557,-18204.478647244116,1.5,0.0
204,13,102000.0,4253.39227921312,40439.494019613965,0.005506905367747757,1.4999999999924125,92350.90372717501,19318.306870494256,-18409.627402561393,1.5,0.0
204,13,102000.0,96962.39227921313,40169.87123421347,0.005506905367747757,1.4999999999924125,-1092.5859458016157,-94842.06113883406,-17822.248733333698,1.5,0.0
204,13,102000.0,33253.39227921312,31153.999458065307,0.005506905367747757,1.4999999999924125,-4211.210623721669,101726.8233469939,2924.9787573309386,1.5,0.0
204,13,102000.0,13199.39227921312,25607.02213031757,0.005506905367747757,1.4999999999924125,77421.30367376354,57634.479783206036,15669.302401683422,1.5,0.0
204,13,102000.0,92448.39227921313,29541.889683439204,0.005506905367747757,1.4999999999924125,-23066.671277767626,-98353.66850700912,6692.016177123694,1.5,0.0
204,13,102000.0,31372.39227921312,28150.97288100983,0.005506905367747757,1.4999999999924125,4972.125358828656,99719.55401294921,9910.195337173229,1.5,0.0
204,13,102000.0,112858.39227921313,24528.850513539644,0.005506905367747757,1.4999999999924125,65156.344334426496,-68671.17967581337,18043.24795537828,1.5,0.0
204,13,102000.0,115998.39227921313,25842.78448667168,0.005506905367747757,1.4999999999924125,76575.8004356096,-59360.27860185551,15144.264269438392,1.5,0.0
204,13,102000.0,86804.39227921313,31641.70934779487,0.005506905367747757,1.4999999999924125,-49225.183610495464,-89257.08073460986,1780.76462627514,1.5,0.0
205,13,102500.0,3785.1817355442035,33021.97453940332,0.005476091932583861,1.499999999994124,100733.11793724723,18695.956298866266,-1467.9089943033448,1.5,0.0
205,13,102500.0,48647.1817355442,27283.055317816754,0.005476091932583861,1.499999999994124,-70420.15771904663,70098.7293255393,11954.717993660614,1.5,0.0
205,13,102500.0,129184.1817355442,32323.86998545064,0.005476091932583861,1.499999999994124,102478.47453586636,-2066.1883985064005,179.69966545724404,1.5,0.0
205,13,102500.0,102270.1817355442,26769.957445449858,0.005476091932583861,1.499999999994124,24019.10627280472,-95738.35943941426,13124.956255212264,1.5,0.0
205,13,102500.0,108537.1817355442,26917.573714818656,0.005476091932583861,1.499999999994124,51663.8958793054,-84333.67814841909,12789.08362398409,1.5,0.0
205,13,102500.0,39269.1817355442,34218.01870808065,0.005476091932583861,1.499999999994124,-33377.7445247034,96492.31972883371,-4285.763771577389,1.5,0.0
205,13,102500.0,48370.1817355442,28573.333883247422,0.005476091932583861,1.499999999994124,-70436.62627463495,72023.9742784308,8980.877245457048,1.5,0.0
205,13,102500.0,119835.1817355442,27092.349070340806,0.005476091932583861,1.499999999994124,88223.19141420463,-45193.69243752132,12390.570166022539,1.5,0.0
205,13,102500.0,1846.1817355442035,39362.24565218818,0.005476091932583861,1.499999999994124,96329.0281609915,8645.067954249544,-16123.651866945744,1.5,0.0
205,13,102500.0,78042.1817355442,24996.65266198883,0.005476091932583861,1.499999999994124,-76860.966378615,-57465.541967163175,17102.330862587158,1.5,0.0
205,13,102500.0,65966.1817355442,33455.39942567337,0.005476091932583861,1.499999999994124,-102202.28703824307,-5784.486485079611,-2490.1165550889273,1.5,0.0
205,13,102500.0,9093.181735544204,33181.874237698896,0.005476091932583861,1.499999999994124,92633.3149608236,43706.17647842821,-1845.1226278651488,1.5,0.0
205,13,102500.0,116394.1817355442,28359.86376532957,0.005476091932583861,1.499999999994124,80628.56111646905,-60061.09599864594,9475.623547539777,1.5,0.0
206,13,103000.0,60376.95918173314,37202.75970219339,0.005445599227220494,1.4999999999954552,-97925.07031598149,21326.456317660603,-11289.250808309454,1.5,0.0
206,13,103000.0,13768.959181733138,39639.65511636688,0.005445599227220494,1.4999999999954552,75959.21574384756,59875.202572185655,-16821.69201229694,1.5,0.0
206,13,103000.0,79953.95918173314,34861.79000573598,0.005445599227220494,1.4999999999954552,-75886.62774251706,-68555.1927149123,-5825.391976640347,1.5,0.0
206,13,103000.0,96059.95918173312,35039.32847871982,0.005445599227220494,1.4999999999954552,-5643.469565958513,-102001.92509441254,-6243.287831434071,1.5,0.0
206,13,103000.0,126710.95918173312,32076.502190704716,0.005445599227220494,1.4999999999954552,101978.77472395806,-14377.766247013387,767.2894744961293,1.5,0.0
206,13,103000.0,48565.95918173314,38964.018438545005,0.005445599227220494,1.4999999999954552,-69060.8397228521,69289.16523010755,-15308.064285230092,1.5,0.0
206,13,103000.0,71070.95918173314,32576.20981817933,0.005445599227220494,1.4999999999954552,-98272.77007315258,-30833.235725817016,-417.95595910567465,1.5,0.0
206,13,103000.0,113420.95918173312,30051.973146879398,0.005445599227220494,1.4999999999954552,72434.10029479646,-72287.04477527778,5557.383728147069,1.5,0.0
206,13,103000.0,82129.95918173314,34674.07516066618,0.005445599227220494,1.4999999999954552,-68317.53691912453,-76244.88235058772,-5383.073897565035,1.5,0.0
206,13,103000.0,109751.95918173312,33147.45979309561,0.005445599227220494,1.4999999999954552,58843.044810582476,-84454.54760511525,-1772.549948327721,1.5,0.0
206,13,103000.0,9018.959181733138,26309.12100802031,0.005445599227220494,1.4999999999954552,89270.89082314691,41727.64000987112,14238.216005227807,1.5,0.0
206,13,103000.0,125497.95918173312,30662.15170538136,0.005445599227220494,1.4999999999954552,100611.70326314119,-20276.933121781312,4117.2157634925425,1.5,0.0
206,13,103000.0,10081.959181733138,29375.871659730576,0.005445599227220494,1.4999999999954552,89963.36259197879,47845.32982757813,7147.413323441309,1.5,0.0
207,13,103500.0,71567.64892551635,39279.33355846709,0.005415422384613962,1.499999999996489,-92579.74579316094,-31514.9579077539,-16094.357765217817,1.5,0.0
207,13,103500.0,61025.64892551635,32085.070230942474,0.005415422384613962,1.499999999996489,-101760.18238279097,18831.310346885646,750.5950000614755,1.5,0.0
207,13,103500.0,64369.64892551635,28508.731579146162,0.005415422384613962,1.499999999996489,-101641.5294133483,2120.957534844861,9219.785944934398,1.5,0.0
207,13,103500.0,23634.648925516347,28212.13162310987,0.005415422384613962,1.499999999996489,41794.582069658696,92357.51322636525,9913.201751838253,1.5,0.0
207,13,103500.0,3717.648925516347,28594.252074914544,0.005415422384613962,1.499999999996489,100095.14932658292,18238.74591438559,9019.488676709698,1.5,0.0
207,13,103500.0,89626.64892551633,30240.931601271077,0.005415422384613962,1.499999999996489,-36950.26260278466,-96072.80823649955,5136.672294701706,1.5,0.0
207,13,103500.0,61093.64892551635,35923.816429344995,0.005415422384613962,1.499999999996489,-100351.12808242376,18228.603683156296,-8358.09843901373,1.5,0.0
207,13,103500.0,70648.64892551635,39683.569294992856,0.005415422384613962,1.499999999996489,-93236.02980740248,-27169.19857945443,-17001.59899365893,1.5,0.0
207,13,103500.0,11953.648925516347,35138.40636800284,0.005415422384613962,1.499999999996489,85838.499556682,56180.941233371035,-6507.739853087696,1.5,0.0
207,13,103500.0,21554.648925516347,33164.09358929443,0.005415422384613962,1.499999999996489,51911.311801740645,89458.21493775058,-1820.7740232053418,1.5,0.0
207,13,103500.0,52273.64892551635,31567.28448987758,0.005415422384613962,1.499999999996489,-84924.4116430343,59013.93576335745,1984.2093988912848,1.5,0.0
207,13,103500.0,44740.64892551635,37716.750366009386,0.005415422384613962,1.499999999996489,-56368.57076316317,82696.52841536426,-12532.42666443006,1.5,0.0
207,13,103500.0,101752.64892551633,38064.44667962633,0.005415422384613962,1.499999999996489,21810.26283697556,-97204.89187405951,-13331.951434819215,1.5,0.0
208,13,104000.0,107712.17678050886,33795.41867381768,0.00538555663454918,1.4999999999972913,50622.11847655359,-90575.79303640604,-3339.4505606022235,1.5,0.0
208,13,104000.0,121733.17678050886,26224.189394148372,0.00538555663454918,1.4999999999972913,92232.75902588844,-36988.14186499417,14570.933912036344,1.5,0.0
208,13,104000.0,124018.17678050886,37084.1010458766,0.00538555663454918,1.4999999999972913,97642.11917322422,-27087.850993241063,-11122.152050847262,1.5,0.0
208,13,104000.0,77719.17678050886,28857.305816756903,0.00538555663454918,1.4999999999972913,-83018.84045486995,-60066.03802637383,8443.025861965187,1.5,0.0
208,13,104000.0,99123.17678050886,35562.4801335723,0.00538555663454918,1.4999999999972913,9569.148232070933,-102333.57707945592,-7544.435694994571,1.5,0.0
208,13,104000.0,5362.17678050886,39043.45272090922,0.00538555663454918,1.4999999999972913,95337.27329021583,25358.26354083908,-15637.26254484301,1.5,0.0
208,13,104000.0,9163.17678050886,27232.35958085679,0.00538555663454918,1.4999999999972913,90973.64017988996,43301.15587830133,12247.326642507722,1.5,0.0
208,13,104000.0,57846.17678050886,30664.2969853389,0.00538555663454918,1.4999999999972913,-97798.30656559774,34279.47915369912,4152.06903308844,1.5,0.0
208,13,104000.0,17128.17678050886,34783.32436679177,0.00538555663454918,1.4999999999972913,69688.75996817635,76260.82272978679,-5695.320331942357,1.5,0.0
208,13,104000.0,79455.17678050886,31098.46920351392,0.00538555663454918,1.4999999999972913,-78678.63096896611,-67695.38440346131,3115.0715595157676,1.5,0.0
208,13,104000.0,50101.17678050886,27132.066854320386,0.00538555663454918,1.4999999999972913,-76139.30441457497,65791.43566314416,12479.880991784785,1.5,0.0
208,13,104000.0,45350.17678050886,24770.960149534512,0.00538555663454918,1.4999999999972913,-56958.44789780436,78475.14384150042,17857.643870703145,1.5,0.0
208,13,104000.0,51734.17678050886,30886.8899279718,0.00538555663454918,1.4999999999972913,-83597.59931555035,61394.95989392927,3620.6183929861286,1.5,0.0
209,13,104500.0,104232.47002920606,36114.19415053831,0.005355997301260677,1.4999999999979128,34377.39099612287,-96892.55556234688,-8889.960525372227,1.5,0.0
209,13,104500.0,10375.470029206073,29316.362886440387,0.005355997301260677,1.4999999999979128,90534.58085151491,49814.51271403037,7393.142579059807,1.5,0.0
209,13,104500.0,37833.47002920607,33050.29962779507,0.005355997301260677,1.4999999999979128,-27196.82378619603,100845.08854810716,-1564.6828536099383,1.5,0.0
209,13,104500.0,10123.470029206073,39256.22127136779,0.005355997301260677,1.4999999999979128,87119.55221823958,46558.062813800396,-16197.293898300642,1.5,0.0
209,13,104500.0,28084.470029206073,33036.27091250804,0.005355997301260677,1.4999999999979128,21694.293788796585,102172.49969819945,-1530.9392533858547,1.5,0.0
209,13,104500.0,90871.47002920606,34295.77114460109,0.005355997301260677,1.4999999999979128,-31428.36524213126,-99199.39473455856,-4555.741380678478,1.5,0.0
209,13,104500.0,103544.47002920606,25486.58497591433,0.005355997301260677,1.4999999999979128,29877.988901713496,-94053.3340294793,16327.333973750507,1.5,0.0
209,13,104500.0,74488.47002920607,27185.77312861613,0.005355997301260677,1.4999999999979128,-90221.03467833478,-45796.3304514303,12414.786490587363,1.5,0.0
209,13,104500.0,12105.470029206073,25935.40942862944,0.005355997301260677,1.4999999999979128,82775.02041355796,55050.38823689701,15303.55904137102,1.5,0.0
209,13,104500.0,104989.47002920606,36689.969763364614,0.005355997301260677,1.4999999999979128,37702.05567661164,-95043.13697809167,-10249.517278734855,1.5,0.0
209,13,104500.0,1579.4700292060734,37841.921510852844,0.005355997301260677,1.4999999999979128,100588.43760489287,7717.636885124996,-12944.55007676196,1.5,0.0
209,13,104500.0,126684.47002920606,27320.57574975216,0.005355997301260677,1.4999999999979128,100336.64694712115,-14277.686783766612,12100.432150471564,1.5,0.0
209,13,104500.0,118832.47002920606,27852.202364954075,0.005355997301260677,1.4999999999979128,88388.97473549552,-50846.04510756993,10855.79056334655,1.5,0.0
210,13,105000.0,108800.45738706608,33367.510101598615,0.005326739801123076,1.4999999999983937,55926.853796561714,-88729.63249726742,-2338.5896144594512,1.5,0.0
210,13,105000.0,124728.45738706608,29254.563294683587,0.005326739801123076,1.4999999999983937,100900.42556535974,-24283.77550110412,7576.248036595106,1.5,0.0
210,13,105000.0,110619.45738706608,39000.12602281751,0.005326739801123076,1.4999999999983937,60366.18929029391,-79310.06913150944,-15688.208970002592,1.5,0.0
210,13,105000.0,29844.457387066097,25846.831273739324,0.005326739801123076,1.4999999999983937,12326.460018770042,98980.62794574467,15580.38864706235,1.5,0.0
210,13,105000.0,102068.45738706608,35834.41663467923,0.005326739801123076,1.4999999999983937,24214.04773086675,-100676.89500541847,-8266.12879257521,1.5,0.0
210,13,105000.0,33825.4573870661,36091.554150966156,0.005326739801123076,1.4999999999983937,-7134.767048981804,103076.2318133739,-8878.632280898599,1.5,0.0
210,13,105000.0,126140.45738706608,39128.28974857738,0.005326739801123076,1.4999999999983937,98067.40467265679,-16604.185433038256,-15982.074827027254,1.5,0.0
210,13,105000.0,42244.4573870661,32701.005596091927,0.005326739801123076,1.4999999999983937,-48227.49788235734,93256.42458381629,-727.8081769621567,1.5,0.0
210,13,105000.0,19715.457387066097,29510.281879151786,0.005326739801123076,1.4999999999983937,59984.040256893495,84923.11751874363,6964.527449604638,1.5,0.0
210,13,105000.0,70553.4573870661,37709.39885173233,0.005326739801123076,1.4999999999983937,-97615.96478763876,-27957.421355582144,-12696.866481323808,1.5,0.0
210,13,105000.0,10249.457387066097,36787.12656568476,0.005326739801123076,1.4999999999983937,90221.4544225035,48926.56099864421,-10528.306056039457,1.5,0.0
210,13,105000.0,121078.45738706608,32405.11295359542,0.005326739801123076,1.4999999999983937,96165.9541905241,-42155.76564580658,-12.363163769916202,1.5,0.0
210,13,105000.0,29590.457387066097,36739.28948526774,0.005326739801123076,1.4999999999983937,13943.567159258866,101733.9366202763,-10415.213930144786,1.5,0.0
211,13,105500.0,38166.068967635656,37231.03183994214,0.005297779640408671,1.4999999999987654,-28314.794554840464,98635.88127923492,-11630.08505517277,1.5,0.0
211,13,105500.0,123622.06896763566,38670.03212935495,0.005297779640408671,1.4999999999987654,96465.05143265406,-28767.314660163425,-14999.665638395749,1.5,0.0
211,13,105500.0,117107.06896763566,30541.00238642523,0.005297779640408671,1.4999999999987654,86381.46299010297,-59819.12941297516,4510.364693872857,1.5,0.0
211,13,105500.0,65266.068967635656,40443.38520607985,0.005297779640408671,1.4999999999987654,-97554.82868493148,-2204.6910805962198,-19050.074642832125,1.5,0.0
211,13,105500.0,29191.068967635656,26771.56279587777,0.005297779640408671,1.4999999999987654,15742.032795625886,100369.52908837535,13505.345429881818,1.5,0.0
211,13,105500.0,128297.06896763566,32704.083448104204,0.005297779640408671,1.4999999999987654,105278.14643742295,-6659.05651959101,-738.7508367009784,1.5,0.0
211,13,105500.0,64918.068967635656,32064.22879319924,0.005297779640408671,1.4999999999987654,-105484.29369181948,-603.8139958470917,815.7276934196617,1.5,0.0
211,13,105500.0,77554.06896763566,37234.60149096218,0.005297779640408671,1.4999999999987654,-83615.53554903243,-59483.9215511975,-11638.520640483735,1.5,0.0
211,13,105500.0,123601.06896763566,39019.607914743196,0.005297779640408671,1.4999999999987654,95909.17850520024,-28707.907241692348,-15807.83686250662,1.5,0.0
211,13,105500.0,20366.068967635656,36144.45790591057,0.005297779640408671,1.4999999999987654,57163.08940448808,86601.61778746231,-9047.359880268044,1.5,0.0
211,13,105500.0,15459.068967635656,34454.423025310905,0.005297779640408671,1.4999999999987654,76848.02513488499,71516.28533669098,-4983.018612488478,1.5,0.0
211,13,105500.0,43724.068967635656,31224.35289174576,0.005297779640408671,1.4999999999987654,-54964.70407471049,89849.94209043648,2854.714921104934,1.5,0.0
211,13,105500.0,76046.06896763566,32567.279856626894,0.005297779640408671,1.4999999999987654,-90200.66497874502,-54711.58927881229,-406.40573040610707,1.5,0.0
212,13,106000.0,100499.23624868502,32869.36643798992,0.00526911241310989,1.499999999999052,16878.28234281663,-104619.81853880377,-1145.6419098817505,1.5,0.0
212,13,106000.0,18350.236248685018,24842.43381775303,0.00526911241310989,1.499999999999052,62316.466345761255,76879.98869625013,18038.27969638648,1.5,0.0
212,13,106000.0,126506.23624868502,30504.566663143367,0.00526911241310989,1.499999999999052,104367.67930945773,-15772.55370354316,4620.313676243173,1.5,0.0
212,13,106000.0,84584.23624868502,31985.539927260834,0.00526911241310989,1.499999999999052,-60853.15738254975,-86766.10677547468,1011.6442458214215,1.5,0.0
212,13,106000.0,98128.23624868502,28434.384173505125,0.00526911241310989,1.499999999999052,4680.758489023418,-103941.63095833203,9620.689137935406,1.5,0.0
212,13,106000.0,17539.236248685018,24806.103859648527,0.00526911241310989,1.499999999999052,65246.09337992322,74320.6381768578,18121.047919336626,1.5,0.0
212,13,106000.0,92159.23624868502,35484.611362219024,0.00526911241310989,1.499999999999052,-25361.27191551176,-101702.46294355304,-7501.615884825199,1.5,0.0
212,13,106000.0,63278.23624868502,31348.42156375126,0.00526911241310989,1.499999999999052,-105574.29692089457,7803.13763995566,2565.8299119992857,1.5,0.0
212,13,106000.0,50671.23624868502,31033.986728418193,0.00526911241310989,1.499999999999052,-81909.68673342702,66914.83508681404,3332.051854492317,1.5,0.0
212,13,106000.0,44266.23624868502,28349.785415261846,0.00526911241310989,1.499999999999052,-56564.12767412534,87228.49270904901,9823.311457399948,1.5,0.0
212,13,106000.0,104251.23624868502,33012.85246376788,0.00526911241310989,1.499999999999052,35519.11901966681,-99822.22186561032,-1495.7753680250285,1.5,0.0
212,13,106000.0,55468.23624868502,31396.03385658585,0.00526911241310989,1.499999999999052,-95222.78148646498,46281.998865975234,2449.750825244117,1.5,0.0
212,13,106000.0,34601.23624868502,31978.548463071274,0.00526911241310989,1.499999999999052,-11288.391250480023,105374.95893023438,1028.7071641542655,1.5,0.0
213,13,106500.0,2509.8920393173466,32785.274383791984,0.005240733798824419,1.4999999999992732,105694.07228262033,12925.027404631286,-944.8502119979596,1.5,0.0
213,13,106500.0,44914.89203931735,28839.727762513634,0.005240733798824419,1.4999999999992732,-59823.05106722245,86190.91614301055,8688.456828347506,1.5,0.0
213,13,106500.0,27183.892039317347,38232.105268614185,0.005240733798824419,1.4999999999992732,25587.961453250802,99018.37919345943,-14113.71050200639,1.5,0.0
213,13,106500.0,88423.89203931736,30721.02931019121,0.005240733798824419,1.4999999999992732,-43812.96042180717,-96683.44873111286,4113.215882472543,1.5,0.0
213,13,106500.0,82322.89203931736,34647.840003448684,0.005240733798824419,1.4999999999992732,-69908.31072175785,-79504.1303415646,-5502.0369857962805,1.5,0.0
213,13,106500.0,5129.892039317347,28331.85159599564,0.005240733798824419,1.4999999999992732,101222.06602694312,25706.565904227304,9912.78248438537,1.5,0.0
213,13,106500.0,69540.89203931735,24614.379638003084,0.005240733798824419,1.4999999999992732,-96399.29486246775,-22555.487647023383,18644.436329241926,1.5,0.0
213,13,106500.0,86284.89203931736,30847.30347693507,0.005240733798824419,1.4999999999992732,-53611.61822384783,-91672.7530805775,3804.4722852931322,1.5,0.0
213,13,106500.0,90715.89203931736,32991.0811308443,0.005240733798824419,1.4999999999992732,-32916.96145089214,-101239.37993686653,-1449.4583430067871,1.5,0.0
213,13,106500.0,39935.89203931735,31744.663850440353,0.005240733798824419,1.4999999999992732,-38030.74956287814,99420.6552248975,1606.975078352766,1.5,0.0
213,13,106500.0,10342.892039317347,39884.63269386553,0.005240733798824419,1.4999999999992732,87307.89120284302,47859.61456512447,-17956.252972301063,1.5,0.0
213,13,106500.0,111392.89203931736,35750.79461630566,0.005240733798824419,1.4999999999992732,66743.78557016778,-81183.83374650516,-8181.897074490012,1.5,0.0
213,13,106500.0,108378.89203931736,40429.8507701314,0.005240733798824419,1.4999999999992732,50824.65849991515,-84411.21454574034,-19199.938020224025,1.5,0.0
214,13,107000.0,113895.9704480212,36057.1538024518,0.005212639560700951,1.4999999999994436,76243.34008418638,-72662.16839882977,-8964.325751133152,1.5,0.0
214,13,107000.0,119305.9704480212,26363.65517194095,0.005212639560700951,1.4999999999994436,89954.60683203077,-49033.69651560564,14662.5453744328,1.5,0.0
214,13,107000.0,44031.970448021195,35630.66410722146,0.005212639560700951,1.4999999999994436,-56493.011625065934,89325.03436014734,-7928.059840926133,1.5,0.0
214,13,107000.0,53727.970448021195,32145.912536704807,0.005212639560700951,1.4999999999994436,-91944.12603041774,54713.25653439702,626.0723267507213,1.5,0.0
214,13,107000.0,97730.9704480212,39184.52748631395,0.005212639560700951,1.4999999999994436,2606.4626617298322,-101230.25854489581,-16417.70080860214,1.5,0.0
214,13,107000.0,23466.970448021195,37370.71804448537,0.005212639560700951,1.4999999999994436,43607.42751348177,94314.71523761141,-12129.966989474613,1.5,0.0
214,13,107000.0,125865.9704480212,25986.98193923705,0.005212639560700951,1.4999999999994436,100205.18942815305,-18341.0293200699,15548.736333478457,1.5,0.0
214,13,107000.0,30750.970448021195,26469.433427187647,0.005212639560700951,1.4999999999994436,8194.455438304412,102279.86296505261,14412.791020983845,1.5,0.0
214,13,107000.0,23618.970448021195,25427.69822913741,0.005212639560700951,1.4999999999994436,41687.573066727506,91934.9349285912,16854.898229545888,1.5,0.0
214,13,107000.0,79232.9704480212,32290.5669708628,0.005212639560700951,1.4999999999994436,-81855.55990048884,-68908.2364501287,269.64889039031266,1.5,0.0
214,13,107000.0,72469.9704480212,25608.50249915912,0.005212639560700951,1.4999999999994436,-94332.20079244707,-36788.97000759673,16433.953727266202,1.5,0.0
214,13,107000.0,36222.970448021195,36023.58905251004,0.005212639560700951,1.4999999999994436,-19414.841219148177,103548.7424816497,-8882.904768308566,1.5,0.0
214,13,107000.0,39518.970448021195,33248.20901949701,0.005212639560700951,1.4999999999994436,-36170.277960214175,100604.97559128188,-2089.453600764327,1.5,0.0
215,13,107500.0,67520.40685163345,25958.26847187656,0.005184825543443508,1.4999999999995743,-101411.5803424996,-13453.171912938535,15689.053253553215,1.5,0.0
215,13,107500.0,29718.406851633452,27621.81969607557,0.005184825543443508,1.4999999999995743,13564.182461404507,103745.52500079144,11723.255939680319,1.5,0.0
215,13,107500.0,59364.40685163345,37360.9501173123,0.005184825543443508,1.4999999999995743,-100801.37578538473,27196.165542362498,-12163.165199268122,1.5,0.0
215,13,107500.0,67911.40685163345,26014.195348491863,0.005184825543443508,1.4999999999995743,-101226.52236912267,-15386.420970675521,15557.241440383334,1.5,0.0
215,13,107500.0,116895.40685163344,34253.72541637829,0.005184825543443508,1.4999999999995743,87390.93781177676,-61854.565134074255,-4582.870315333006,1.5,0.0
215,13,107500.0,79583.40685163345,36388.137069965036,0.005184825543443508,1.4999999999995743,-79540.88529705297,-69302.46380023591,-9811.551034799913,1.5,0.0
215,13,107500.0,18314.406851633452,36467.514799822515,0.005184825543443508,1.4999999999995743,66521.72207300812,81777.22170009458,-10004.322120569059,1.5,0.0
215,13,107500.0,71580.40685163345,27378.986363051725,0.005184825543443508,1.4999999999995743,-98744.32416850068,-33681.60167015975,12307.52547710999,1.5,0.0
215,13,107500.0,95859.40685163344,25298.308773717315,0.005184825543443508,1.4999999999995743,-6572.160312018933,-100977.39629854042,17235.511933253692,1.5,0.0
215,13,107500.0,93260.40685163344,31570.663417109925,0.005184825543443508,1.4999999999995743,-20391.062139829795,-105459.86173679985,2052.5358039729335,1.5,0.0
215,13,107500.0,65679.40685163345,27580.262592961648,0.005184825543443508,1.4999999999995743,-104483.51968252248,-4457.339980843734,11823.361959806127,1.5,0.0
215,13,107500.0,38198.40685163345,35628.1871060258,0.005184825543443508,1.4999999999995743,-29458.868757855118,102017.96437096375,-7959.04983955303,1.5,0.0
215,13,107500.0,103314.40685163344,30078.42335441782,0.005184825543443508,1.4999999999995743,31203.386318905374,-102160.74909332806,5735.121496060212,1.5,0.0
216,13,108000.0,88761.13786518412,35389.337053090145,0.005157287671372436,1.499999999999675,-42512.96922663086,-98047.78758317957,-7408.763642055385,1.5,0.0
216,13,108000.0,8842.137865184108,27244.018998553205,0.005157287671372436,1.499999999999675,95174.7840107304,43497.07185627447,12690.282883649921,1.5,0.0
216,13,108000.0,113979.13786518412,24528.333256482063,0.005157287671372436,1.499999999999675,72835.3339347259,-68855.96545428569,19105.80940550741,1.5,0.0
216,13,108000.0,94913.13786518412,29718.298853724544,0.005157287671372436,1.499999999999675,-11848.615816392723,-106431.00605719916,6650.869411803879,1.5,0.0
216,13,108000.0,23170.137865184108,26775.574877645762,0.005157287671372436,1.499999999999675,45004.13099201917,93769.09331658097,13815.767824722276,1.5,0.0
216,13,108000.0,24160.137865184108,27838.263596536643,0.005157287671372436,1.499999999999675,40982.33566636624,97073.09869535116,11253.206875080996,1.5,0.0
216,13,108000.0,91344.13786518412,38438.55418669381,0.005157287671372436,1.499999999999675,-28963.8732565682,-99265.52581202544,-14804.839679089124,1.5,0.0
216,13,108000.0,104249.13786518412,34071.91549282376,0.005157287671372436,1.499999999999675,36076.080569723745,-101420.16231271946,-4153.659416333976,1.5,0.0
216,13,108000.0,90911.13786518412,27158.61397906817,0.005157287671372436,1.499999999999675,-31379.49705029773,-99710.75811789819,12895.982146421593,1.5,0.0
216,13,108000.0,38602.13786518411,33317.88229113667,0.005157287671372436,1.499999999999675,-31955.507037738702,103052.23423153457,-2282.1063373342417,1.5,0.0
216,13,108000.0,124014.13786518412,28443.64658548489,0.005157287671372436,1.499999999999675,102155.44432755219,-28361.480402429243,9779.598538794282,1.5,0.0
216,13,108000.0,89429.13786518412,40114.45400260104,0.005157287671372436,1.499999999999675,-36985.764880222036,-93483.40485703622,-18742.38416555126,1.5,0.0
216,13,108000.0,105029.13786518412,24830.667130271864,0.005157287671372436,1.499999999999675,37351.67164995005,-93634.07531609235,18405.943942117476,1.5,0.0
217,13,108500.0,76657.10131259297,32999.39900237969,0.005130021946540184,1.499999999999752,-91022.85722753024,-58967.37237265915,-1497.452669095478,1.5,0.0
217,13,108500.0,10975.101312592975,34915.970970118105,0.005130021946540184,1.499999999999752,92805.13000431647,54636.7151472505,-6270.849235294417,1.5,0.0
217,13,108500.0,45090.101312592975,36984.80793440085,0.005130021946540184,1.499999999999752,-61080.08433717071,86425.41964713555,-11361.540640503023,1.5,0.0
217,13,108500.0,1689.1013125929749,37715.589171067826,0.005130021946540184,1.499999999999752,104565.40695911465,8582.047376295657,-13135.05236572349,1.5,0.0
217,13,108500.0,50362.101312592975,32015.80959795563,0.005130021946540184,1.499999999999752,-82973.14339729582,69882.92918806856,959.8859030671531,1.5,0.0
217,13,108500.0,41846.101312592975,32542.4488481304,0.005130021946540184,1.499999999999752,-47968.785033142936,97317.44037260649,-355.9210747809553,1.5,0.0
217,13,108500.0,88486.10131259296,35931.69488482203,0.005130021946540184,1.499999999999752,-43835.26102054035,-97513.87111412274,-8781.269277822686,1.5,0.0
217,13,108500.0,22494.101312592975,28566.146211517145,0.005130021946540184,1.499999999999752,49263.84120559596,94568.91819556245,9524.237555368538,1.5,0.0
217,13,108500.0,102056.10131259296,38142.73372912149,0.005130021946540184,1.499999999999752,24334.288174522848,-101444.07124076212,-14164.184836214105,1.5,0.0
217,13,108500.0,13234.101312592975,24636.74655650863,0.005130021946540184,1.499999999999752,80838.83995604623,60390.26537528845,18942.60338313721,1.5,0.0
217,13,108500.0,129588.10131259296,27471.49995579754,0.005130021946540184,1.499999999999752,105417.42078672018,-60.8115896819383,12197.549561339223,1.5,0.0
217,13,108500.0,54756.101312592975,37263.23907719135,0.005130021946540184,1.499999999999752,-93235.88815558607,49365.2753158897,-12039.059861812166,1.5,0.0
217,13,108500.0,62694.101312592975,29812.18303266129,0.005130021946540184,1.499999999999752,-107086.64320406747,10971.356361479364,6448.992046320197,1.5,0.0
218,13,109000.0,115714.23619819025,39790.23612386888,0.005103024446900093,1.499999999999811,79807.88558052755,-63644.978404180736,-18156.051719022085,1.5,0.0
218,13,109000.0,98780.23619819025,28819.958815308848,0.005103024446900093,1.499999999999811,8217.198809093463,-107047.38767886207,8941.292236921983,1.5,0.0
218,13,109000.0,99183.23619819025,39838.56273288618,0.005103024446900093,1.499999999999811,9791.090105853731,-101517.40790873254,-18269.604385039394,1.5,0.0
218,13,109000.0,103565.23619819025,38680.43506075802,0.005103024446900093,1.499999999999811,31582.7534366693,-99074.00057247576,-15522.198350840494,1.5,0.0
218,13,109000.0,9125.23619819025,28886.788237477682,0.005103024446900093,1.499999999999811,97080.62385166824,45989.090410749355,8776.015928028495,1.5,0.0
218,13,109000.0,18548.23619819025,37534.55864094957,0.005103024446900093,1.499999999999811,65729.57608008978,82701.16352284602,-12755.67710100277,1.5,0.0
218,13,109000.0,81433.23619819025,35411.050301614865,0.005103024446900093,1.499999999999811,-74636.51157892075,-77839.57254004871,-7531.290688126639,1.5,0.0
218,13,109000.0,59427.23619819025,32591.52270025707,0.005103024446900093,1.499999999999811,-105318.53453508927,28071.016634933458,-480.73859513366153,1.5,0.0
218,13,109000.0,37360.23619819025,31151.24151729457,0.005103024446900093,1.499999999999811,-25912.740454031937,105669.46541356998,3132.6227086310087,1.5,0.0
218,13,109000.0,88518.23619819025,37511.1446459924,0.005103024446900093,1.499999999999811,-43175.4986696549,-96447.72148197674,-12698.70845149801,1.5,0.0
218,13,109000.0,58978.23619819025,37147.88680965934,0.005103024446900093,1.499999999999811,-101925.90752019423,29557.369746635868,-11812.814239584166,1.5,0.0
218,13,109000.0,83312.23619819025,36562.36864226946,0.005103024446900093,1.499999999999811,-66589.6264119208,-83483.73197191056,-10377.28957510996,1.5,0.0
218,13,109000.0,22406.23619819025,40471.746409687796,0.005103024446900093,1.499999999999811,46931.54839768845,89162.71343885662,-19747.894623463406,1.5,0.0
219,13,109500.0,9631.482679035456,38179.13428787577,0.005076291324526458,1.4999999999998561,93964.86902221818,47370.66372572995,-14382.9624126847,1.5,0.0
219,13,109500.0,10481.482679035456,28983.473155351065,0.005076291324526458,1.4999999999998561,94354.58423125556,52549.94264613735,8575.900551797266,1.5,0.0
219,13,109500.0,11361.482679035456,35640.16449589227,0.005076291324526458,1.4999999999998561,92155.6097348198,56605.138831082906,-8136.9573047381,1.5,0.0
219,13,109500.0,95466.48267903547,24419.039852841055,0.005076291324526458,1.4999999999998561,-8512.377355152703,-101047.0439700489,19626.66625953491,1.5,0.0
219,13,109500.0,53923.48267903546,30056.90380358785,0.005076291324526458,1.4999999999998561,-94016.14679071314,54746.27238693822,5895.739386030247,1.5,0.0
219,13,109500.0,40263.48267903546,34271.37045508205,0.005076291324526458,1.4999999999998561,-40573.52023952131,101220.62250627067,-4712.446124934597,1.5,0.0
219,13,109500.0,61123.48267903546,26402.06647917186,0.005076291324526458,1.4999999999998561,-103240.99841717067,18599.33088712228,14912.361068762066,1.5,0.0
219,13,109500.0,90966.48267903547,38825.03197678843,0.005076291324526458,1.4999999999998561,-31022.14756697674,-99506.89403617478,-15940.864120592809,1.5,0.0
219,13,109500.0,106369.48267903547,26831.638429296683,0.005076291324526458,1.4999999999998561,45384.99556254457,-95276.61564729083,13871.453298494302,1.5,0.0
219,13,109500.0,63002.48267903546,39038.65542906472,0.005076291324526458,1.4999999999998561,-103483.14343435051,9041.051098500373,-16452.757740209778,1.5,0.0
219,13,109500.0,84397.48267903547,27805.50680066419,0.005076291324526458,1.4999999999998561,-62110.88435526937,-86875.48374649491,11490.075908127506,1.5,0.0
219,13,109500.0,15209.482679035456,40407.31451743662,0.005076291324526458,1.4999999999998561,75024.35783788255,68143.89452597011,-19688.193456276513,1.5,0.0
219,13,109500.0,1801.4826790354564,34096.92915538857,0.005076291324526458,1.4999999999998561,108713.69139235977,9519.090022443266,-4274.214303960914,1.5,0.0
220,13,110000.0,104080.78203800743,33846.46079936698,0.0050498188038842215,1.4999999999998908,35929.5394125695,-103680.57370126112,-3661.1018903682348,1.5,0.0
220,13,110000.0,89465.78203800743,32935.257797538965,0.0050498188038842215,1.4999999999998908,-40272.87986391894,-102322.76768648055,-1355.7369123017113,1.5,0.0
220,13,110000.0,112122.78203800743,35446.600076240575,0.0050498188038842215,1.4999999999998908,72026.52776869178,-81548.24608981851,-7689.468913348859,1.5,0.0
220,13,110000.0,86993.78203800743,31942.92866664103,0.0050498188038842215,1.4999999999998908,-52222.40155888447,-96782.64385992778,1157.7361715618204,1.5,0.0
220,13,110000.0,103840.78203800743,35864.543098037895,0.0050498188038842215,1.4999999999998908,34316.471553443385,-102879.57384654498,-8735.004170158487,1.5,0.0
220,13,110000.0,88243.78203800743,40456.43402925547,0.0050498188038842215,1.4999999999998908,-42791.02851887817,-92276.52527164662,-19893.2062070473,1.5,0.0
220,13,110000.0,47719.782038007426,29974.825044429992,0.0050498188038842215,1.4999999999998908,-73879.05633372006,80469.76559213857,6129.191002056183,1.5,0.0
220,13,110000.0,25384.782038007426,24497.890499228684,0.0050498188038842215,1.4999999999998908,34034.656254256304,96181.76468450346,19531.16778405922,1.5,0.0
220,13,110000.0,16052.782038007426,26335.125737936807,0.0050498188038842215,1.4999999999998908,74972.99279322076,73910.34549881442,15142.827013441245,1.5,0.0
220,13,110000.0,53855.782038007426,33266.92979678865,0.0050498188038842215,1.4999999999998908,-94792.12782428387,55615.55754826526,-2195.417994315404,1.5,0.0
220,13,110000.0,2175.7820380074263,29876.976151743365,0.0050498188038842215,1.4999999999998908,108571.25745800207,11495.295089147896,6375.275894687052,1.5,0.0
220,13,110000.0,1157.7820380074263,39527.71801802088,0.0050498188038842215,1.4999999999998908,103334.39354253236,5806.347334132203,-17698.38425714336,1.5,0.0
220,13,110000.0,105351.78203800743,34464.6266597396,0.0050498188038842215,1.4999999999998908,42138.1947036521,-101012.59644068682,-5221.283042840929,1.5,0.0
221,13,110500.0,6177.076657640951,39443.06584694162,0.005023603180146666,1.499999999999917,99486.37938676377,30717.320488636364,-17576.004779290735,1.5,0.0
221,13,110500.0,81455.07665764095,37063.33122294869,0.005023603180146666,1.499999999999917,-74448.47150807269,-77808.21621636827,-11765.78527822444,1.5,0.0
221,13,110500.0,15965.076657640951,38128.873912787225,0.005023603180146666,1.499999999999917,75991.80285222852,74280.21991033372,-14391.362066183121,1.5,0.0
221,13,110500.0,62506.07665764095,30730.66606177831,0.005023603180146666,1.499999999999917,-109457.90799499315,12223.528257114554,4243.261281496807,1.5,0.0
221,13,110500.0,51952.07665764095,37652.670926822044,0.005023603180146666,1.499999999999917,-86853.5858396346,62384.60688447052,-13222.29243765357,1.5,0.0
221,13,110500.0,108287.07665764095,33223.47297349032,0.005023603180146666,1.499999999999917,56531.40631620856,-94841.96901178606,-2094.906920720588,1.5,0.0
221,13,110500.0,111640.07665764095,34320.35183135182,0.005023603180146666,1.499999999999917,70884.04561252533,-84143.75147312609,-4879.597242121664,1.5,0.0
221,13,110500.0,50070.07665764095,25254.428497240016,0.005023603180146666,1.499999999999917,-78540.38756621581,68073.30610123208,17821.570300836007,1.5,0.0
221,13,110500.0,54765.07665764095,27565.137494225153,0.005023603180146666,1.499999999999917,-95007.69073051216,50250.46675361211,12190.755329576086,1.5,0.0
221,13,110500.0,114532.07665764095,33225.62353131955,0.005023603180146666,1.499999999999917,82237.99400513901,-73672.31267180172,-2100.3749997382974,1.5,0.0
221,13,110500.0,78523.07665764095,25252.577136740663,0.005023603180146666,1.499999999999917,-81765.7494479952,-64157.84910746655,17826.00144548715,1.5,0.0
221,13,110500.0,6128.076657640951,36311.43826672096,0.005023603180146666,1.499999999999917,103764.94091218039,31768.560215133675,-9893.756509317465,1.5,0.0
221,13,110500.0,28837.07665764095,37908.923538054805,0.005023603180146666,1.499999999999917,18319.11652359719,104996.16335895107,-13852.303498426945,1.5,0.0
222,13,111000.0,107598.30999468676,24595.343382421535,0.004997640817559591,1.499999999999937,49824.853441896616,-90316.44372083733,19477.45578698512,1.5,0.0
222,13,111000.0,67401.30999468674,24704.153043047743,0.004997640817559591,1.499999999999937,-102542.28903466006,-13001.128586987606,19218.723146549004,1.5,0.0
222,13,111000.0,70151.30999468674,32582.577878863744,0.004997640817559591,1.499999999999937,-107281.08126203784,-28474.624886823072,-466.6958523708597,1.5,0.0
222,13,111000.0,90912.30999468676,37447.86726246594,0.004997640817559591,1.499999999999937,-32322.479426103102,-102727.54324943342,-12774.843800128348,1.5,0.0
222,13,111000.0,31965.309994686744,26364.312071376116,0.004997640817559591,1.499999999999937,2239.651469974933,106257.99505978025,15209.070143913203,1.5,0.0
222,13,111000.0,69910.30999468674,26318.68611608856,0.004997640817559591,1.499999999999937,-102967.4185066551,-26045.78591243618,15320.703357359102,1.5,0.0
222,13,111000.0,119595.30999468676,33510.459051806625,0.004997640817559591,1.499999999999937,98054.52321870881,-51678.17783968165,-2837.1623763253006,1.5,0.0
222,13,111000.0,86486.30999468676,28095.588733153163,0.004997640817559591,1.499999999999937,-53901.90587569048,-94269.62574006857,10923.163927298943,1.5,0.0
222,13,111000.0,61585.309994686744,36129.46250934696,0.004997640817559591,1.499999999999937,-107867.09047960791,16948.814989621882,-9481.319619062722,1.5,0.0
222,13,111000.0,9560.309994686744,39684.09328846335,0.004997640817559591,1.499999999999937,93161.82112710146,46563.362423565086,-18234.855693113324,1.5,0.0
222,13,111000.0,81231.30999468676,36709.741186926694,0.004997640817559591,1.499999999999937,-75915.9316197734,-77637.99205826937,-10936.49221305091,1.5,0.0
222,13,111000.0,57019.309994686744,38510.24093533844,0.004997640817559591,1.499999999999937,-98700.99043175952,39104.44941840087,-15391.440498170308,1.5,0.0
222,13,111000.0,36103.309994686744,32717.29413266106,0.004997640817559591,1.499999999999937,-19819.867905113893,109202.82744059442,-811.0289716224519,1.5,0.0
223,13,111500.0,86435.42655537052,35503.17718314018,0.00497192814785047,1.4999999999999525,-54956.20861675167,-95565.62768901633,-7937.986754145427,1.5,0.0
223,13,111500.0,5236.4265553705045,39725.65175162438,0.00497192814785047,1.4999999999999525,101190.70339045813,26255.689309310204,-18417.08187681518,1.5,0.0
223,13,111500.0,55591.426555370505,29384.963832274418,0.00497192814785047,1.4999999999999525,-99499.14249078685,47627.96065569429,7714.152199989635,1.5,0.0
223,13,111500.0,19919.426555370505,32175.764609066257,0.00497192814785047,1.4999999999999525,63420.12695286464,91698.79096410148,575.7566297072549,1.5,0.0
223,13,111500.0,101027.42655537052,36315.383913730926,0.00497192814785047,1.4999999999999525,20201.77725523352,-107617.48801934131,-9993.242185266303,1.5,0.0
223,13,111500.0,77298.4265553705,28233.019564465292,0.00497192814785047,1.4999999999999525,-89785.41569161673,-62211.765159424685,10626.901922256931,1.5,0.0
223,13,111500.0,86180.42655537052,33077.950885809005,0.00497192814785047,1.4999999999999525,-56744.07960158486,-95911.07157058963,-1740.457322522423,1.5,0.0
223,13,111500.0,37796.426555370505,34983.36985508875,0.00497192814785047,1.4999999999999525,-28613.764898236343,106862.07444676495,-6615.975961876121,1.5,0.0
223,13,111500.0,32734.426555370505,40156.70020204207,0.00497192814785047,1.4999999999999525,-1681.398634870873,103694.80768981029,-19450.71210467396,1.5,0.0
223,13,111500.0,23690.426555370505,36364.193366726635,0.00497192814785047,1.4999999999999525,44853.144232767096,99834.18204176845,-10116.290667882005,1.5,0.0
223,13,111500.0,84056.42655537052,26213.719774521,0.00497192814785047,1.4999999999999525,-63376.94908018572,-85618.00570663554,15647.407175438035,1.5,0.0
223,13,111500.0,11563.426555370505,32000.401912409627,0.00497192814785047,1.4999999999999525,94415.03435102242,59273.82099801404,1025.9816145476507,1.5,0.0
223,13,111500.0,63388.426555370505,33838.086684431066,0.00497192814785047,1.4999999999999525,-110968.75175810662,7606.025438468532,-3689.57638235978,1.5,0.0
224,13,112000.0,4238.37187132964,27049.090302318218,0.004946461668681176,1.499999999999964,105975.04226329087,22087.71833407126,13646.83445226274,1.5,0.0
224,13,112000.0,95929.37187132964,36022.2377623657,0.004946461668681176,1.499999999999964,-6788.991790801799,-110068.26320000469,-9294.562140111067,1.5,0.0
224,13,112000.0,40095.37187132964,27462.914293080663,0.004946461668681176,1.499999999999964,-39658.753044050674,101321.94917981165,12612.53289449351,1.5,0.0
224,13,112000.0,3309.3718713296403,38819.818632573624,0.004946461668681176,1.499999999999964,105249.51114632357,17032.93919007118,-16292.011047378397,1.5,0.0
224,13,112000.0,81611.37187132964,24724.591576090705,0.004946461668681176,1.499999999999964,-71557.03175509608,-75929.84475927615,19342.76685102415,1.5,0.0
224,13,112000.0,113734.37187132964,32756.357670140922,0.004946461668681176,1.499999999999964,80457.31871817925,-77890.15371756026,-919.0751096733143,1.5,0.0
224,13,112000.0,61304.37187132964,29485.69720736206,0.004946461668681176,1.499999999999964,-109295.40407675486,18701.992550725736,7491.611732534093,1.5,0.0
224,13,112000.0,92327.37187132964,27946.23971754837,0.004946461668681176,1.499999999999964,-25603.862976117412,-106360.85646435262,11398.123722951357,1.5,0.0
224,13,112000.0,129563.37187132964,31939.965022475397,0.004946461668681176,1.499999999999964,111971.96856242354,-198.8379916887405,1186.4278883582435,1.5,0.0
224,13,112000.0,13687.37187132964,37940.71648845302,0.004946461668681176,1.499999999999964,85068.32931217419,66511.63831070835,-14119.420480565881,1.5,0.0
224,13,112000.0,87779.37187132964,39127.49072953171,0.004946461668681176,1.499999999999964,-46789.24912430591,-95220.79502608362,-17045.5943046019,1.5,0.0
224,13,112000.0,98393.37187132964,29212.6276139951,0.004946461668681176,1.499999999999964,6399.1214347676105,-110480.27086879451,8188.2201476094915,1.5,0.0
224,13,112000.0,69186.37187132964,26798.746677940155,0.004946461668681176,1.499999999999964,-105465.20253498205,-22772.263303826072,14269.897145254094,1.5,0.0
225,13,112500.0,23468.09247620596,30121.292350206895,0.004921237942142873,1.499999999999973,46919.920231650154,101493.5110560847,5891.49948686699,1.5,0.0
225,13,112500.0,53737.09247620596,31413.38049309849,0.004921237942142873,1.499999999999973,-96592.3887826905,57421.47217018056,2555.083372618697,1.5,0.0
225,13,112500.0,40265.09247620596,27221.541993674065,0.004921237942142873,1.499999999999973,-40552.94184961936,101146.42619265783,13275.458670556967,1.5,0.0
225,13,112500.0,95605.09247620596,36555.55705585452,0.004921237942142873,1.499999999999973,-8514.437834366607,-109895.23511078386,-10693.215870354597,1.5,0.0
225,13,112500.0,22362.09247620596,26843.58345125903,0.004921237942142873,1.499999999999973,50715.27620219809,95852.9411058541,14221.665321666329,1.5,0.0
225,13,112500.0,16659.09247620596,36908.5020349672,0.004921237942142873,1.499999999999973,75909.23623825585,79365.83120006538,-11587.495191064756,1.5,0.0
225,13,112500.0,102586.09247620596,37227.727249130294,0.004921237942142873,1.499999999999973,28251.956331024994,-105722.82187362245,-12393.421777698557,1.5,0.0
225,13,112500.0,92357.09247620596,36394.93561769297,0.004921237942142873,1.499999999999973,-25682.59784652194,-107367.59612546577,-10285.186638543242,1.5,0.0
225,13,112500.0,45469.09247620596,24614.649166551593,0.004921237942142873,1.499999999999973,-61917.83527892377,84281.5621416409,19694.177988028037,1.5,0.0
225,13,112500.0,110754.09247620596,28724.75804422811,0.004921237942142873,1.499999999999973,67631.50376044003,-87662.12752754605,9471.231962400465,1.5,0.0
225,13,112500.0,14188.092476205959,31887.071433227382,0.004921237942142873,1.499999999999973,86891.48408915463,71402.3465201074,1328.718936282422,1.5,0.0
225,13,112500.0,108638.09247620596,33947.81893521209,0.004921237942142873,1.499999999999973,59069.89025193564,-95372.23732221079,-4006.207946319572,1.5,0.0
225,13,112500.0,31615.09247620596,39191.39800977861,0.004921237942142873,1.499999999999973,4050.066353744083,106379.77820222049,-17278.445758657428,1.5,0.0
226,13,113000.0,8114.535882873344,28463.724253505017,0.004896253593291754,1.4999999999999796,102473.19224602975,42530.41569178356,10181.064191958056,1.5,0.0
226,13,113000.0,124824.53588287336,36858.77868553008,0.004896253593291754,1.4999999999999796,107425.2671121038,-25325.330196452385,-11512.648172675965,1.5,0.0
226,13,113000.0,124294.53588287336,32962.410822247904,0.004896253593291754,1.4999999999999796,109241.89412702167,-28735.30391147048,-1463.3451559744615,1.5,0.0
226,13,113000.0,59949.535882873344,24526.358054579094,0.004896253593291754,1.4999999999999796,-101980.48180525617,24433.488743808062,19995.1076992167,1.5,0.0
226,13,113000.0,44559.535882873344,24336.210316907833,0.004896253593291754,1.4999999999999796,-58082.87632550203,86840.23023081399,20453.44645055068,1.5,0.0
226,13,113000.0,97326.53588287336,32572.702234186334,0.004896253593291754,1.4999999999999796,693.1848505916665,-112993.91289727637,-449.4069676754153,1.5,0.0
226,13,113000.0,10372.535882873344,29240.279322736955,0.004896253593291754,1.4999999999999796,97851.23731934016,53822.19778864411,8190.222954802736,1.5,0.0
226,13,113000.0,124263.53588287336,27221.04542512187,0.004896253593291754,1.4999999999999796,105813.88081327536,-28003.690336386586,13335.712384298384,1.5,0.0
226,13,113000.0,30358.535882873344,34240.22179100099,0.004896253593291754,1.4999999999999796,11121.28827720549,111999.77884945864,-4782.343893602448,1.5,0.0
226,13,113000.0,82921.53588287336,28000.67084182232,0.004896253593291754,1.4999999999999796,-70489.42379420756,-85018.38136003888,11361.499214252619,1.5,0.0
226,13,113000.0,39096.535882873344,33893.75582489616,0.004896253593291754,1.4999999999999796,-35950.705134563585,106816.1786414532,-3883.710520888958,1.5,0.0
226,13,113000.0,42772.535882873344,30444.10839949762,0.004896253593291754,1.4999999999999796,-54215.28061720103,98565.88002669162,5082.070310198175,1.5,0.0
226,13,113000.0,105511.53588287336,27325.288726250594,0.004896253593291754,1.4999999999999796,42977.25304003833,-100819.21724810073,13072.78319676092,1.5,0.0
227,13,113500.0,95285.65056128112,30326.460858858474,0.004871505308724352,1.4999999999999845,-10465.744067647945,-112440.96080225722,5410.592685085763,1.5,0.0
227,13,113500.0,19894.65056128113,33628.50462102522,0.004871505308724352,1.4999999999999845,64558.928823263086,93106.12732190307,-3209.108026000344,1.5,0.0
227,13,113500.0,93659.65056128112,33491.24105602775,0.004871505308724352,1.4999999999999845,-19358.6142704733,-111675.74150281702,-2850.902884352,1.5,0.0
227,13,113500.0,94233.65056128112,37725.54813493814,0.004871505308724352,1.4999999999999845,-15727.35790424068,-108605.05034788261,-13765.523375338424,1.5,0.0
227,13,113500.0,106458.65056128112,28127.89964457484,0.004871505308724352,1.4999999999999845,48200.62727683015,-100070.9214026387,11086.547008894195,1.5,0.0
227,13,113500.0,112892.65056128112,29101.4773184468,0.004871505308724352,1.4999999999999845,77259.93281557076,-81157.30687003018,8584.819471760402,1.5,0.0
227,13,113500.0,79627.65056128112,29188.924026678906,0.004871505308724352,1.4999999999999845,-84381.91034427087,-73839.35428378737,8359.095367596708,1.5,0.0
227,13,113500.0,70785.65056128113,24962.093834301122,0.004871505308724352,1.4999999999999845,-101759.9248482555,-30387.80026201894,19022.24838397821,1.5,0.0
227,13,113500.0,115694.65056128112,29397.943385284914,0.004871505308724352,1.4999999999999845,87732.97141107613,-70101.44374992698,7818.957550116807,1.5,0.0
227,13,113500.0,50439.65056128113,38522.203180725715,0.004871505308724352,1.4999999999999845,-83278.15887553743,69606.309488407,-15767.996386420258,1.5,0.0
227,13,113500.0,63054.65056128113,39074.19989065799,0.004871505308724352,1.4999999999999845,-107224.90116990787,9094.758408216852,-17141.88025411901,1.5,0.0
227,13,113500.0,49924.65056128113,26076.092601450517,0.004871505308724352,1.4999999999999845,-81266.76828971806,71445.92113520378,16271.386382320086,1.5,0.0
227,13,113500.0,53905.65056128113,31720.54837421859,0.004871505308724352,1.4999999999999845,-97980.08786855357,57167.98931077051,1775.596726407682,1.5,0.0
228,13,114000.0,34482.38591689285,34999.32626359258,0.004846989835191156,1.4999999999999885,-11398.437240660009,112520.12915723446,-6805.875899292563,1.5,0.0
228,13,114000.0,124802.38591689286,32853.273696857475,0.004846989835191156,1.4999999999999885,110903.37171388433,-26271.033254643273,-1189.868289817242,1.5,0.0
228,13,114000.0,9839.385916892847,29715.229269772986,0.004846989835191156,1.4999999999999885,100416.81079507332,51899.19807027631,7028.352542405161,1.5,0.0
228,13,114000.0,9200.385916892847,26713.440751708244,0.004846989835191156,1.4999999999999885,98962.38753267762,47322.75429703746,14740.335889709828,1.5,0.0
228,13,114000.0,112277.38591689286,33761.826151676025,0.004846989835191156,1.4999999999999885,75939.88444561516,-84691.00213970478,-3572.559185325767,1.5,0.0
228,13,114000.0,17671.385916892847,25028.050736849153,0.004846989835191156,1.4999999999999885,69941.88913972546,80706.63756173107,18943.931378767466,1.5,0.0
228,13,114000.0,40871.38591689285,37656.94159660836,0.004846989835191156,1.4999999999999885,-44044.852193128005,101143.50794390503,-13651.947855235574,1.5,0.0
228,13,114000.0,78005.38591689286,31118.76953142397,0.004846989835191156,1.4999999999999885,-91247.94728972804,-67968.61888275108,3361.408325782914,1.5,0.0
228,13,114000.0,92345.38591689286,31019.018431423992,0.004846989835191156,1.4999999999999885,-26524.266291090447,-110608.74749462963,3622.736139239319,1.5,0.0
228,13,114000.0,54934.38591689285,29600.167907309675,0.004846989835191156,1.4999999999999885,-100275.89753889345,51988.043931182896,7327.753135056406,1.5,0.0
228,13,114000.0,19605.385916892847,40003.5329969171,0.004846989835191156,1.4999999999999885,61814.267442497294,86530.6602119498,-19512.276061546232,1.5,0.0
228,13,114000.0,71966.38591689285,27133.654634885643,0.004846989835191156,1.4999999999999885,-103713.59174165167,-37557.36553838864,13675.836369582108,1.5,0.0
228,13,114000.0,24145.385916892847,26751.18670789842,0.004846989835191156,1.4999999999999885,42759.00509992529,101079.60425955337,14644.96013779986,1.5,0.0
229,13,114500.0,30083.692269703257,34795.97870602986,0.00482270397824738,1.4999999999999911,12744.617273137177,113012.03230025106,-6303.471673416629,1.5,0.0
229,13,114500.0,22342.692269703257,24956.083021320555,0.00482270397824738,1.4999999999999911,50187.674233322694,94640.32026569668,19204.67432936756,1.5,0.0
229,13,114500.0,96454.69226970326,32329.59438813426,0.00482270397824738,1.4999999999999911,-4136.365815437491,-114424.59408068497,185.64377749964268,1.5,0.0
229,13,114500.0,121817.69226970326,34904.0334537195,0.00482270397824738,1.4999999999999911,105663.08678001486,-41872.357915980894,-6586.3804654800315,1.5,0.0
229,13,114500.0,30747.692269703257,32988.38039100658,0.00482270397824738,1.4999999999999911,9158.619026290466,114086.39154649015,-1551.2194954753643,1.5,0.0
229,13,114500.0,74888.69226970326,28152.933235085016,0.00482270397824738,1.4999999999999911,-98939.79738458052,-52660.71762058866,11119.620273951157,1.5,0.0
229,13,114500.0,73951.69226970326,37721.65056194023,0.00482270397824738,1.4999999999999911,-99990.78331387303,-47524.82018153063,-13876.868873143087,1.5,0.0
229,13,114500.0,61467.69226970326,40016.211482059494,0.00482270397824738,1.4999999999999911,-105392.25350709102,17176.3228881369,-19629.037110537545,1.5,0.0
229,13,114500.0,105519.69226970326,31738.97675021146,0.00482270397824738,1.4999999999999911,44918.37585632803,-105257.44390292255,1742.6748220135662,1.5,0.0
229,13,114500.0,87120.69226970326,34601.89209606591,0.00482270397824738,1.4999999999999911,-53445.12532140696,-100523.8005621802,-5794.885140632623,1.5,0.0
229,13,114500.0,62770.69226970326,37104.69494719827,0.00482270397824738,1.4999999999999911,-110995.10069883733,10955.469315278773,-12297.962940316605,1.5,0.0
229,13,114500.0,65042.69226970326,28212.122782073064,0.00482270397824738,1.4999999999999911,-112140.3272495113,-1319.5099551431128,10966.801582621369,1.5,0.0
229,13,114500.0,111110.69226970326,38304.09618724632,0.00482270397824738,1.4999999999999911,68588.87438051254,-85794.38996437834,-15356.089289542853,1.5,0.0
230,13,115000.0,24865.520833814226,40437.26157374543,0.004798644600939702,1.4999999999999936,38000.09931551437,99360.92417531287,-20750.483591548564,1.5,0.0
230,13,115000.0,110942.52083381424,26036.815702934276,0.004798644600939702,1.4999999999999936,67720.04982165503,-86138.25932806815,16585.563049720076,1.5,0.0
230,13,115000.0,117052.52083381424,28696.4877517656,0.004798644600939702,1.4999999999999936,92853.03344025946,-64664.670896201766,9755.377404824596,1.5,0.0
230,13,115000.0,45575.520833814226,30093.091005613827,0.004798644600939702,1.4999999999999936,-68135.34269105211,91748.76949775657,6096.646224532752,1.5,0.0
230,13,115000.0,97720.52083381424,32058.478206522082,0.004798644600939702,1.4999999999999936,2901.3838816706866,-114947.62582621854,904.409041773921,1.5,0.0
230,13,115000.0,89156.52083381424,32301.337839101267,0.004798644600939702,1.4999999999999936,-43716.79327204568,-106365.12306122032,261.2854847007828,1.5,0.0
230,13,115000.0,44186.520833814226,38170.36002300435,0.004798644600939702,1.4999999999999936,-59777.77318534682,92969.4199925883,-15083.06221616466,1.5,0.0
230,13,115000.0,112002.52083381424,36783.060705118616,0.004798644600939702,1.4999999999999936,73924.52998781663,-84687.2189225054,-11520.476689030433,1.5,0.0
230,13,115000.0,44225.520833814226,24605.395580414843,0.004798644600939702,1.4999999999999936,-57977.357085839816,89795.64376741882,20154.60557928763,1.5,0.0
230,13,115000.0,14185.520833814226,31671.352521447643,0.004798644600939702,1.4999999999999936,88803.54029135853,72955.01650072249,1929.2719603574399,1.5,0.0
230,13,115000.0,74344.52083381423,34312.796179554236,0.004798644600939702,1.4999999999999936,-102464.03446275921,-51114.72642462738,-5058.390596211595,1.5,0.0
230,13,115000.0,13057.520833814226,31758.40851090698,0.004798644600939702,1.4999999999999936,92671.47936800383,68001.5101345645,1698.8493808927121,1.5,0.0
230,13,115000.0,57454.520833814226,26416.453147616376,0.004798644600939702,1.4999999999999936,-103281.09773030035,38418.327032786045,15624.879336834249,1.5,0.0
231,13,115500.0,54872.82369755345,32654.828931532036,0.0047748086225278714,1.4999999999999951,-102371.58198708459,53462.820244448274,-677.7790581598043,1.5,0.0
231,13,115500.0,4130.823697553453,38514.31868330549,0.0047748086225278714,1.4999999999999951,108254.71585903603,21974.52158305925,-16025.791112814257,1.5,0.0
231,13,115500.0,125769.82369755345,26276.64189617798,0.0047748086225278714,1.4999999999999951,108548.95940153574,-20391.61265105947,16048.78407049462,1.5,0.0
231,13,115500.0,47606.82369755345,26151.060733706054,0.0047748086225278714,1.4999999999999951,-74109.11497864955,81613.02093737666,16367.895491077648,1.5,0.0
231,13,115500.0,127607.82369755345,29165.178639792855,0.0047748086225278714,1.4999999999999951,113550.84813192586,-11001.360201000116,8568.780958061729,1.5,0.0
231,13,115500.0,56137.82369755345,31285.682483638528,0.0047748086225278714,1.4999999999999951,-105310.06785470217,47022.79488195417,2962.430330815375,1.5,0.0
231,13,115500.0,98584.82369755345,29136.38442978466,0.0047748086225278714,1.4999999999999951,7651.840424971218,-113800.28031639343,8644.41977613306,1.5,0.0
231,13,115500.0,124136.82369755345,36663.63073480295,0.0047748086225278714,1.4999999999999951,109099.34177144122,-29591.524735867104,-11259.857605476862,1.5,0.0
231,13,115500.0,42674.82369755345,28273.306658370653,0.0047748086225278714,1.4999999999999951,-54084.00621606629,99439.85759280997,10903.138386169103,1.5,0.0
231,13,115500.0,90339.82369755345,25673.350832910364,0.0047748086225278714,1.4999999999999951,-35722.366347008225,-103416.55369239472,17576.148724014874,1.5,0.0
231,13,115500.0,115910.82369755345,31003.556920123192,0.0047748086225278714,1.4999999999999951,90775.16659141808,-70986.39025005695,3711.4352154570824,1.5,0.0
231,13,115500.0,42097.82369755345,36828.74446784344,0.0047748086225278714,1.4999999999999951,-51123.730767189845,100603.21667130021,-11689.31424868202,1.5,0.0
231,13,115500.0,20989.823697553453,38079.10348610521,0.0047748086225278714,1.4999999999999951,58397.67178798514,94572.59047758146,-14915.204672937387,1.5,0.0
232,13,116000.0,127112.55380411836,29437.35472237724,0.004751193017240121,1.4999999999999964,113971.68581463538,-13811.41065039878,7886.99944521877,1.5,0.0
232,13,116000.0,39331.55380411836,34894.36497681429,0.004751193017240121,1.4999999999999964,-37973.00163938193,108711.66624781281,-6647.026651593698,1.5,0.0
232,13,116000.0,77838.55380411836,32099.982925804536,0.004751193017240121,1.4999999999999964,-93575.72371575498,-68532.74638633059,801.414366475364,1.5,0.0
232,13,116000.0,16592.55380411836,32451.173385309325,0.004751193017240121,1.4999999999999964,80448.32826408053,83570.23187776156,-136.70052052437202,1.5,0.0
232,13,116000.0,80020.55380411836,25758.891612070987,0.004751193017240121,1.4999999999999964,-81415.1506031083,-74028.37870002487,17435.621514483744,1.5,0.0
232,13,116000.0,38145.55380411836,35092.71807794715,0.004751193017240121,1.4999999999999964,-31624.424148772185,110579.7117441239,-7172.706792594718,1.5,0.0
232,13,116000.0,69577.55380411836,38324.12997274323,0.004751193017240121,1.4999999999999964,-108277.5446215413,-25537.83285503566,-15608.592685425363,1.5,0.0
232,13,116000.0,32598.55380411836,26591.18686601898,0.004751193017240121,1.4999999999999964,-1072.6300831697135,111425.21466936247,15312.920019003017,1.5,0.0
232,13,116000.0,53145.55380411836,30230.91172790648,0.004751193017240121,1.4999999999999964,-97429.60227508207,61767.422004703294,5783.662484091004,1.5,0.0
232,13,116000.0,104263.55380411836,25088.412768421527,0.004751193017240121,1.4999999999999964,36530.67353210446,-102471.2838104123,19125.141579194355,1.5,0.0
232,13,116000.0,73100.55380411836,24780.036552817535,0.004751193017240121,1.4999999999999964,-99532.54433048078,-42366.160350572725,19895.532923975847,1.5,0.0
232,13,116000.0,15668.55380411836,40332.46764608225,0.004751193017240121,1.4999999999999964,77966.65868200785,74049.07021567455,-20671.69948913884,1.5,0.0
232,13,116000.0,31698.55380411836,32294.23843456343,0.004751193017240121,1.4999999999999964,3944.0081090672224,115931.40658496402,282.5221048003269,1.5,0.0
233,13,116500.0,43796.66493272994,25441.92998678209,0.004727794813061339,1.4999999999999971,-57697.64561867506,93575.98998438305,18315.335951909623,1.5,0.0
233,13,116500.0,92239.66493272994,35369.08115519065,0.004727794813061339,1.4999999999999971,-27460.13669694372,-111977.26624638497,-7938.083360542248,1.5,0.0
233,13,116500.0,119601.66493272994,24326.41973160381,0.004727794813061339,1.4999999999999971,95283.14759552234,-50180.06106604721,21111.242640280332,1.5,0.0
233,13,116500.0,11906.664932729938,35247.125887281225,0.004727794813061339,1.4999999999999971,96694.48449036406,62972.001034371555,-7614.144137229825,1.5,0.0
233,13,116500.0,109150.66493272994,28356.100903635135,0.004727794813061339,1.4999999999999971,62562.876462225926,-95619.60379265923,10779.75698966222,1.5,0.0
233,13,116500.0,35301.66493272994,36386.88855955832,0.004727794813061339,1.4999999999999971,-16030.638130932957,113201.06004277586,-10629.696059765856,1.5,0.0
233,13,116500.0,70935.66493272994,36769.95271108052,0.004727794813061339,1.4999999999999971,-108893.20204213001,-33382.443679004835,-11636.365790427268,1.5,0.0
233,13,116500.0,100216.66493272994,36030.53726884411,0.004727794813061339,1.4999999999999971,16715.374914483018,-113475.51489592498,-9689.927359339667,1.5,0.0
233,13,116500.0,106217.66493272994,24696.63175177529,0.004727794813061339,1.4999999999999971,45925.28380278547,-98267.27997836137,20189.791008962802,1.5,0.0
233,13,116500.0,89885.66493272994,35700.53323822905,0.004727794813061339,1.4999999999999971,-39934.79116280873,-107855.95169495391,-8817.056130444798,1.5,0.0
233,13,116500.0,37977.66493272994,40340.35894770337,0.004727794813061339,1.4999999999999971,-28842.96147846212,104050.09888911879,-20780.42480990642,1.5,0.0
233,13,116500.0,3764.6649327299383,28230.53097011509,0.004727794813061339,1.4999999999999971,112232.27709350496,20714.727909985628,11109.98524396907,1.5,0.0
233,13,116500.0,110301.66493272994,28742.664870050485,0.004727794813061339,1.4999999999999971,68038.9279066674,-92307.63319363013,9760.702677191672,1.5,0.0
234,13,117000.0,57113.11168028042,29215.774937747068,0.0047046110905530104,1.499999999999998,-107673.02183699775,42093.58524126186,8545.386637661411,1.5,0.0
234,13,117000.0,48999.11168028042,38496.78364423978,0.0047046110905530104,1.499999999999998,-80660.17443194025,77597.58677790331,-16188.727444864264,1.5,0.0
234,13,117000.0,85964.11168028042,26936.545452657672,0.0047046110905530104,1.499999999999998,-58513.62453905993,-96576.38628704762,14548.943371605976,1.5,0.0
234,13,117000.0,93953.11168028042,30199.95429399494,0.0047046110905530104,1.499999999999998,-18237.19029283857,-114896.73651272108,5916.46448748327,1.5,0.0
234,13,117000.0,16598.111680280417,38048.432731786736,0.0047046110905530104,1.499999999999998,78096.75529439782,81171.16707031183,-15029.366671285186,1.5,0.0
234,13,117000.0,29177.111680280417,27388.412657017077,0.0047046110905530104,1.499999999999998,17672.184321570225,112180.02626140874,13370.51688780134,1.5,0.0
234,13,117000.0,70876.11168028042,37606.261008508336,0.0047046110905530104,1.499999999999998,-108412.6404925792,-32892.99570955004,-13879.02706196627,1.5,0.0
234,13,117000.0,41417.11168028042,25580.92067336088,0.0047046110905530104,1.499999999999998,-46851.922599653364,100257.03887165671,18040.14421801,1.5,0.0
234,13,117000.0,100622.11168028042,32225.51088847784,0.0047046110905530104,1.499999999999998,19321.692261779142,-115389.30890872872,470.1294849934472,1.5,0.0
234,13,117000.0,77982.11168028042,25520.356731620395,0.0047046110905530104,1.499999999999998,-88733.75088434489,-65940.30160747562,18194.410304499663,1.5,0.0
234,13,117000.0,25682.111680280417,35282.038077996534,0.0047046110905530104,1.499999999999998,37071.05226539161,109768.93826552654,-7739.982906732654,1.5,0.0
234,13,117000.0,15333.111680280417,37107.74412270072,0.0047046110905530104,1.499999999999998,83900.68951313844,77128.9588967076,-12574.480047439021,1.5,0.0
234,13,117000.0,63025.11168028042,38067.70848159821,0.0047046110905530104,1.499999999999998,-112194.13788436035,9678.093670782011,-15079.360558180584,1.5,0.0
235,13,117500.0,17841.849443459883,38613.532781271766,0.004681638981703953,1.4999999999999984,72783.41011406435,85401.443900321,-16559.855669639677,1.5,0.0
235,13,117500.0,39731.84944345988,28114.32267562487,0.004681638981703953,1.4999999999999984,-40012.82961858008,107785.5568946911,11513.212135534228,1.5,0.0
235,13,117500.0,70379.84944345988,32347.15204763264,0.004681638981703953,1.4999999999999984,-113226.43580492685,-31399.579663786848,142.99933992888452,1.5,0.0
235,13,117500.0,30628.849443459883,36123.066521233624,0.004681638981703953,1.4999999999999984,9913.362169220314,115165.23397568168,-10019.506983630741,1.5,0.0
235,13,117500.0,30301.849443459883,27584.09242391547,0.004681638981703953,1.4999999999999984,11607.896242591543,113720.94601629983,12913.127978302695,1.5,0.0
235,13,117500.0,13458.849443459883,27723.704650844047,0.004681638981703953,1.4999999999999984,90972.4561658695,69517.7063450067,12545.31314993497,1.5,0.0
235,13,117500.0,42878.84944345988,40144.29239457133,0.004681638981703953,1.4999999999999984,-53176.99546505572,95509.15291412766,-20466.155744295524,1.5,0.0
235,13,117500.0,82058.84944345988,31340.68784394274,0.004681638981703953,1.4999999999999984,-78608.5626946035,-87123.82829096718,2865.0972736857993,1.5,0.0
235,13,117500.0,8754.849443459883,27245.4103373651,0.004681638981703953,1.4999999999999984,103747.76393163888,46885.392957372074,13802.909967575753,1.5,0.0
235,13,117500.0,127929.84944345988,29669.714888100396,0.004681638981703953,1.4999999999999984,116090.52070292682,-9420.584070017843,7366.2316151051455,1.5,0.0
235,13,117500.0,61498.84944345988,30737.493601907994,0.004681638981703953,1.4999999999999984,-115621.79134499545,18664.23725948984,4493.650975556181,1.5,0.0
235,13,117500.0,82211.84944345988,34393.981171017585,0.004681638981703953,1.4999999999999984,-77698.60005336044,-87410.27306941371,-5387.046843814653,1.5,0.0
235,13,117500.0,26639.849443459883,39252.83747657359,0.004681638981703953,1.4999999999999984,30617.08907560283,106771.53729028122,-18203.613101449406,1.5,0.0
236,13,118000.0,26256.834401347616,40066.74703958194,0.004658875668810932,1.499999999999999,32262.039627353734,105102.05133468172,-20357.059235700654,1.5,0.0
236,13,118000.0,70716.83440134762,38299.04656449262,0.004658875668810932,1.499999999999999,-108581.19247083487,-32030.61106621589,-15812.325478827695,1.5,0.0
236,13,118000.0,120019.83440134762,29219.05117951776,0.004658875668810932,1.499999999999999,104247.47443487389,-52229.5817469766,8609.627099921314,1.5,0.0
236,13,118000.0,27314.834401347616,35237.765605372995,0.004658875668810932,1.499999999999999,28525.31539297396,113350.83914755117,-7686.986011521341,1.5,0.0
236,13,118000.0,119802.83440134762,31865.697390093832,0.004658875668810932,1.499999999999999,104902.41614054737,-53945.733238142384,1451.7412243864796,1.5,0.0
236,13,118000.0,33563.834401347616,29534.67693955663,0.004658875668810932,1.499999999999999,-6590.42906657244,116677.3085737012,7761.1556422997,1.5,0.0
236,13,118000.0,39494.834401347616,28945.74221431678,0.004658875668810932,1.499999999999999,-39235.81370903503,109533.94859611458,9342.720258964988,1.5,0.0
236,13,118000.0,114163.83440134762,26503.644612578686,0.004658875668810932,1.499999999999999,82961.46420806393,-77033.84998745704,15805.309431003676,1.5,0.0
236,13,118000.0,64376.834401347616,33198.9529328686,0.004658875668810932,1.499999999999999,-117886.67739235242,2418.860847335477,-2170.5164159349442,1.5,0.0
236,13,118000.0,53941.834401347616,31534.866379903626,0.004658875668810932,1.499999999999999,-101934.4871011903,59235.79617662164,2350.208163224595,1.5,0.0
236,13,118000.0,58780.834401347616,32597.4200088591,0.004658875668810932,1.499999999999999,-113006.09149884552,33946.24835279661,-536.4571277463643,1.5,0.0
236,13,118000.0,100680.83440134762,27788.786113166352,0.004658875668810932,1.499999999999999,19325.58702666207,-113429.01744642314,12426.309465309758,1.5,0.0
236,13,118000.0,35887.834401347616,39505.49286652661,0.004658875668810932,1.499999999999999,-18691.580601479996,109483.37754158856,-18928.704447053995,1.5,0.0
237,13,118500.0,85890.0234984539,27461.319340002978,0.00463631838338824,1.4999999999999991,-60006.82342580648,-98242.93659853624,13348.738583974564,1.5,0.0
237,13,118500.0,40117.0234984539,28593.34515405104,0.00463631838338824,1.4999999999999991,-42572.1291371758,108429.69501254281,10329.093823318355,1.5,0.0
237,13,118500.0,25265.0234984539,28721.526373346744,0.00463631838338824,1.4999999999999991,39540.925792906346,109712.7006566595,9985.043479012093,1.5,0.0
237,13,118500.0,61934.0234984539,31544.62323176127,0.00463631838338824,1.4999999999999991,-117257.05303834345,16398.11670855804,2333.5644013502256,1.5,0.0
237,13,118500.0,59092.0234984539,29580.61036502517,0.00463631838338824,1.4999999999999991,-112928.30271230925,32073.64832415906,7669.882667778119,1.5,0.0
237,13,118500.0,8142.023498453898,28694.63997786946,0.00463631838338824,1.4999999999999991,107626.84076578384,44837.61023525936,10057.241474290267,1.5,0.0
237,13,118500.0,86265.0234984539,34805.89923416323,0.00463631838338824,1.4999999999999991,-59513.13080157569,-101539.42401554508,-6550.569175446996,1.5,0.0
237,13,118500.0,24707.0234984539,25159.12442108453,0.00463631838338824,1.4999999999999991,40545.57497371663,103623.09451985065,19356.23911393426,1.5,0.0
237,13,118500.0,23225.0234984539,29813.893205863627,0.00463631838338824,1.4999999999999991,50589.270926098645,106129.12302019165,7038.738967369525,1.5,0.0
237,13,118500.0,108049.0234984539,35473.98184823569,0.00463631838338824,1.4999999999999991,58834.279787423926,-101346.92197136246,-8357.556210776926,1.5,0.0
237,13,118500.0,52594.0234984539,27148.7659383523,0.00463631838338824,1.4999999999999991,-95180.04072418461,63971.57273506749,14175.767844405618,1.5,0.0
237,13,118500.0,55249.0234984539,27879.03136784918,0.00463631838338824,1.4999999999999991,-103485.053470351,51664.52233915019,12238.703289510577,1.5,0.0
237,13,118500.0,114991.0234984539,27550.79933168926,0.00463631838338824,1.4999999999999991,87524.18729825215,-74965.6197893089,13111.39814117086,1.5,0.0
238,13,119000.0,87825.37442819905,29322.039397005712,0.004613964405105392,1.4999999999999993,-51661.41612722489,-105731.2559185073,8403.60256194331,1.5,0.0
238,13,119000.0,71876.37442819905,31812.014232750535,0.004613964405105392,1.4999999999999993,-112019.82150634196,-40013.18913058316,1611.1034628430557,1.5,0.0
238,13,119000.0,73835.37442819905,37979.49945587975,0.004613964405105392,1.4999999999999993,-103845.58107192881,-48640.984241933824,-15104.327395551161,1.5,0.0
238,13,119000.0,3556.374428199051,37302.86425056808,0.004613964405105392,1.4999999999999993,113939.21741615677,19842.173384864534,-13309.690625515632,1.5,0.0
238,13,119000.0,128002.37442819905,26345.11127237377,0.004613964405105392,1.4999999999999993,113568.00959519883,-8814.051590858242,16355.593624602203,1.5,0.0
238,13,119000.0,76805.37442819905,26316.071343243304,0.004613964405105392,1.4999999999999993,-95113.11853196565,-62592.39143233687,16431.754426715972,1.5,0.0
238,13,119000.0,117063.37442819905,31051.062513083525,0.004613964405105392,1.4999999999999993,97479.5174559409,-67810.50209403363,3694.0063882779714,1.5,0.0
238,13,119000.0,107128.37442819905,38395.54531174311,0.004613964405105392,1.4999999999999993,52782.154242839024,-101053.9245992273,-16199.857531876614,1.5,0.0
238,13,119000.0,16199.374428199051,38589.77698534714,0.004613964405105392,1.4999999999999993,80387.69230510123,80382.81636438653,-16709.07790445576,1.5,0.0
238,13,119000.0,71082.37442819905,26039.32676492179,0.004613964405105392,1.4999999999999993,-108167.78680634875,-34003.58002994324,17155.895593159716,1.5,0.0
238,13,119000.0,31792.37442819905,33603.61606504193,0.004613964405105392,1.4999999999999993,3499.0909777178276,118745.9132388187,-3296.52913669272,1.5,0.0
238,13,119000.0,61180.37442819905,26821.93819342683,0.004613964405105392,1.4999999999999993,-112913.84264940105,20020.550498509925,15100.530872574749,1.5,0.0
238,13,119000.0,96668.37442819905,35415.29482204508,0.004613964405105392,1.4999999999999993,-3034.0483423340647,-117691.63196544822,-8233.742620449053,1.5,0.0
239,13,119500.0,99284.84561681616,29813.580315607483,0.004591811060752068,1.4999999999999996,11963.37306465463,-117956.63323373997,7098.991898887023,1.5,0.0
239,13,119500.0,48305.845616816165,38473.334647655945,0.004591811060752068,1.4999999999999996,-79701.36321144462,82007.65296252295,-16472.898355547113,1.5,0.0
239,13,119500.0,60580.845616816165,28733.946603683515,0.004591811060752068,1.4999999999999996,-115165.43081458277,23891.275920761233,10035.666188064775,1.5,0.0
239,13,119500.0,124253.84561681616,26851.78570139671,0.004591811060752068,1.4999999999999996,111354.92809043375,-29526.116246200458,15084.809831206407,1.5,0.0
239,13,119500.0,749.8456168161647,29264.982112560996,0.004591811060752068,1.4999999999999996,118044.3280489758,4293.220808704577,8594.151654970447,1.5,0.0
239,13,119500.0,92574.84561681616,24865.635827528495,0.004591811060752068,1.4999999999999996,-24818.869228370266,-108821.6671316987,20275.982959185945,1.5,0.0
239,13,119500.0,82178.84561681616,28856.18466336271,0.004591811060752068,1.4999999999999996,-78363.6381879079,-87874.86722193465,9704.401365044709,1.5,0.0
239,13,119500.0,128156.84561681616,34993.905668888896,0.004591811060752068,1.4999999999999996,118266.25919659872,-8288.1574168979,-7119.430542602679,1.5,0.0
239,13,119500.0,16882.845616816165,26604.984252616796,0.004591811060752068,1.4999999999999996,78454.55829328767,83828.9648649417,15738.470635209776,1.5,0.0
239,13,119500.0,84930.84561681616,26104.112559142726,0.004591811060752068,1.4999999999999996,-63868.25298088898,-94400.48671184345,17058.018962404116,1.5,0.0
239,13,119500.0,124354.84561681616,26444.641718320476,0.004591811060752068,1.4999999999999996,110869.79041943687,-28817.17387455184,16161.940873284493,1.5,0.0
239,13,119500.0,24957.845616816165,25556.337123035755,0.004591811060752068,1.4999999999999996,39886.03953619557,105707.9113324356,18489.592863253565,1.5,0.0
239,13,119500.0,46903.845616816165,38469.09367185562,0.004591811060752068,1.4999999999999996,-73952.09052123853,87236.92500503898,-16461.72943482387,1.5,0.0
240,13,120000.0,34373.39620766559,31639.9303571192,0.004569855723229526,1.4999999999999996,-11455.46539305746,119370.12988653961,2099.9300082360583,1.5,0.0
240,13,120000.0,63827.39620766559,38176.51786981689,0.004569855723229526,1.4999999999999996,-115196.69447593259,5435.917826813527,-15755.202095077126,1.5,0.0
240,13,120000.0,63194.39620766559,36103.21700911396,0.004569855723229526,1.4999999999999996,-117713.63970015156,9181.602024048258,-10178.721488544665,1.5,0.0
240,13,120000.0,77104.39620766559,31940.305786273544,0.004569855723229526,1.4999999999999996,-99249.87364284408,-67396.67195484233,1270.23129193028,1.5,0.0
240,13,120000.0,115388.39620766559,28261.918061231147,0.004569855723229526,1.4999999999999996,90768.2352030228,-74761.52433259568,11358.778177360038,1.5,0.0
240,13,120000.0,39975.39620766559,36077.65500854761,0.004569855723229526,1.4999999999999996,-42404.69474042489,110222.02607511899,-10109.210104653606,1.5,0.0
240,13,120000.0,115087.39620766559,38143.33526228358,0.004569855723229526,1.4999999999999996,87978.55622975943,-74645.00746239671,-15667.056164615627,1.5,0.0
240,13,120000.0,37004.39620766559,30779.209943293354,0.004569855723229526,1.4999999999999996,-26483.40227619963,116661.47243942125,4474.344995616227,1.5,0.0
240,13,120000.0,41819.39620766559,35131.08422229994,0.004569855723229526,1.4999999999999996,-52451.73774627332,106760.63401320441,-7525.148915910958,1.5,0.0
240,13,120000.0,70669.39620766559,30783.43474306089,0.004569855723229526,1.4999999999999996,-114820.81404421691,-33584.39272625793,4462.705954833616,1.5,0.0
240,13,120000.0,113820.39620766559,32051.593697892054,0.004569855723229526,1.4999999999999996,86552.13968092143,-83094.03708147207,962.7534259722463,1.5,0.0
240,13,120000.0,116154.39620766559,32803.5481552696,0.004569855723229526,1.4999999999999996,95376.46417315921,-72786.11725040096,-1115.1091579815782,1.5,0.0
240,13,120000.0,74215.39620766559,36866.7581871609,0.004569855723229526,1.4999999999999996,-105197.81040979989,-51658.59666144314,-12247.357812489665,1.5,0.0
